osm_id,attraction_name,category,raw_osm_tag,lat,lon,distance_km,query_type,reference_point,reference_state
node/1531670855,Lok Kawi Wildlife Park,Zoo / Wildlife Park,tourism=zoo,5.8494147,116.0692529,13.96,rural_region,Sabah_interior,Sabah
node/1718983790,Gold Minaret Sculpture,Public Art,tourism=artwork,5.9520355,116.0551233,3.18,rural_region,Sabah_interior,Sabah
node/2093140403,UMS Aquarium & Marine Museum,Aquarium,tourism=aquarium,6.0397962,116.1128811,8.49,rural_region,Sabah_interior,Sabah
node/2103857036,Monsopiad Culture Village,General Attraction,tourism=attraction,5.888988,116.07945,9.58,rural_region,Sabah_interior,Sabah
node/2105153637,Sabah State Museum & Heritage Village,Museum,tourism=museum,5.960551,116.0714545,1.6,rural_region,Sabah_interior,Sabah
node/2105153639,Upside Down House,General Attraction,tourism=attraction,6.144436,116.2541342,27.55,rural_region,Sabah_interior,Sabah
node/2110087376,Double Six Monument,Memorial,historic=memorial,5.9622337,116.0617713,1.83,rural_region,Sabah_interior,Sabah
node/2449610197,La Salle Wall of Fame,Memorial,historic=memorial,5.9536211,116.0520357,3.27,rural_region,Sabah_interior,Sabah
node/2453773636,Statue of St. John Baptist de La Salle,Monument,historic=monument,5.9530646,116.052539,3.27,rural_region,Sabah_interior,Sabah
node/2453808158,Stone boardwalk sunset viewpoint,Viewpoint / Scenic Spot,tourism=viewpoint,5.9602108,116.0520451,2.78,rural_region,Sabah_interior,Sabah
node/2789848838,Pantai UMS,Beach,natural=beach,6.0411477,116.1120265,8.57,rural_region,Sabah_interior,Sabah
node/2789862468,Universiti Malaysia Sabah Peak,Mountain / Peak,natural=peak,6.0425549,116.1194723,9.15,rural_region,Sabah_interior,Sabah
node/4210148013,Pusat Orkid,General Attraction,tourism=attraction,5.9616621,116.0717831,1.47,rural_region,Sabah_interior,Sabah
node/4210148112,Signal Hill Observatory Tower,Viewpoint / Scenic Spot,tourism=viewpoint,5.9856382,116.0791035,1.41,rural_region,Sabah_interior,Sabah
node/4225381289,SK,General Attraction,tourism=attraction,5.9691729,116.0890179,1.95,rural_region,Sabah_interior,Sabah
node/4638362840,Tugu Peringatan Perang Borneo Utara,Memorial,historic=memorial,5.9817102,116.0746698,0.8,rural_region,Sabah_interior,Sabah
node/4805082721,Fruits Market,General Attraction,tourism=attraction,6.0280412,116.4626065,43.55,rural_region,Sabah_interior,Sabah
node/5036890422,Point E,Viewpoint / Scenic Spot,tourism=viewpoint,6.0070347,116.0049659,8.27,rural_region,Sabah_interior,Sabah
node/5038194123,Bukit Kusai Trailhead,Viewpoint / Scenic Spot,tourism=viewpoint,6.1468835,116.2633744,28.49,rural_region,Sabah_interior,Sabah
node/5039133721,Heritage Village Phase II,General Attraction,tourism=attraction,5.9623154,116.0741848,1.41,rural_region,Sabah_interior,Sabah
node/5098778729,Kipandi Butterfly Park,Museum,tourism=museum,5.871446,116.250512,22.81,rural_region,Sabah_interior,Sabah
node/5104431184,To Mahua Waterfall,General Attraction,tourism=attraction,5.7609618,116.4432661,47.42,rural_region,Sabah_interior,Sabah
node/5134516133,Capernaum Garden,General Attraction,tourism=attraction,6.2213463,116.4398998,49.01,rural_region,Sabah_interior,Sabah
node/5135304123,Garden Hill Homestead(close2017),General Attraction,tourism=attraction,6.1393715,116.4485306,45.43,rural_region,Sabah_interior,Sabah
node/5159066077,Gunung Nungkok,Mountain / Peak,natural=peak,6.0952854,116.482751,47.31,rural_region,Sabah_interior,Sabah
node/5230863322,Marlin Statue,Public Art,tourism=artwork,5.9849554,116.0744749,1.14,rural_region,Sabah_interior,Sabah
node/5350580221,Polumpung Melangkap View Camp Site,Camp Site,tourism=camp_site,6.1661953,116.4800025,49.84,rural_region,Sabah_interior,Sabah
node/5352433021,Tamparuli Suspension Bridge,General Attraction,tourism=attraction,6.1349178,116.2680594,28.01,rural_region,Sabah_interior,Sabah
node/5360308421,Borneo Bayau,Camp Site,tourism=camp_site,6.1624203,116.4817426,49.83,rural_region,Sabah_interior,Sabah
node/5409304721,Graffiti house,Public Art,tourism=artwork,5.9866834,116.0781177,1.45,rural_region,Sabah_interior,Sabah
node/5505189926,Sunset,Viewpoint / Scenic Spot,tourism=viewpoint,5.9880251,116.0758938,1.51,rural_region,Sabah_interior,Sabah
node/5599041322,Rafflesia Information Centre,Viewpoint / Scenic Spot,tourism=viewpoint,5.7773622,116.3434394,37.17,rural_region,Sabah_interior,Sabah
node/5724789021,Zip Line,General Attraction,tourism=attraction,6.0128553,116.0081371,8.27,rural_region,Sabah_interior,Sabah
node/5755861722,Zipling Between Islands,General Attraction,tourism=attraction,6.012409,116.0085325,8.2,rural_region,Sabah_interior,Sabah
node/5791827853,Giant white pagoda and Chinese temple,General Attraction,tourism=attraction,5.9504665,116.0762069,2.75,rural_region,Sabah_interior,Sabah
node/5793172253,Great view of Mount Kinabalu,Viewpoint / Scenic Spot,tourism=viewpoint,6.0045271,116.2054637,15.08,rural_region,Sabah_interior,Sabah
node/5793172254,Stairs to great view of Mount Kinabalu,General Attraction,tourism=attraction,6.0034203,116.2065716,15.17,rural_region,Sabah_interior,Sabah
node/5798077109,阿里王 Aliwang,General Attraction,tourism=attraction,5.9762335,116.0721615,0.15,rural_region,Sabah_interior,Sabah
node/5864917286,kiulu river,General Attraction,tourism=attraction,6.0937442,116.2887651,27.33,rural_region,Sabah_interior,Sabah
node/6031078085,Ruins of 3rd oldest building in KK,General Attraction,tourism=attraction,5.9866799,116.0781487,1.46,rural_region,Sabah_interior,Sabah
node/6046961944,Mari Mari Cultural Village,Museum,tourism=museum,5.9737112,116.2038427,14.54,rural_region,Sabah_interior,Sabah
node/6056666688,Highest point,General Attraction,tourism=attraction,6.0198532,116.0219436,7.49,rural_region,Sabah_interior,Sabah
node/6057493685,Canopy Walk and Zip Lines,General Attraction,tourism=attraction,6.0297317,116.0145045,8.84,rural_region,Sabah_interior,Sabah
node/6057493785,Highest Point,General Attraction,tourism=attraction,6.0212557,116.0271726,7.18,rural_region,Sabah_interior,Sabah
node/6057494285,Chinese Temple,General Attraction,tourism=attraction,5.9754152,116.0889188,1.83,rural_region,Sabah_interior,Sabah
node/6139905085,RM5 Fee To Walk Around Perimeter,General Attraction,tourism=attraction,5.9944765,116.1071963,4.42,rural_region,Sabah_interior,Sabah
node/6157715728,Roundbout Kuda,Monument,historic=monument,6.1741466,116.1984791,26.18,rural_region,Sabah_interior,Sabah
node/6223227885,Kokol Hill,Viewpoint / Scenic Spot,tourism=viewpoint,6.0042463,116.2048517,15.01,rural_region,Sabah_interior,Sabah
node/6487655209,Viewpoint of Mount Kinabalu (Popular),Viewpoint / Scenic Spot,tourism=viewpoint,6.0275681,116.4642189,43.72,rural_region,Sabah_interior,Sabah
node/6522457285,Start of Bukit Pureha Hiking Trail,General Attraction,tourism=attraction,6.1314522,116.2740308,28.29,rural_region,Sabah_interior,Sabah
node/6732309943,Sinurambi Tower,Viewpoint / Scenic Spot,tourism=viewpoint,5.6507712,116.3722072,48.98,rural_region,Sabah_interior,Sabah
node/6743483603,Bukit Gaya,Mountain / Peak,natural=peak,6.0004721,116.0428596,4.33,rural_region,Sabah_interior,Sabah
node/6743483604,Bukit Giling,Mountain / Peak,natural=peak,6.1009218,116.2158091,21.16,rural_region,Sabah_interior,Sabah
node/6743506696,Bukit Laman,Mountain / Peak,natural=peak,6.2517123,116.2835098,38.63,rural_region,Sabah_interior,Sabah
node/6743506720,Bukit Sungoi,Mountain / Peak,natural=peak,5.8713341,116.4055526,38.6,rural_region,Sabah_interior,Sabah
node/6743556395,Bukit Suyaang,Mountain / Peak,natural=peak,5.9764019,116.338049,29.38,rural_region,Sabah_interior,Sabah
node/6743556396,Bukit Padang,Mountain / Peak,natural=peak,5.9466992,116.115354,5.69,rural_region,Sabah_interior,Sabah
node/6743556397,Signal Hill,Mountain / Peak,natural=peak,5.9861709,116.0801828,1.52,rural_region,Sabah_interior,Sabah
node/6744106326,Bukit Bongkok,Mountain / Peak,natural=peak,5.8588212,116.3177477,30.05,rural_region,Sabah_interior,Sabah
node/6744106327,Bukit Kelatuan,Mountain / Peak,natural=peak,5.6624049,115.9657283,36.7,rural_region,Sabah_interior,Sabah
node/7780818185,Lorong Jalan Kupang Kg Berungis Tuaran,General Attraction,tourism=attraction,6.1451318,116.2121614,24.44,rural_region,Sabah_interior,Sabah
node/9846488579,Arapaima Tank,General Attraction,tourism=attraction,5.9776888,116.0877818,1.73,rural_region,Sabah_interior,Sabah
node/9905879047,Kopungit,Mountain / Peak,natural=peak,5.9447674,116.0625554,3.52,rural_region,Sabah_interior,Sabah
node/9911763410,Tugu Peringatan Malaysian,Monument,historic=monument,5.9822415,116.0755446,0.89,rural_region,Sabah_interior,Sabah
node/9937154951,Tugu Peringatan Jambori Malaysia Ke-8 Tambunan Sabah,Monument,historic=monument,5.6694251,116.3658854,46.99,rural_region,Sabah_interior,Sabah
node/9939455765,Sompoton,Public Art,tourism=artwork,5.6677498,116.3664164,47.16,rural_region,Sabah_interior,Sabah
node/9939455792,Tugu Pahlawan Tambunan,Monument,historic=monument,5.6706261,116.3646589,46.8,rural_region,Sabah_interior,Sabah
node/10294253002,Cave of Japanese Era,Cave,natural=cave_entrance,5.9429425,116.0613634,3.76,rural_region,Sabah_interior,Sabah
node/10310260606,Japanese WWII Tunnel Entrance South,Cave,natural=cave_entrance,5.9459958,116.0631544,3.37,rural_region,Sabah_interior,Sabah
node/11117579239,Japanese WWII Tunnel Entrance North,Cave,natural=cave_entrance,5.9461348,116.063146,3.36,rural_region,Sabah_interior,Sabah
node/11184972637,Mount Kinabalu View,Viewpoint / Scenic Spot,tourism=viewpoint,6.1091962,116.4087469,40.08,rural_region,Sabah_interior,Sabah
node/11481844995,view to tambuan valley,Viewpoint / Scenic Spot,tourism=viewpoint,5.8136098,116.3427219,34.87,rural_region,Sabah_interior,Sabah
node/11505388077,view to kota kinabalu over kokol ridge,Viewpoint / Scenic Spot,tourism=viewpoint,5.9629753,116.2473099,19.39,rural_region,Sabah_interior,Sabah
node/11505499542,full coast view kota kinabalu to beaufort,Viewpoint / Scenic Spot,tourism=viewpoint,5.9559347,116.2435158,19.04,rural_region,Sabah_interior,Sabah
node/11505966945,kungkurad,Viewpoint / Scenic Spot,tourism=viewpoint,5.955927,116.2435979,19.05,rural_region,Sabah_interior,Sabah
node/11811723153,Hibiscus Sculpture,Public Art,tourism=artwork,5.9888519,116.0800735,1.77,rural_region,Sabah_interior,Sabah
node/11946865176,Tugu Peringatan Mat Salleh,Monument,historic=monument,5.7150779,116.3962118,46.02,rural_region,Sabah_interior,Sabah
node/12057272144,Kokol Hill,Mountain / Peak,natural=peak,6.0009938,116.2036147,14.8,rural_region,Sabah_interior,Sabah
node/12426235201,Brighton Bay - Firefly Cruise,General Attraction,tourism=attraction,5.7933867,116.0063218,21.47,rural_region,Sabah_interior,Sabah
node/13229776301,Green Nature hydroponic,Viewpoint / Scenic Spot,tourism=viewpoint,5.9675523,116.0870497,1.81,rural_region,Sabah_interior,Sabah
node/13700617783,Fire tower,Park / Green Space,leisure=park,5.7989543,116.0203129,20.39,rural_region,Sabah_interior,Sabah
node/13735874126,Kompinanam,Mountain / Peak,natural=peak,6.1956911,116.2488806,31.36,rural_region,Sabah_interior,Sabah
node/13738468049,Lamas,Mountain / Peak,natural=peak,6.2767424,116.2495458,38.86,rural_region,Sabah_interior,Sabah
node/13748599214,Bongalio,Mountain / Peak,natural=peak,6.0900855,116.2490952,23.36,rural_region,Sabah_interior,Sabah
node/13756690683,Bukit Locob,Mountain / Peak,natural=peak,6.0721625,116.1594558,14.48,rural_region,Sabah_interior,Sabah
node/13756690736,Lakau,Mountain / Peak,natural=peak,6.0766967,116.235888,21.33,rural_region,Sabah_interior,Sabah
node/13759030081,Sepanggar,Mountain / Peak,natural=peak,6.064225,116.0715973,9.93,rural_region,Sabah_interior,Sabah
node/13759043086,Lawa Mandau,Mountain / Peak,natural=peak,6.044434,116.2129176,17.36,rural_region,Sabah_interior,Sabah
way/132204226,Taman Ujana Rimba Tropika,Park / Green Space,leisure=park,5.9559612,116.0786271,2.22,rural_region,Sabah_interior,Sabah
way/201230557,Kota Kinabalu City Park,Park / Green Space,leisure=park,5.9811576,116.07447,0.73,rural_region,Sabah_interior,Sabah
way/201230558,Taman Chong Thien Vun,Park / Green Space,leisure=park,5.9802732,116.0749096,0.66,rural_region,Sabah_interior,Sabah
way/220865196,Sabah State Museum. Teknologi,Museum,tourism=museum,5.9614657,116.0709375,1.5,rural_region,Sabah_interior,Sabah
way/235447272,KKHS Shanghai Garden,Park / Green Space,leisure=park,5.9466099,116.0708796,3.15,rural_region,Sabah_interior,Sabah
way/235473335,Indah Permai Recreational Park,Park / Green Space,leisure=park,6.0594454,116.1537529,13.01,rural_region,Sabah_interior,Sabah
way/237071982,Tugu Pahlawan,Memorial,historic=memorial,5.9564642,116.0793653,2.19,rural_region,Sabah_interior,Sabah
way/237483014,Tun Mustapha Residential House,Heritage Site,historic=heritage,5.9522499,116.052662,3.33,rural_region,Sabah_interior,Sabah
way/238836123,Roll Call Area,Park / Green Space,leisure=park,5.9535148,116.0501937,3.42,rural_region,Sabah_interior,Sabah
way/240381828,Lingzhi Museum,Museum,tourism=museum,5.9212542,116.0694686,5.97,rural_region,Sabah_interior,Sabah
way/240476427,Sabah Islamic Civilization Museum,Museum,tourism=museum,5.9634169,116.0738803,1.29,rural_region,Sabah_interior,Sabah
way/240476642,Ecogarden,Museum,tourism=museum,5.9617341,116.0712748,1.47,rural_region,Sabah_interior,Sabah
way/240922113,State Mosque Park,Park / Green Space,leisure=park,5.9592365,116.0671303,1.84,rural_region,Sabah_interior,Sabah
way/289922329,Kota Kinabalu Wetland Centre,General Attraction,tourism=attraction,5.9874524,116.0892478,2.33,rural_region,Sabah_interior,Sabah
way/425402986,Pulau Tiga Park,Nature Reserve,leisure=nature_reserve,5.7349013,115.657865,53.05,rural_region,Sabah_interior,Sabah
way/469530302,Taman Peringatan Petagas,Memorial,historic=memorial,5.9211935,116.0544479,6.29,rural_region,Sabah_interior,Sabah
way/469530313,Papar Public Park,Park / Green Space,leisure=park,5.7336212,115.9324974,30.97,rural_region,Sabah_interior,Sabah
way/469530319,Lok Kawi Wildlife Park,Zoo / Wildlife Park,tourism=zoo,5.847471,116.0686703,14.18,rural_region,Sabah_interior,Sabah
way/469539309,Likas Bay Public Park,Park / Green Space,leisure=park,6.002105,116.1055063,4.75,rural_region,Sabah_interior,Sabah
way/469543112,Tanjung Dumpil Eatery Park,Park / Green Space,leisure=park,5.8575167,116.0437249,13.43,rural_region,Sabah_interior,Sabah
way/469550122,Suria Waterfront,Park / Green Space,leisure=park,5.9875603,116.076031,1.46,rural_region,Sabah_interior,Sabah
way/470449296,Taman Prima Sumundu Playground,Park / Green Space,leisure=park,5.9185868,116.1154554,7.87,rural_region,Sabah_interior,Sabah
way/470450868,Taman Prima Sumundu Phase 2 Playground,Park / Green Space,leisure=park,5.9195815,116.1136499,7.66,rural_region,Sabah_interior,Sabah
way/492705609,Papar River Front,Park / Green Space,leisure=park,5.7358199,115.9340045,30.68,rural_region,Sabah_interior,Sabah
way/492706491,Museum Area,Park / Green Space,leisure=park,5.9615496,116.0728163,1.49,rural_region,Sabah_interior,Sabah
way/499086161,Taman Kinabalu,Nature Reserve,leisure=nature_reserve,6.2473491,116.613429,67.05,rural_region,Sabah_interior,Sabah
way/546718274,Kingfisher II Park,Park / Green Space,leisure=park,6.0199134,116.122743,7.49,rural_region,Sabah_interior,Sabah
way/548823855,Tun Mustapha Gallery,Art Gallery,tourism=gallery,6.0167974,116.1096361,6.22,rural_region,Sabah_interior,Sabah
way/620516282,padang pantai bundusan,Park / Green Space,leisure=park,5.7632921,115.9389187,27.78,rural_region,Sabah_interior,Sabah
way/700079255,BDC Playground,Park / Green Space,leisure=park,5.970535,116.1175381,5.02,rural_region,Sabah_interior,Sabah
way/739020519,Donggongon Town Park,Park / Green Space,leisure=park,5.9120151,116.1032903,7.78,rural_region,Sabah_interior,Sabah
way/909914699,Menara Jam Atkinson,Monument,historic=monument,5.982188,116.0773118,0.98,rural_region,Sabah_interior,Sabah
way/1041210983,Ujana Park,Park / Green Space,leisure=park,6.0113724,116.1224343,6.86,rural_region,Sabah_interior,Sabah
way/1041210984,Kingfisher Park,Park / Green Space,leisure=park,6.0223833,116.1197629,7.44,rural_region,Sabah_interior,Sabah
way/1041210985,Millenium Park,Park / Green Space,leisure=park,6.0234045,116.1232845,7.79,rural_region,Sabah_interior,Sabah
way/1081423601,Lintasan Deasoka,Park / Green Space,leisure=park,5.9820076,116.0759906,0.88,rural_region,Sabah_interior,Sabah
way/1104876705,Double Six Gallery,Museum,tourism=museum,5.9619452,116.0623675,1.82,rural_region,Sabah_interior,Sabah
way/1225581356,Taman Kinanty Phase 2 Park,Park / Green Space,leisure=park,5.9537234,116.0875617,2.89,rural_region,Sabah_interior,Sabah
way/1272668965,De Borneo Water Park,Other (water_park),leisure=water_park,5.9201284,116.0693099,6.1,rural_region,Sabah_interior,Sabah
way/1462716358,Kokol Elf,Viewpoint / Scenic Spot,tourism=viewpoint,6.0240474,116.19413,14.53,rural_region,Sabah_interior,Sabah
way/1500328726,Pusat Kebudayaan Persatuan Rumpun Bajau Sama Sabah,General Attraction,tourism=attraction,6.165993,116.1864087,24.71,rural_region,Sabah_interior,Sabah
way/1500796918,Tuaran Ling San Temple,General Attraction,tourism=attraction,6.1745617,116.2340387,28.5,rural_region,Sabah_interior,Sabah
way/1508797492,retention pond,Park / Green Space,leisure=park,6.0479835,116.1314299,10.42,rural_region,Sabah_interior,Sabah
node/1070155611,Gunong Seraong;Gunung Seraung;Gunung Seraong,Mountain / Peak,natural=peak,1.1988011,110.1543598,45.52,rural_region,Sarawak_interior,Sarawak
node/1070164141,Gunung Raya,Mountain / Peak,natural=peak,1.4261332,109.9317712,49.57,rural_region,Sarawak_interior,Sarawak
node/1070164737,Gunung Jagui,Mountain / Peak,natural=peak,1.3409474,109.9625257,50.02,rural_region,Sarawak_interior,Sarawak
node/1070172308,Gunung Api,Mountain / Peak,natural=peak,1.2686921,110.0548943,46.32,rural_region,Sarawak_interior,Sarawak
node/1070188871,Gunung Seboi,Mountain / Peak,natural=peak,1.18949,110.1701365,45.59,rural_region,Sarawak_interior,Sarawak
node/1070190022,Gunung Sebuluh,Mountain / Peak,natural=peak,1.2270836,110.0750347,48.1,rural_region,Sarawak_interior,Sarawak
node/1184975272,Muzium Kucing,Museum,tourism=museum,1.5866837,110.3340284,4.65,rural_region,Sarawak_interior,Sarawak
node/1424328855,Annah Rais Longhouse,General Attraction,tourism=attraction,1.1561424,110.2653919,45.38,rural_region,Sarawak_interior,Sarawak
node/1556033127,Bukit Tambi,Mountain / Peak,natural=peak,1.7191369,110.4537495,21.22,rural_region,Sarawak_interior,Sarawak
node/1813341162,Makam Sultan Tengah,Memorial,historic=memorial,1.7192254,110.3254797,18.83,rural_region,Sarawak_interior,Sarawak
node/2064154295,Telok Pandan Besar Viewpoint,Viewpoint / Scenic Spot,tourism=viewpoint,1.7275571,110.4576157,22.25,rural_region,Sarawak_interior,Sarawak
node/2404332056,Bumbu Cooking Class,General Attraction,tourism=attraction,1.5580921,110.3467287,1.49,rural_region,Sarawak_interior,Sarawak
node/2404396149,Cat Statue,Public Art,tourism=artwork,1.556296,110.3544222,0.63,rural_region,Sarawak_interior,Sarawak
node/2415167359,Brooke Memorial,Memorial,historic=memorial,1.5599728,110.3451741,1.73,rural_region,Sarawak_interior,Sarawak
node/2424906213,Gunung Santubong,Mountain / Peak,natural=peak,1.7368773,110.3325372,20.63,rural_region,Sarawak_interior,Sarawak
node/2429906228,View Point 1,Viewpoint / Scenic Spot,tourism=viewpoint,1.7300644,110.3246743,20.03,rural_region,Sarawak_interior,Sarawak
node/2749205371,Heroes' Monument,Monument,historic=monument,1.553396,110.3442707,1.66,rural_region,Sarawak_interior,Sarawak
node/2749216785,Square Tower,Historic Ruins,historic=ruins,1.5602651,110.3455639,1.7,rural_region,Sarawak_interior,Sarawak
node/3386559566,Matang Wildlife Centre,General Attraction,tourism=attraction,1.608235,110.1608149,22.88,rural_region,Sarawak_interior,Sarawak
node/3457467259,Jambatan Sungai Duuh,Monument,historic=monument,1.363662,110.4038584,21.66,rural_region,Sarawak_interior,Sarawak
node/3457467263,Jambatan Sungai Simpang Endap,Monument,historic=monument,1.3738231,110.3871143,20.2,rural_region,Sarawak_interior,Sarawak
node/3573629093,Admiral Zheng-He Statue,Monument,historic=monument,1.5156632,110.3664006,4.26,rural_region,Sarawak_interior,Sarawak
node/3592612107,Cat Statue,Public Art,tourism=artwork,1.5577429,110.3526296,0.88,rural_region,Sarawak_interior,Sarawak
node/3608357127,Band Stand Pavillion,Monument,historic=monument,1.5536759,110.3430645,1.79,rural_region,Sarawak_interior,Sarawak
node/3622853793,Sampan Monument,Monument,historic=monument,1.5661552,110.3857384,3.28,rural_region,Sarawak_interior,Sarawak
node/3670584385,Eight young orang utans in a wheel barrow,Public Art,tourism=artwork,1.5597574,110.3426026,1.98,rural_region,Sarawak_interior,Sarawak
node/3670584386,Orang utan dangling from a pipe,Public Art,tourism=artwork,1.5596639,110.3425985,1.98,rural_region,Sarawak_interior,Sarawak
node/3809849341,View Tower,Viewpoint / Scenic Spot,tourism=viewpoint,1.5887118,110.1918481,19.01,rural_region,Sarawak_interior,Sarawak
node/3917756527,Fairy Cave,Cave,natural=cave_entrance,1.3816802,110.1175201,32.95,rural_region,Sarawak_interior,Sarawak
node/3917756807,Wind Cave,Cave,natural=cave_entrance,1.4153945,110.1350465,29.26,rural_region,Sarawak_interior,Sarawak
node/4198286993,Cat artwork,Public Art,tourism=artwork,1.5576969,110.3469189,1.45,rural_region,Sarawak_interior,Sarawak
node/4227733032,Cat Statue,Public Art,tourism=artwork,1.5602301,110.3425438,2.01,rural_region,Sarawak_interior,Sarawak
node/4227733033,Cruise Boat Service,General Attraction,tourism=attraction,1.5594285,110.3467358,1.54,rural_region,Sarawak_interior,Sarawak
node/4332185093,Great Cat of Kuching,Public Art,tourism=artwork,1.5535158,110.3586904,0.06,rural_region,Sarawak_interior,Sarawak
node/4505704896,Mount Santubong Summit,Viewpoint / Scenic Spot,tourism=viewpoint,1.7316173,110.3319007,20.06,rural_region,Sarawak_interior,Sarawak
node/4795342621,Borneo Samariang Resort City,Other (water_park),leisure=water_park,1.674714,110.305695,14.75,rural_region,Sarawak_interior,Sarawak
node/4976803723,Orangutan feeding structure,General Attraction,tourism=attraction,1.4019503,110.3147458,17.54,rural_region,Sarawak_interior,Sarawak
node/4976827022,The Borneo House,Museum,tourism=museum,1.470055,110.3278178,9.89,rural_region,Sarawak_interior,Sarawak
node/4984367621,Kuching Waterfront Bazaar,General Attraction,tourism=attraction,1.5597518,110.3459012,1.64,rural_region,Sarawak_interior,Sarawak
node/5149398321,Sunset Point,Viewpoint / Scenic Spot,tourism=viewpoint,1.5604367,110.3416487,2.11,rural_region,Sarawak_interior,Sarawak
node/5168210221,Atelier Sarawak,General Attraction,tourism=attraction,1.5499193,110.3457653,1.54,rural_region,Sarawak_interior,Sarawak
node/5168210321,Kompleks Dewan Suarah Negeri,General Attraction,tourism=attraction,1.5474478,110.3436818,1.84,rural_region,Sarawak_interior,Sarawak
node/5168210322,SUPP Headquarters Kuching,General Attraction,tourism=attraction,1.5484759,110.3491146,1.24,rural_region,Sarawak_interior,Sarawak
node/5168368221,Sunday market (Satok Market),General Attraction,tourism=attraction,1.5548349,110.3222152,4.11,rural_region,Sarawak_interior,Sarawak
node/5169251503,Gunung Singai,Viewpoint / Scenic Spot,tourism=viewpoint,1.5045811,110.1645765,22.3,rural_region,Sarawak_interior,Sarawak
node/5247086921,Bomb Shelter,General Attraction,tourism=attraction,1.5494211,110.3471684,1.41,rural_region,Sarawak_interior,Sarawak
node/5261832021,Cultural Village Dropoff / Pickup Point,General Attraction,tourism=attraction,1.7501089,110.3155404,22.42,rural_region,Sarawak_interior,Sarawak
node/5508468324,streetart,Public Art,tourism=artwork,1.5595419,110.3427546,1.96,rural_region,Sarawak_interior,Sarawak
node/5511939223,Upside Down House Kuching,General Attraction,tourism=attraction,1.5576762,110.350903,1.04,rural_region,Sarawak_interior,Sarawak
node/5592515921,Upside down house kuching,General Attraction,tourism=attraction,1.5573739,110.3509548,1.02,rural_region,Sarawak_interior,Sarawak
node/5646996121,Pasar Malam Siniawan,General Attraction,tourism=attraction,1.4464226,110.2189762,19.6,rural_region,Sarawak_interior,Sarawak
node/5702439981,Gunung Serapi,Mountain / Peak,natural=peak,1.5846641,110.1935444,18.74,rural_region,Sarawak_interior,Sarawak
node/5774742854,"Barbed wire fence, waöl on tje right side of the fence at the gate to enter the beach",General Attraction,tourism=attraction,1.730468,110.313959,20.33,rural_region,Sarawak_interior,Sarawak
node/5774746855,Bishop's house,General Attraction,tourism=attraction,1.5567581,110.3465878,1.45,rural_region,Sarawak_interior,Sarawak
node/5774746860,Sarawak arboretum,General Attraction,tourism=attraction,1.3995557,110.3204738,17.63,rural_region,Sarawak_interior,Sarawak
node/5834331486,Longhouse Kampung Benuk,General Attraction,tourism=attraction,1.3082295,110.2934633,28.21,rural_region,Sarawak_interior,Sarawak
node/5913266685,Changing rooms,Nature Lodging,tourism=wilderness_hut,1.5974958,110.1800085,20.51,rural_region,Sarawak_interior,Sarawak
node/6068265385,Bridge Viewpoint,Viewpoint / Scenic Spot,tourism=viewpoint,1.5603027,110.3478203,1.49,rural_region,Sarawak_interior,Sarawak
node/6068265485,"Hot Spring, Thermal Baths",General Attraction,tourism=attraction,1.2538181,110.4508339,34.82,rural_region,Sarawak_interior,Sarawak
node/6095001093,Orang Utang Main Feeding Area,General Attraction,tourism=attraction,1.4003767,110.3159074,17.67,rural_region,Sarawak_interior,Sarawak
node/6124670587,carpenter street,Public Art,tourism=artwork,1.5582799,110.3458962,1.58,rural_region,Sarawak_interior,Sarawak
node/6155325386,Nice mural,Public Art,tourism=artwork,1.5548422,110.3568868,0.31,rural_region,Sarawak_interior,Sarawak
node/6453999086,civic center tower,Viewpoint / Scenic Spot,tourism=viewpoint,1.5489526,110.3430336,1.86,rural_region,Sarawak_interior,Sarawak
node/6583214186,Tanjung Rhu,Viewpoint / Scenic Spot,tourism=viewpoint,1.73778,110.4625704,23.51,rural_region,Sarawak_interior,Sarawak
node/6585559486,Ulu Assam,Viewpoint / Scenic Spot,tourism=viewpoint,1.7124248,110.4477469,20.25,rural_region,Sarawak_interior,Sarawak
node/6733069429,Gunung Spaoh,Mountain / Peak,natural=peak,1.1182275,110.3047661,48.75,rural_region,Sarawak_interior,Sarawak
node/6744618841,Bukit Sebatuh,Mountain / Peak,natural=peak,1.1089389,110.2952363,49.92,rural_region,Sarawak_interior,Sarawak
node/6744618844,Gunung Sinmajau,Mountain / Peak,natural=peak,1.1172409,110.437553,49.26,rural_region,Sarawak_interior,Sarawak
node/6744618845,Bukit Wan,Mountain / Peak,natural=peak,1.1177499,110.2760095,49.31,rural_region,Sarawak_interior,Sarawak
node/6744660481,Bukit Suka,Mountain / Peak,natural=peak,1.1229608,110.460838,49.17,rural_region,Sarawak_interior,Sarawak
node/6744660483,Bukit Semat,Mountain / Peak,natural=peak,1.1302418,110.2852727,47.75,rural_region,Sarawak_interior,Sarawak
node/6744670208,Gunung Semaong,Mountain / Peak,natural=peak,1.1334428,110.2049711,49.73,rural_region,Sarawak_interior,Sarawak
node/6745537221,Bukit Sebumbor,Mountain / Peak,natural=peak,1.1368415,110.3347871,46.39,rural_region,Sarawak_interior,Sarawak
node/6745537222,Gunung Merobung,Mountain / Peak,natural=peak,1.1379459,110.2576861,47.54,rural_region,Sarawak_interior,Sarawak
node/6745537223,Bukit Serap,Mountain / Peak,natural=peak,1.1383218,110.2894532,46.79,rural_region,Sarawak_interior,Sarawak
node/6745537224,Bukit Marui,Mountain / Peak,natural=peak,1.1391513,110.3133366,46.33,rural_region,Sarawak_interior,Sarawak
node/6745537225,Bukit Yok,Mountain / Peak,natural=peak,1.1396665,110.304511,46.39,rural_region,Sarawak_interior,Sarawak
node/6745537227,Gunung Pengis,Mountain / Peak,natural=peak,1.1415596,110.3598434,45.78,rural_region,Sarawak_interior,Sarawak
node/6745537228,Bukit Tembang,Mountain / Peak,natural=peak,1.1426092,110.2675744,46.79,rural_region,Sarawak_interior,Sarawak
node/6745537231,Bukit Jabeh,Mountain / Peak,natural=peak,1.1481307,110.3003831,45.52,rural_region,Sarawak_interior,Sarawak
node/6745643375,Gunong Stingun,Mountain / Peak,natural=peak,1.1511875,110.3559002,44.71,rural_region,Sarawak_interior,Sarawak
node/6745643376,Bukit Peyang,Mountain / Peak,natural=peak,1.1514891,110.4263137,45.3,rural_region,Sarawak_interior,Sarawak
node/6745643377,Gunung Menampun,Mountain / Peak,natural=peak,1.1531852,110.470597,46.18,rural_region,Sarawak_interior,Sarawak
node/6745643379,Gunung Setuang,Mountain / Peak,natural=peak,1.1579448,110.3660898,43.97,rural_region,Sarawak_interior,Sarawak
node/6745643380,Gunong Bigau,Mountain / Peak,natural=peak,1.1604523,110.4049275,43.98,rural_region,Sarawak_interior,Sarawak
node/6745643381,Bukit Sikinyi,Mountain / Peak,natural=peak,1.1589135,110.265563,45.07,rural_region,Sarawak_interior,Sarawak
node/6746346324,Gunung Dawan,Mountain / Peak,natural=peak,1.161524,110.3804293,43.63,rural_region,Sarawak_interior,Sarawak
node/6746346325,Bukit Sibahu,Mountain / Peak,natural=peak,1.1615241,110.3574824,43.56,rural_region,Sarawak_interior,Sarawak
node/6746346326,Gunung Dibung,Mountain / Peak,natural=peak,1.1624745,110.3646054,43.46,rural_region,Sarawak_interior,Sarawak
node/6746346328,Gunung Sekumbok,Mountain / Peak,natural=peak,1.1666657,110.3674959,43.0,rural_region,Sarawak_interior,Sarawak
node/6746346330,Gunung Pera,Mountain / Peak,natural=peak,1.1673346,110.4637983,44.46,rural_region,Sarawak_interior,Sarawak
node/6746346331,Gunung Buros,Mountain / Peak,natural=peak,1.1678136,110.4680185,44.54,rural_region,Sarawak_interior,Sarawak
node/6746346332,Gunung Setingung,Mountain / Peak,natural=peak,1.1679904,110.3797105,42.91,rural_region,Sarawak_interior,Sarawak
node/6746595604,Gunung Sebeli,Mountain / Peak,natural=peak,1.1694413,110.3761107,42.72,rural_region,Sarawak_interior,Sarawak
node/6746595607,Gunung Bayo,Mountain / Peak,natural=peak,1.1715914,110.3692587,42.46,rural_region,Sarawak_interior,Sarawak
node/6746595609,Gunung Jengat,Mountain / Peak,natural=peak,1.1736677,110.479531,44.28,rural_region,Sarawak_interior,Sarawak
node/6746781776,Gunung Rangu,Mountain / Peak,natural=peak,1.1748904,110.3898339,42.21,rural_region,Sarawak_interior,Sarawak
node/6746781777,Bukit Nambi,Mountain / Peak,natural=peak,1.1756543,110.4583289,43.41,rural_region,Sarawak_interior,Sarawak
node/6746781780,Bukit Tumbah,Mountain / Peak,natural=peak,1.1835154,110.545966,46.06,rural_region,Sarawak_interior,Sarawak
node/6746781782,Gunung Ridong,Mountain / Peak,natural=peak,1.1833533,110.2709246,42.29,rural_region,Sarawak_interior,Sarawak
node/6746781783,Gunung Beriku,Mountain / Peak,natural=peak,1.1848559,110.4242766,41.6,rural_region,Sarawak_interior,Sarawak
node/6746781784,Gunung Karasik,Mountain / Peak,natural=peak,1.186689,110.3919211,40.93,rural_region,Sarawak_interior,Sarawak
node/6746797085,Gunung Pengangun,Mountain / Peak,natural=peak,1.1866037,110.4120652,41.2,rural_region,Sarawak_interior,Sarawak
node/6746797086,Gunung Manok,Mountain / Peak,natural=peak,1.1904307,110.3006585,40.87,rural_region,Sarawak_interior,Sarawak
node/6746797088,Gunung Pait,Mountain / Peak,natural=peak,1.1920987,110.3120278,40.5,rural_region,Sarawak_interior,Sarawak
node/6746797089,Gunung Sanain,Mountain / Peak,natural=peak,1.1928135,110.4524638,41.4,rural_region,Sarawak_interior,Sarawak
node/6746797090,Gunung Biwan,Mountain / Peak,natural=peak,1.1932765,110.2960644,40.64,rural_region,Sarawak_interior,Sarawak
node/6746797091,Bukit Depan,Mountain / Peak,natural=peak,1.1942142,110.3806651,40.0,rural_region,Sarawak_interior,Sarawak
node/6746797092,Gunung Tebedik,Mountain / Peak,natural=peak,1.1945382,110.2907863,40.61,rural_region,Sarawak_interior,Sarawak
node/6746797093,Gunung Sereja,Mountain / Peak,natural=peak,1.1947246,110.3020147,40.38,rural_region,Sarawak_interior,Sarawak
node/6746797095,Gunung Sedong,Mountain / Peak,natural=peak,1.1976901,110.485542,41.96,rural_region,Sarawak_interior,Sarawak
node/6746797096,Gunung Mengetang,Mountain / Peak,natural=peak,1.1979502,110.2857549,40.35,rural_region,Sarawak_interior,Sarawak
node/6746913634,Gunung Riok,Mountain / Peak,natural=peak,1.1987286,110.448758,40.66,rural_region,Sarawak_interior,Sarawak
node/6746913635,Gunung Saraus,Mountain / Peak,natural=peak,1.2002433,110.2491546,41.12,rural_region,Sarawak_interior,Sarawak
node/6746913636,Gunung Besane,Mountain / Peak,natural=peak,1.2004984,110.2822729,40.15,rural_region,Sarawak_interior,Sarawak
node/6746913637,Gunung Angob,Mountain / Peak,natural=peak,1.2007458,110.2784027,40.22,rural_region,Sarawak_interior,Sarawak
node/6746972036,Gunung Menoeng,Mountain / Peak,natural=peak,1.2067279,110.2112816,41.9,rural_region,Sarawak_interior,Sarawak
node/6746972037,Gunung Meruga,Mountain / Peak,natural=peak,1.2065755,110.3100483,38.94,rural_region,Sarawak_interior,Sarawak
node/6750626241,Gunung Besemun,Mountain / Peak,natural=peak,1.2097313,110.34166,38.25,rural_region,Sarawak_interior,Sarawak
node/6750641926,Gunung Gayu,Mountain / Peak,natural=peak,1.2147742,110.3254971,37.83,rural_region,Sarawak_interior,Sarawak
node/6750641927,Gunung Besiring,Mountain / Peak,natural=peak,1.2148863,110.3011092,38.18,rural_region,Sarawak_interior,Sarawak
node/6750641928,Gunung Regu,Mountain / Peak,natural=peak,1.2151655,110.2920798,38.33,rural_region,Sarawak_interior,Sarawak
node/6750788276,Gunung Beri,Mountain / Peak,natural=peak,1.2173981,110.0864007,48.11,rural_region,Sarawak_interior,Sarawak
node/6750788278,Gunung Sibau,Mountain / Peak,natural=peak,1.2221042,110.4113527,37.28,rural_region,Sarawak_interior,Sarawak
node/6750788280,Gunung Braang,Mountain / Peak,natural=peak,1.2241151,110.2794961,37.66,rural_region,Sarawak_interior,Sarawak
node/6751145344,Gunung Sibekam,Mountain / Peak,natural=peak,1.231467,110.2762019,36.96,rural_region,Sarawak_interior,Sarawak
node/6751145348,Gunung Kayau,Mountain / Peak,natural=peak,1.2447287,110.272492,35.64,rural_region,Sarawak_interior,Sarawak
node/6752757498,Gunung Badu,Mountain / Peak,natural=peak,1.2579353,110.0723298,45.78,rural_region,Sarawak_interior,Sarawak
node/6752757500,Gunung Gumbang,Mountain / Peak,natural=peak,1.269739,110.0577335,46.01,rural_region,Sarawak_interior,Sarawak
node/6753602680,Gunung Kisam,Mountain / Peak,natural=peak,1.3168804,110.0428658,43.9,rural_region,Sarawak_interior,Sarawak
node/6757255842,Gunung Jagoi,Mountain / Peak,natural=peak,1.3618964,110.0384713,41.52,rural_region,Sarawak_interior,Sarawak
node/6757431174,Gunung Kawa,Mountain / Peak,natural=peak,1.3855908,110.1505364,29.76,rural_region,Sarawak_interior,Sarawak
node/6757718203,Gunung Serambu,Mountain / Peak,natural=peak,1.4201353,110.2246632,21.05,rural_region,Sarawak_interior,Sarawak
node/6757799006,Gunung Paku,Mountain / Peak,natural=peak,1.4327163,110.182936,23.74,rural_region,Sarawak_interior,Sarawak
node/6757936526,Gunung Undan,Mountain / Peak,natural=peak,1.4490574,109.9942272,42.19,rural_region,Sarawak_interior,Sarawak
node/6759009638,Bukit Kubur,Mountain / Peak,natural=peak,1.516919,110.7993455,49.09,rural_region,Sarawak_interior,Sarawak
node/6759185293,Gunung Moi,Mountain / Peak,natural=peak,1.5299959,110.1201394,26.7,rural_region,Sarawak_interior,Sarawak
node/6759185294,Gunung Berendang,Mountain / Peak,natural=peak,1.5282759,110.1707091,21.14,rural_region,Sarawak_interior,Sarawak
node/6759300598,Gunung Mekangau,Mountain / Peak,natural=peak,1.5530351,110.1839553,19.48,rural_region,Sarawak_interior,Sarawak
node/6759798552,Gunung Senibong,Mountain / Peak,natural=peak,1.5660115,109.9093581,50.02,rural_region,Sarawak_interior,Sarawak
node/6760093474,Gunong Batu Ajong,Mountain / Peak,natural=peak,1.5805767,110.1146285,27.35,rural_region,Sarawak_interior,Sarawak
node/6760093475,Gunung Kayan,Mountain / Peak,natural=peak,1.5793931,110.1704174,21.18,rural_region,Sarawak_interior,Sarawak
node/6760602817,Gunung Kuali Besar,Mountain / Peak,natural=peak,1.6418917,109.9690509,44.47,rural_region,Sarawak_interior,Sarawak
node/6761190142,Bukit Lasak,Mountain / Peak,natural=peak,1.651021,110.4904964,18.19,rural_region,Sarawak_interior,Sarawak
node/6761194346,Gunung Serenggok,Mountain / Peak,natural=peak,1.6536238,109.9831221,43.26,rural_region,Sarawak_interior,Sarawak
node/6811058878,Darul Sri Kenangan Holiday Home,Park / Green Space,leisure=park,1.4387729,110.4507598,16.3,rural_region,Sarawak_interior,Sarawak
node/6874457285,Water and Lightshow,General Attraction,tourism=attraction,1.560971,110.3470282,1.6,rural_region,Sarawak_interior,Sarawak
node/6900765547,Sumiran Eco Camp,Camp Site,tourism=camp_site,1.4811361,110.2809466,11.83,rural_region,Sarawak_interior,Sarawak
node/7030359781,Bukit Bukah,Mountain / Peak,natural=peak,1.2775972,110.4129118,31.23,rural_region,Sarawak_interior,Sarawak
node/7030375718,Derod Pendu,Mountain / Peak,natural=peak,1.3061922,110.3841866,27.62,rural_region,Sarawak_interior,Sarawak
node/8170033021,Tarat Gold Cup,Public Art,tourism=artwork,1.2056859,110.5343896,43.28,rural_region,Sarawak_interior,Sarawak
node/10108904311,Matang Family Park,Picnic / Recreation Site,tourism=picnic_site,1.6142578,110.1990247,19.05,rural_region,Sarawak_interior,Sarawak
node/10821558550,Tapah Recreation Park,Park / Green Space,leisure=park,1.2954744,110.4125698,29.28,rural_region,Sarawak_interior,Sarawak
node/11233615589,Taman Jubilee Mas,Park / Green Space,leisure=park,1.608116,110.2244446,16.17,rural_region,Sarawak_interior,Sarawak
node/11301292427,D-Virtual Park,Park / Green Space,leisure=park,1.4540902,110.4406251,14.27,rural_region,Sarawak_interior,Sarawak
node/11516267785,Blue Pool,Camp Site,tourism=camp_site,1.7672647,110.3219062,24.15,rural_region,Sarawak_interior,Sarawak
node/11752128379,Kuching Sign,General Attraction,tourism=attraction,1.5583334,110.3511543,1.06,rural_region,Sarawak_interior,Sarawak
node/11752128597,House painting,Public Art,tourism=artwork,1.5570721,110.3485229,1.26,rural_region,Sarawak_interior,Sarawak
node/11752135101,House painting (Hornbill bird),Public Art,tourism=artwork,1.5577192,110.348254,1.31,rural_region,Sarawak_interior,Sarawak
node/11752135103,House painting (Baby Orang-utan),Public Art,tourism=artwork,1.5571472,110.3477991,1.34,rural_region,Sarawak_interior,Sarawak
node/11752135416,House painting Michael Schuhmacher,Public Art,tourism=artwork,1.5569594,110.3543483,0.68,rural_region,Sarawak_interior,Sarawak
node/11752139828,Mural Art – Trading of Local Products,Public Art,tourism=artwork,1.5579911,110.3469679,1.46,rural_region,Sarawak_interior,Sarawak
node/11964204530,Bukit Simpok,Mountain / Peak,natural=peak,1.2420013,110.3626282,34.62,rural_region,Sarawak_interior,Sarawak
node/11964204531,Bukit Serumah-Semete,Mountain / Peak,natural=peak,1.2237489,110.332177,36.77,rural_region,Sarawak_interior,Sarawak
node/11977461256,Futsal Field Brigade Sarawak,Park / Green Space,leisure=park,1.5246557,110.2960934,7.7,rural_region,Sarawak_interior,Sarawak
node/11977490854,Ibu Pertiwi (Southeast Asia Tallest Flag Pole),Park / Green Space,leisure=park,1.5601699,110.3487927,1.39,rural_region,Sarawak_interior,Sarawak
node/11989505014,Taman Permainan,Park / Green Space,leisure=park,1.4620866,110.4376039,13.37,rural_region,Sarawak_interior,Sarawak
node/11989582216,Wadah Tautan,Park / Green Space,leisure=park,1.4597634,110.4496169,14.46,rural_region,Sarawak_interior,Sarawak
node/12022788683,Tegora,Mountain / Peak,natural=peak,1.293218,110.1442512,37.51,rural_region,Sarawak_interior,Sarawak
node/12330655255,Malihah Sentral,General Attraction,tourism=attraction,1.5547748,110.2548398,11.6,rural_region,Sarawak_interior,Sarawak
node/12671269040,Blue Pool,General Attraction,tourism=attraction,1.7672658,110.3217905,24.15,rural_region,Sarawak_interior,Sarawak
node/12850502061,Taman Tema Sentosa,Theme Park,tourism=theme_park,1.4634108,110.3370453,10.29,rural_region,Sarawak_interior,Sarawak
node/12987034978,Sungai Stabut,Other (water_park),leisure=water_park,1.2309634,110.3922724,36.03,rural_region,Sarawak_interior,Sarawak
node/13070093093,"Kiyau Campsite, Kampung Sapit, Padawan",Camp Site,tourism=camp_site,1.1788639,110.1981057,45.32,rural_region,Sarawak_interior,Sarawak
node/13070093094,Bungo Range,Camp Site,tourism=camp_site,1.2768997,110.171584,37.14,rural_region,Sarawak_interior,Sarawak
node/13289369358,Semenggoh Nature Reserve,Nature Reserve,leisure=nature_reserve,1.4019375,110.3144379,17.55,rural_region,Sarawak_interior,Sarawak
node/13312710908,Gunung Siburan,Mountain / Peak,natural=peak,1.3444038,110.3845021,23.4,rural_region,Sarawak_interior,Sarawak
node/13382546003,棺材洞,General Attraction,tourism=attraction,1.4242681,110.1899455,23.66,rural_region,Sarawak_interior,Sarawak
node/13394373012,刘公善邦神位,Memorial,historic=memorial,1.4490157,110.2068523,20.52,rural_region,Sarawak_interior,Sarawak
node/13406979086,观音娘娘雕像,Public Art,tourism=artwork,1.4460375,110.2175034,19.76,rural_region,Sarawak_interior,Sarawak
node/13535837801,Hokkien Garden,Park / Green Space,leisure=park,1.5512561,110.360663,0.28,rural_region,Sarawak_interior,Sarawak
node/13854914401,Taman Genesis Park,Park / Green Space,leisure=park,1.5182478,110.2476279,13.0,rural_region,Sarawak_interior,Sarawak
node/13889760856,Gunung Sawah,Mountain / Peak,natural=peak,1.3191548,110.2762127,27.62,rural_region,Sarawak_interior,Sarawak
node/13889760857,Gunung Sebayat,Mountain / Peak,natural=peak,1.3074634,110.2609455,29.44,rural_region,Sarawak_interior,Sarawak
node/13889760858,Gunung Berenas,Mountain / Peak,natural=peak,1.3174279,110.2581453,28.53,rural_region,Sarawak_interior,Sarawak
node/13889760859,Gunung Kebi,Mountain / Peak,natural=peak,1.3239278,110.2567506,27.93,rural_region,Sarawak_interior,Sarawak
node/13889760860,Gunung Rumbang,Mountain / Peak,natural=peak,1.2700829,110.2639389,33.22,rural_region,Sarawak_interior,Sarawak
node/13889760874,Gunung Tamugan,Mountain / Peak,natural=peak,1.2563211,110.2731764,34.38,rural_region,Sarawak_interior,Sarawak
node/13889774958,Gunung Bias,Mountain / Peak,natural=peak,1.3276819,110.3565717,25.09,rural_region,Sarawak_interior,Sarawak
node/13889774959,Gunung Jambu,Mountain / Peak,natural=peak,1.3390836,110.3602087,23.82,rural_region,Sarawak_interior,Sarawak
node/13889774960,Gunung Simboh,Mountain / Peak,natural=peak,1.354915,110.3580522,22.06,rural_region,Sarawak_interior,Sarawak
node/13889774961,Gunung Beti,Mountain / Peak,natural=peak,1.3570601,110.353117,21.83,rural_region,Sarawak_interior,Sarawak
node/13889774969,Gunung Bugai,Mountain / Peak,natural=peak,1.3469242,110.3356933,23.1,rural_region,Sarawak_interior,Sarawak
node/13889774970,Gunung Bah,Mountain / Peak,natural=peak,1.3441784,110.3242993,23.57,rural_region,Sarawak_interior,Sarawak
node/13889774972,Bukit Tedu,Mountain / Peak,natural=peak,1.3347503,110.3171003,24.75,rural_region,Sarawak_interior,Sarawak
node/13889774973,Gunung Siden,Mountain / Peak,natural=peak,1.3504477,110.2764326,24.36,rural_region,Sarawak_interior,Sarawak
node/13889774974,Gunung Kom,Mountain / Peak,natural=peak,1.3448648,110.2760947,24.95,rural_region,Sarawak_interior,Sarawak
node/13889774975,Bukit Agu,Mountain / Peak,natural=peak,1.3394375,110.2832937,25.23,rural_region,Sarawak_interior,Sarawak
node/13889775040,Gunung Machan,Mountain / Peak,natural=peak,1.3440604,110.2560586,25.94,rural_region,Sarawak_interior,Sarawak
node/13889775304,Bukit Punggu,Mountain / Peak,natural=peak,1.2831045,110.3514647,30.06,rural_region,Sarawak_interior,Sarawak
node/13889775305,Gunung Sandi,Mountain / Peak,natural=peak,1.3112497,110.342195,26.98,rural_region,Sarawak_interior,Sarawak
node/13889775306,Gunung Tapah,Mountain / Peak,natural=peak,1.3062514,110.335232,27.6,rural_region,Sarawak_interior,Sarawak
node/13889775307,Gunung Tupau,Mountain / Peak,natural=peak,1.2974345,110.3417444,28.52,rural_region,Sarawak_interior,Sarawak
node/13889775308,Gunung Pedok,Mountain / Peak,natural=peak,1.3189295,110.3213811,26.4,rural_region,Sarawak_interior,Sarawak
node/13889775309,Gunung Karang,Mountain / Peak,natural=peak,1.2974131,110.320673,28.77,rural_region,Sarawak_interior,Sarawak
node/13889775310,Bukit Ban-Ngong,Mountain / Peak,natural=peak,1.2810021,110.3083777,30.8,rural_region,Sarawak_interior,Sarawak
node/13889775311,Bukit Seburu,Mountain / Peak,natural=peak,1.2816028,110.2896774,31.18,rural_region,Sarawak_interior,Sarawak
node/13889775312,Gunung Tiryu,Mountain / Peak,natural=peak,1.2892184,110.2733588,30.88,rural_region,Sarawak_interior,Sarawak
node/13889775313,Gunung Sebukang,Mountain / Peak,natural=peak,1.2945492,110.268901,30.47,rural_region,Sarawak_interior,Sarawak
node/13889775314,Gunung Gigi,Mountain / Peak,natural=peak,1.3064659,110.2707302,29.16,rural_region,Sarawak_interior,Sarawak
node/13889775315,Gunung Sudan,Mountain / Peak,natural=peak,1.2987753,110.2731335,29.88,rural_region,Sarawak_interior,Sarawak
node/13889775410,Gunung Sebutan,Mountain / Peak,natural=peak,1.2738371,110.330286,31.24,rural_region,Sarawak_interior,Sarawak
node/13889775411,Gunung Kerupit,Mountain / Peak,natural=peak,1.2782133,110.3197717,30.9,rural_region,Sarawak_interior,Sarawak
node/13889778135,Gunung Niah,Mountain / Peak,natural=peak,1.2931012,110.3016615,29.63,rural_region,Sarawak_interior,Sarawak
node/13889778444,Gunung Tiang,Mountain / Peak,natural=peak,1.3146284,110.3041935,27.23,rural_region,Sarawak_interior,Sarawak
node/13889778445,Gunung Barau,Mountain / Peak,natural=peak,1.3166234,110.3012431,27.09,rural_region,Sarawak_interior,Sarawak
node/13889778446,Gunung Penyok,Mountain / Peak,natural=peak,1.3262768,110.2904498,26.38,rural_region,Sarawak_interior,Sarawak
node/13889778447,Gunung Powad,Mountain / Peak,natural=peak,1.3226514,110.2879608,26.84,rural_region,Sarawak_interior,Sarawak
node/13889778448,Gunung Pejawan,Mountain / Peak,natural=peak,1.3254295,110.2763522,26.96,rural_region,Sarawak_interior,Sarawak
node/13889778449,Gunung Rimo,Mountain / Peak,natural=peak,1.3182002,110.2824354,27.5,rural_region,Sarawak_interior,Sarawak
node/13889778655,Gunung Mebang,Mountain / Peak,natural=peak,1.333356,110.2675545,26.49,rural_region,Sarawak_interior,Sarawak
node/13889778656,Bukit Sebabu,Mountain / Peak,natural=peak,1.3297949,110.2633864,27.04,rural_region,Sarawak_interior,Sarawak
node/13889778747,Gunung Setaat,Mountain / Peak,natural=peak,1.3994804,110.2524269,20.82,rural_region,Sarawak_interior,Sarawak
node/13889779049,Bukit Sipaya Anyuh,Mountain / Peak,natural=peak,1.3814398,110.3535676,19.12,rural_region,Sarawak_interior,Sarawak
node/13889779050,Bukit Sua,Mountain / Peak,natural=peak,1.3864702,110.3552091,18.56,rural_region,Sarawak_interior,Sarawak
node/13889779909,Bukit Berinis,Mountain / Peak,natural=peak,1.3972924,110.3537178,17.36,rural_region,Sarawak_interior,Sarawak
node/13889779910,Bukit Sidarud,Mountain / Peak,natural=peak,1.3955119,110.3603267,17.55,rural_region,Sarawak_interior,Sarawak
node/13889779911,Bukit Muring,Mountain / Peak,natural=peak,1.3915005,110.4060745,18.73,rural_region,Sarawak_interior,Sarawak
node/13889780375,Bukit Rabang,Mountain / Peak,natural=peak,1.3865453,110.4471981,20.96,rural_region,Sarawak_interior,Sarawak
node/13889780458,Bukit Kuap,Mountain / Peak,natural=peak,1.4095625,110.3590929,15.98,rural_region,Sarawak_interior,Sarawak
node/13889780482,Bukit Setigang,Mountain / Peak,natural=peak,1.4386394,110.3783727,12.93,rural_region,Sarawak_interior,Sarawak
node/13889780821,Bukit Semud,Mountain / Peak,natural=peak,1.3497183,110.3952599,22.99,rural_region,Sarawak_interior,Sarawak
node/13889780822,Bukit Iring,Mountain / Peak,natural=peak,1.3518903,110.3939134,22.73,rural_region,Sarawak_interior,Sarawak
node/13889780827,Bukit Udur,Mountain / Peak,natural=peak,1.3578646,110.3910541,22.02,rural_region,Sarawak_interior,Sarawak
node/13889780828,Bukit Terumat,Mountain / Peak,natural=peak,1.3635707,110.3781581,21.2,rural_region,Sarawak_interior,Sarawak
node/13889780829,Gunung Sibanyis,Mountain / Peak,natural=peak,1.3879718,110.3881788,18.66,rural_region,Sarawak_interior,Sarawak
node/13889780907,Bukit Kakad,Mountain / Peak,natural=peak,1.3807212,110.4032743,19.81,rural_region,Sarawak_interior,Sarawak
node/13889783834,Bukit Taya,Mountain / Peak,natural=peak,1.4872225,110.4358095,11.25,rural_region,Sarawak_interior,Sarawak
node/13891743751,Bukit Burung,Mountain / Peak,natural=peak,1.336992,110.4377782,25.59,rural_region,Sarawak_interior,Sarawak
way/69928034,Jalan India,General Attraction,tourism=attraction,1.5596241,110.3434733,1.88,rural_region,Sarawak_interior,Sarawak
way/102893404,Planetarium Sultan Iskandar,General Attraction,tourism=attraction,1.5479576,110.3447606,1.71,rural_region,Sarawak_interior,Sarawak
way/129018570,Muzium Sarawak,Museum,tourism=museum,1.5548004,110.3434605,1.76,rural_region,Sarawak_interior,Sarawak
way/142163335,Taman Negara Bako,Nature Reserve,leisure=nature_reserve,1.7207578,110.4825537,23.12,rural_region,Sarawak_interior,Sarawak
way/159782960,Taman Negara Santubong,Nature Reserve,leisure=nature_reserve,1.761846,110.3361437,23.33,rural_region,Sarawak_interior,Sarawak
way/166371084,Batu Kawa Recreational Park,Park / Green Space,leisure=park,1.5122957,110.3084333,7.25,rural_region,Sarawak_interior,Sarawak
way/177258366,Kampung Budaya Sarawak,Museum,tourism=museum,1.7497137,110.3169747,22.34,rural_region,Sarawak_interior,Sarawak
way/218568370,Sarawak Natural History Museum,Museum,tourism=museum,1.5555962,110.3437182,1.74,rural_region,Sarawak_interior,Sarawak
way/218568371,Sarawak Art Museum,Museum,tourism=museum,1.5551205,110.3438804,1.71,rural_region,Sarawak_interior,Sarawak
way/232399742,Kuching Park,Park / Green Space,leisure=park,1.5497924,110.3635419,0.62,rural_region,Sarawak_interior,Sarawak
way/233688501,Kuching Waterfront,General Attraction,tourism=attraction,1.5604667,110.3431324,1.96,rural_region,Sarawak_interior,Sarawak
way/233688826,Kuching Waterfront,General Attraction,tourism=attraction,1.5591236,110.3480995,1.39,rural_region,Sarawak_interior,Sarawak
way/233689473,Chinese History Museum,Museum,tourism=museum,1.5576861,110.3487511,1.26,rural_region,Sarawak_interior,Sarawak
way/237566177,Sarawak Botanical Garden,Park / Green Space,leisure=park,1.5653199,110.351901,1.56,rural_region,Sarawak_interior,Sarawak
way/243935144,Taman Perpaduan,Park / Green Space,leisure=park,1.5513352,110.3462872,1.45,rural_region,Sarawak_interior,Sarawak
way/268511372,Tasik Biru,General Attraction,tourism=attraction,1.4123874,110.1516473,27.89,rural_region,Sarawak_interior,Sarawak
way/291982214,Taman Permainan Batu Kawa,Park / Green Space,leisure=park,1.522359,110.3183284,5.7,rural_region,Sarawak_interior,Sarawak
way/351568320,Malaysia-China Friendship Park,Park / Green Space,leisure=park,1.5157218,110.3659842,4.25,rural_region,Sarawak_interior,Sarawak
way/352943807,Tabuan Desa Recreational Park,Park / Green Space,leisure=park,1.5278067,110.386752,4.17,rural_region,Sarawak_interior,Sarawak
way/353343807,Orchid Park,Park / Green Space,leisure=park,1.5662939,110.3480289,1.91,rural_region,Sarawak_interior,Sarawak
way/353344429,Astana,Historic Fort/Castle,historic=castle,1.5637683,110.3460467,1.87,rural_region,Sarawak_interior,Sarawak
way/355061625,Buntal Esplanade,Park / Green Space,leisure=park,1.6971445,110.3725951,16.06,rural_region,Sarawak_interior,Sarawak
way/355117202,Tebingan Telaga Air,Park / Green Space,leisure=park,1.6762527,110.2094097,21.54,rural_region,Sarawak_interior,Sarawak
way/355226399,Taman Muzium,Park / Green Space,leisure=park,1.5544108,110.3436904,1.73,rural_region,Sarawak_interior,Sarawak
way/356881558,Le'Park,Park / Green Space,leisure=park,1.5458552,110.3438285,1.9,rural_region,Sarawak_interior,Sarawak
way/356882100,Panggung Udara Kuching,Park / Green Space,leisure=park,1.54931,110.344541,1.69,rural_region,Sarawak_interior,Sarawak
way/356922173,Taman Lalu Lintas,Park / Green Space,leisure=park,1.5366092,110.3657142,1.99,rural_region,Sarawak_interior,Sarawak
way/356922213,Taman Rekreasi Kenyalang,Park / Green Space,leisure=park,1.536133,110.3665994,2.08,rural_region,Sarawak_interior,Sarawak
way/437404409,Sama Jaya Nature Reserve,Nature Reserve,leisure=nature_reserve,1.5198712,110.3878128,4.89,rural_region,Sarawak_interior,Sarawak
way/461264354,Taman Stutong Indah Park,Park / Green Space,leisure=park,1.5195675,110.3848912,4.71,rural_region,Sarawak_interior,Sarawak
way/470991731,Taman Ensing,Park / Green Space,leisure=park,1.5249471,110.31427,5.91,rural_region,Sarawak_interior,Sarawak
way/477279386,Taman Sri Wangi outdoor park,Park / Green Space,leisure=park,1.5728546,110.3177484,5.09,rural_region,Sarawak_interior,Sarawak
way/483575871,Wawasan Public Park,Park / Green Space,leisure=park,1.5060395,110.3272223,6.34,rural_region,Sarawak_interior,Sarawak
way/546992323,Jade Villa Park,Park / Green Space,leisure=park,1.4946551,110.3582837,6.52,rural_region,Sarawak_interior,Sarawak
way/547352139,Green Heights Park,Park / Green Space,leisure=park,1.5002803,110.3462808,6.07,rural_region,Sarawak_interior,Sarawak
way/547352632,"Small Park, Green Heights",Park / Green Space,leisure=park,1.4980658,110.3455082,6.33,rural_region,Sarawak_interior,Sarawak
way/548457577,Hui Sing Recreational Park,Park / Green Space,leisure=park,1.5149841,110.342141,4.66,rural_region,Sarawak_interior,Sarawak
way/568501299,Jambatan Darul Hana,General Attraction,tourism=attraction,1.5614035,110.3459573,1.73,rural_region,Sarawak_interior,Sarawak
way/634697570,Jambatan Darul Hana,General Attraction,tourism=attraction,1.560696,110.3454112,1.74,rural_region,Sarawak_interior,Sarawak
way/779037132,Jambatan Darul Hana,General Attraction,tourism=attraction,1.5608318,110.3452771,1.76,rural_region,Sarawak_interior,Sarawak
way/779315127,Jambatan Darul Hana,General Attraction,tourism=attraction,1.5609407,110.345575,1.74,rural_region,Sarawak_interior,Sarawak
way/779315128,Jambatan Darul Hana,General Attraction,tourism=attraction,1.5618299,110.3462294,1.73,rural_region,Sarawak_interior,Sarawak
way/820101772,Padang Sentral Simunjan,Park / Green Space,leisure=park,1.394433,110.7507988,46.98,rural_region,Sarawak_interior,Sarawak
way/835977953,Songket and Keringkam Gallery,Art Gallery,tourism=gallery,1.5567641,110.3426997,1.87,rural_region,Sarawak_interior,Sarawak
way/835977956,Borneo Cultures Museum,Museum,tourism=museum,1.5554755,110.3423288,1.89,rural_region,Sarawak_interior,Sarawak
way/935719085,Tabuan Laru Playground Park,Park / Green Space,leisure=park,1.5114057,110.3776928,5.09,rural_region,Sarawak_interior,Sarawak
way/961877543,MJC Mutira Recreation Park,Park / Green Space,leisure=park,1.5158669,110.3019049,7.61,rural_region,Sarawak_interior,Sarawak
way/1016170710,Jong's Crocodile Farm,General Attraction,tourism=attraction,1.3634815,110.4138311,21.96,rural_region,Sarawak_interior,Sarawak
way/1104443117,Taman Batu Paku,General Attraction,tourism=attraction,1.4264027,110.1921273,23.32,rural_region,Sarawak_interior,Sarawak
way/1164352263,Pasar Lama Teng Bukap,Heritage Site,historic=heritage,1.2077699,110.3653001,38.43,rural_region,Sarawak_interior,Sarawak
way/1216152676,Taman Berlian Stabil Park,Park / Green Space,leisure=park,1.4459473,110.4216955,13.81,rural_region,Sarawak_interior,Sarawak
way/1225004649,Taman Botani,Park / Green Space,leisure=park,1.398279,110.7486308,46.59,rural_region,Sarawak_interior,Sarawak
way/1225013253,Taman Permainan,Park / Green Space,leisure=park,1.3963514,110.7508676,46.9,rural_region,Sarawak_interior,Sarawak
way/1225566716,Durian Statue of Serian,Public Art,tourism=artwork,1.1743162,110.5658416,48.0,rural_region,Sarawak_interior,Sarawak
way/1226407341,Batu Kawa Riverbank Park,Park / Green Space,leisure=park,1.5081248,110.2685221,11.26,rural_region,Sarawak_interior,Sarawak
way/1291996527,Recreational Park Kota Padawan,Park / Green Space,leisure=park,1.4237675,110.3265776,14.85,rural_region,Sarawak_interior,Sarawak
way/1291997910,"Laman Samarahan, MPKS",Park / Green Space,leisure=park,1.4596309,110.4969275,18.52,rural_region,Sarawak_interior,Sarawak
way/1291998495,padang,Park / Green Space,leisure=park,1.4369844,110.3844107,13.23,rural_region,Sarawak_interior,Sarawak
way/1295757169,gelanggang futsal,Park / Green Space,leisure=park,1.3770427,110.5316855,27.42,rural_region,Sarawak_interior,Sarawak
way/1295764622,gelanggang bola sepak,Park / Green Space,leisure=park,1.3779683,110.5318606,27.36,rural_region,Sarawak_interior,Sarawak
way/1295765356,dewan serbaguna,Park / Green Space,leisure=park,1.3781989,110.5323155,27.38,rural_region,Sarawak_interior,Sarawak
way/1295781478,Gelanggang bola sepak kampung mang,Park / Green Space,leisure=park,1.3638301,110.5329616,28.58,rural_region,Sarawak_interior,Sarawak
way/1296797907,Padang Merdeka,Park / Green Space,leisure=park,1.5570549,110.3437072,1.77,rural_region,Sarawak_interior,Sarawak
way/1323740326,Kenyalang Statue,Public Art,tourism=artwork,1.5038877,110.3481674,5.63,rural_region,Sarawak_interior,Sarawak
way/1380588517,Taman In Ling Park,Park / Green Space,leisure=park,1.3994505,110.3404124,17.23,rural_region,Sarawak_interior,Sarawak
way/1494514637,Kampung Rebak Park,Park / Green Space,leisure=park,1.5584784,110.5897784,25.64,rural_region,Sarawak_interior,Sarawak
node/2553799658,Gunung Bieh,Mountain / Peak,natural=peak,5.0234825,101.4350505,37.61,rural_region,Kelantan,Kelantan
node/2553799659,Gunung Sepat,Mountain / Peak,natural=peak,5.0582969,101.4132666,38.66,rural_region,Kelantan,Kelantan
node/2553799662,Gunung Renayang,Mountain / Peak,natural=peak,4.8815707,101.7609667,29.87,rural_region,Kelantan,Kelantan
node/2553799663,Gunung Biol,Mountain / Peak,natural=peak,4.9393152,101.7539822,23.43,rural_region,Kelantan,Kelantan
node/2553799664,Gunung Rabong,Mountain / Peak,natural=peak,4.845965,102.0633617,48.45,rural_region,Kelantan,Kelantan
node/3265872970,Bukit Ulu Lalat,Mountain / Peak,natural=peak,4.9911128,101.8771998,22.6,rural_region,Kelantan,Kelantan
node/3265872991,Gunung Birut,Mountain / Peak,natural=peak,5.3294068,101.9470212,29.56,rural_region,Kelantan,Kelantan
node/4173309712,Gunung Ayam,Mountain / Peak,natural=peak,5.3436938,101.92994,29.34,rural_region,Kelantan,Kelantan
node/4173309713,Gunung Stong,Mountain / Peak,natural=peak,5.336259,101.9378793,29.36,rural_region,Kelantan,Kelantan
node/4611308218,Bukit Perjul,Mountain / Peak,natural=peak,4.983029,101.5044289,32.93,rural_region,Kelantan,Kelantan
node/4611308219,Bukit Suang,Mountain / Peak,natural=peak,5.0187107,101.579574,23.86,rural_region,Kelantan,Kelantan
node/5510129902,Bukit Beras,Mountain / Peak,natural=peak,4.7448082,101.9412014,49.79,rural_region,Kelantan,Kelantan
node/5510129907,Bukit Raya,Mountain / Peak,natural=peak,4.7526076,101.8212085,44.89,rural_region,Kelantan,Kelantan
node/5527775421,Pohon Beringin,Camp Site,tourism=camp_site,5.5162805,101.5708906,45.3,rural_region,Kelantan,Kelantan
node/6727470079,Gunung Noring Timur,Mountain / Peak,natural=peak,5.3577702,101.7876373,23.48,rural_region,Kelantan,Kelantan
node/6727526891,Gunung Anak Noring,Mountain / Peak,natural=peak,5.3977007,101.7387129,27.57,rural_region,Kelantan,Kelantan
node/6727743528,Gunung Saji,Mountain / Peak,natural=peak,5.3464665,101.9161256,28.56,rural_region,Kelantan,Kelantan
node/6727743529,Gunung Tera,Mountain / Peak,natural=peak,5.3477918,101.9044698,27.86,rural_region,Kelantan,Kelantan
node/6808346473,Gunung Chamah,Mountain / Peak,natural=peak,5.2272182,101.5739642,21.3,rural_region,Kelantan,Kelantan
node/6820519830,Batu Machang,Mountain / Peak,natural=peak,4.8505619,101.9580997,40.5,rural_region,Kelantan,Kelantan
node/8748658573,Bukit Kota,Mountain / Peak,natural=peak,5.3122019,102.0157921,34.52,rural_region,Kelantan,Kelantan
node/9280333201,Kem Sungai Agek,Mountain / Peak,natural=peak,5.1162253,101.4413274,34.39,rural_region,Kelantan,Kelantan
node/9280333208,Bukit Bongok,Mountain / Peak,natural=peak,5.1223004,101.4373201,34.77,rural_region,Kelantan,Kelantan
node/10945184997,Gua Cha,Cave,natural=cave_entrance,5.0176623,101.7706579,14.89,rural_region,Kelantan,Kelantan
node/11345678805,Gunung Baha,Mountain / Peak,natural=peak,5.345225,101.9361841,29.94,rural_region,Kelantan,Kelantan
node/11345837716,Baha Camp,Camp Site,tourism=camp_site,5.3417044,101.9667055,32.1,rural_region,Kelantan,Kelantan
node/11345843035,Gua Bogo,Cave,natural=cave_entrance,5.3386065,101.9510705,30.59,rural_region,Kelantan,Kelantan
node/11708852205,Gunung Gerah,Mountain / Peak,natural=peak,5.0167354,101.4453667,36.85,rural_region,Kelantan,Kelantan
node/11708852332,Gunung Bilah,Mountain / Peak,natural=peak,5.006248,101.4530151,36.57,rural_region,Kelantan,Kelantan
node/11708978472,Puncak Anak Chamah,Mountain / Peak,natural=peak,5.2019473,101.5643911,21.35,rural_region,Kelantan,Kelantan
node/11710486377,Gunung Ulu Sepat,Mountain / Peak,natural=peak,5.1398545,101.483379,29.55,rural_region,Kelantan,Kelantan
node/11710486817,Puncak Anak Ulu Sepat,Mountain / Peak,natural=peak,5.1720363,101.4901221,28.88,rural_region,Kelantan,Kelantan
node/11710669856,Pakma Camp,Camp Site,tourism=camp_site,5.1712029,101.5544388,21.79,rural_region,Kelantan,Kelantan
node/11710669859,Tengah Camp,Camp Site,tourism=camp_site,5.1789095,101.5545943,21.88,rural_region,Kelantan,Kelantan
node/11710669867,Kem Cinderella,Camp Site,tourism=camp_site,5.2065778,101.5701914,20.88,rural_region,Kelantan,Kelantan
node/11710693121,Tongkat Ali Camp,Camp Site,tourism=camp_site,5.1911958,101.5569828,21.86,rural_region,Kelantan,Kelantan
node/11711076489,Cha Cave,Cave,natural=cave_entrance,5.0103174,101.7600059,15.57,rural_region,Kelantan,Kelantan
node/11711195140,Kem Kulim,Camp Site,tourism=camp_site,5.1385508,101.437819,34.6,rural_region,Kelantan,Kelantan
node/11711195147,Kem Sungai Lenweng,Camp Site,tourism=camp_site,5.1244348,101.4571738,32.55,rural_region,Kelantan,Kelantan
node/11711195157,Kem Sungai Lepir,Camp Site,tourism=camp_site,5.1589816,101.4875914,29.08,rural_region,Kelantan,Kelantan
node/11711195158,Puncak View,Viewpoint / Scenic Spot,tourism=viewpoint,5.1789536,101.4926206,28.68,rural_region,Kelantan,Kelantan
node/11711195159,Kem Sempadan,Camp Site,tourism=camp_site,5.1867362,101.4949876,28.53,rural_region,Kelantan,Kelantan
node/11711195160,Kem Maggi,Camp Site,tourism=camp_site,5.185032,101.5011755,27.83,rural_region,Kelantan,Kelantan
node/11711253875,Kem Sungai Peres,Camp Site,tourism=camp_site,5.178068,101.5231159,25.32,rural_region,Kelantan,Kelantan
node/11713636248,Kem Goyang,Camp Site,tourism=camp_site,5.0148584,101.4487343,36.6,rural_region,Kelantan,Kelantan
node/11713636249,Puncak Gerah Palsu,Viewpoint / Scenic Spot,tourism=viewpoint,5.0321871,101.4607096,34.62,rural_region,Kelantan,Kelantan
node/11713636251,Kem Sarsi,Camp Site,tourism=camp_site,5.0322385,101.4606952,34.61,rural_region,Kelantan,Kelantan
node/11714851839,Puncak Lunch,Mountain / Peak,natural=peak,5.0567224,101.4632651,33.41,rural_region,Kelantan,Kelantan
node/11714851849,Kem Perodua,Camp Site,tourism=camp_site,5.0719914,101.454151,33.89,rural_region,Kelantan,Kelantan
node/11714851938,Kem Permatang,Camp Site,tourism=camp_site,5.1287893,101.4427435,34.11,rural_region,Kelantan,Kelantan
node/11715632854,Kem Relik,Camp Site,tourism=camp_site,5.1948727,101.4543629,33.12,rural_region,Kelantan,Kelantan
node/11715632856,Kem Agas,Camp Site,tourism=camp_site,5.2013049,101.4574045,32.9,rural_region,Kelantan,Kelantan
node/11715632857,Kem Agas,Camp Site,tourism=camp_site,5.198965,101.4652526,32.0,rural_region,Kelantan,Kelantan
node/11715632858,Puncak View,Viewpoint / Scenic Spot,tourism=viewpoint,5.194659,101.4742541,30.94,rural_region,Kelantan,Kelantan
node/11715695512,Kem Junction,Camp Site,tourism=camp_site,5.1463166,101.4817724,29.71,rural_region,Kelantan,Kelantan
node/11715813258,Kem Batu Besar,Camp Site,tourism=camp_site,5.1834506,101.4377251,34.78,rural_region,Kelantan,Kelantan
node/11715864093,Kem Cengkerik,Camp Site,tourism=camp_site,5.1935745,101.4793906,30.36,rural_region,Kelantan,Kelantan
node/12206958486,Gunung Basur,Mountain / Peak,natural=peak,5.5031595,101.7467391,39.27,rural_region,Kelantan,Kelantan
node/12207355154,Gunung Kob,Mountain / Peak,natural=peak,5.3383367,101.9440296,30.0,rural_region,Kelantan,Kelantan
node/12207360232,Gunung Nyalit,Mountain / Peak,natural=peak,5.335837,101.9321769,28.88,rural_region,Kelantan,Kelantan
node/12207360233,Gunung Che Tahir,Mountain / Peak,natural=peak,5.3572868,101.9313401,30.57,rural_region,Kelantan,Kelantan
node/13067898217,Kem Batu,Camp Site,tourism=camp_site,5.2242946,101.588771,19.67,rural_region,Kelantan,Kelantan
node/13158592972,Bukit Kelau,Mountain / Peak,natural=peak,4.8569585,101.5373558,40.21,rural_region,Kelantan,Kelantan
node/13158592973,Bukit Pinjok,Mountain / Peak,natural=peak,4.780032,101.539067,47.31,rural_region,Kelantan,Kelantan
node/13158592975,Gunung Ayam,Mountain / Peak,natural=peak,4.8318946,101.718303,35.55,rural_region,Kelantan,Kelantan
node/13160019403,Bukit Tambun,Mountain / Peak,natural=peak,4.7617579,101.6011,46.21,rural_region,Kelantan,Kelantan
node/13160019404,Bukit Renon,Mountain / Peak,natural=peak,4.7948,101.5343,46.16,rural_region,Kelantan,Kelantan
node/13160019405,Bukit Panor,Mountain / Peak,natural=peak,4.7965478,101.5508384,45.07,rural_region,Kelantan,Kelantan
node/13160019407,Bukit Guhar,Mountain / Peak,natural=peak,4.7896,101.5618,45.17,rural_region,Kelantan,Kelantan
node/13282610785,Gunung Kasai,Mountain / Peak,natural=peak,5.3348403,101.5923936,26.96,rural_region,Kelantan,Kelantan
node/13282610815,Gunung Shoid,Mountain / Peak,natural=peak,5.276298,101.585078,23.04,rural_region,Kelantan,Kelantan
node/13306175002,Gunung Stong,Viewpoint / Scenic Spot,tourism=viewpoint,5.3412738,101.9805762,33.23,rural_region,Kelantan,Kelantan
node/13459383642,Gunung Bujok,Mountain / Peak,natural=peak,4.9722308,101.3637029,47.13,rural_region,Kelantan,Kelantan
node/13470151904,Gunung Belatoh,Mountain / Peak,natural=peak,5.0816632,101.4096798,38.45,rural_region,Kelantan,Kelantan
node/13518302752,Murals,General Attraction,tourism=attraction,4.8842956,101.967144,38.1,rural_region,Kelantan,Kelantan
node/13784010587,Lata Kertas,Picnic / Recreation Site,tourism=picnic_site,5.2432782,101.9564559,25.11,rural_region,Kelantan,Kelantan
node/14159054496,Kem Sangkut,Camp Site,tourism=camp_site,5.4044886,101.7536042,28.3,rural_region,Kelantan,Kelantan
node/14159054624,Kem BCA,Camp Site,tourism=camp_site,5.4038769,101.7481982,28.23,rural_region,Kelantan,Kelantan
node/14159054910,Kem Sg Talang,Camp Site,tourism=camp_site,5.387257,101.7367861,26.42,rural_region,Kelantan,Kelantan
node/14159055078,Kem Toba,Camp Site,tourism=camp_site,5.387285,101.740281,26.41,rural_region,Kelantan,Kelantan
node/14159055201,Kem Jupem,Camp Site,tourism=camp_site,5.3828989,101.744488,25.9,rural_region,Kelantan,Kelantan
node/14159055293,Puncak 1738,Mountain / Peak,natural=peak,5.3782581,101.747996,25.38,rural_region,Kelantan,Kelantan
node/14159055455,Kem Bonsai,Camp Site,tourism=camp_site,5.3706311,101.7515144,24.53,rural_region,Kelantan,Kelantan
node/14159056360,Kem Kesal,Camp Site,tourism=camp_site,5.3835305,101.7786346,26.16,rural_region,Kelantan,Kelantan
node/14159056524,Kem Y,Camp Site,tourism=camp_site,5.394997,101.7788431,27.43,rural_region,Kelantan,Kelantan
node/14159056853,Kem Sup Sakai,Camp Site,tourism=camp_site,5.4119373,101.7854507,29.39,rural_region,Kelantan,Kelantan
way/535183344,Taman Tasik Ketitir,Park / Green Space,leisure=park,4.8653787,101.9559393,39.01,rural_region,Kelantan,Kelantan
way/1304253593,Kubur Datu Campsite,Camp Site,tourism=camp_site,5.5157374,101.8928714,43.64,rural_region,Kelantan,Kelantan
way/1467541959,The Dome @ Gua Musang,Camp Site,tourism=camp_site,4.8266142,101.9640629,43.07,rural_region,Kelantan,Kelantan
node/1744971593,Tok Jembal beach,Picnic / Recreation Site,tourism=picnic_site,5.3956796,103.1065626,33.51,rural_region,Terengganu,Terengganu
node/1822857195,Muzium Negeri Terengganu,Museum,tourism=museum,5.3185729,103.1021128,25.44,rural_region,Terengganu,Terengganu
node/2627860041,Taman Herba,General Attraction,tourism=attraction,5.0744647,102.8112145,21.36,rural_region,Terengganu,Terengganu
node/2628395314,Gua Bewah,Cave,natural=cave_entrance,4.8513812,102.7237808,42.27,rural_region,Terengganu,Terengganu
node/2628395315,Gua Taat,Cave,natural=cave_entrance,4.8434908,102.7215236,43.05,rural_region,Terengganu,Terengganu
node/3888665861,Pantai Peranginan Kelulut,Picnic / Recreation Site,tourism=picnic_site,5.1667649,103.2325902,26.43,rural_region,Terengganu,Terengganu
node/4118186945,Taman Rekreasi Pantai Teluk Ketapang,Park / Green Space,leisure=park,5.378119,103.1188773,32.22,rural_region,Terengganu,Terengganu
node/4301895889,Longsha Campsite,Camp Site,tourism=camp_site,5.2147081,103.2632937,31.25,rural_region,Terengganu,Terengganu
node/4305589392,Turtle Alley,General Attraction,tourism=attraction,5.3319428,103.1322552,28.35,rural_region,Terengganu,Terengganu
node/4400605989,Bukit Singa,Viewpoint / Scenic Spot,tourism=viewpoint,5.2309163,103.2676139,32.38,rural_region,Terengganu,Terengganu
node/4423798510,Bukit Jerung,Mountain / Peak,natural=peak,5.1630354,103.1340169,15.83,rural_region,Terengganu,Terengganu
node/4577140892,Kebun,General Attraction,tourism=attraction,4.9909453,102.6141888,44.86,rural_region,Terengganu,Terengganu
node/4577140893,Campsite,General Attraction,tourism=attraction,5.0350214,102.6473442,40.03,rural_region,Terengganu,Terengganu
node/4577159591,Chergo,General Attraction,tourism=attraction,5.0442526,102.6694755,37.41,rural_region,Terengganu,Terengganu
node/4577160491,Air terjun berua,General Attraction,tourism=attraction,4.9514932,102.6786474,39.9,rural_region,Terengganu,Terengganu
node/4577160492,Berua,General Attraction,tourism=attraction,4.9941582,102.6616546,39.76,rural_region,Terengganu,Terengganu
node/4577205090,Lumut,General Attraction,tourism=attraction,5.0376144,102.637356,41.05,rural_region,Terengganu,Terengganu
node/4577205091,Jeti pulau bayas,General Attraction,tourism=attraction,5.0362549,102.7865235,25.16,rural_region,Terengganu,Terengganu
node/4578308694,Malong,General Attraction,tourism=attraction,4.9945313,102.7550642,30.19,rural_region,Terengganu,Terengganu
node/4578373589,Rumah hijau,General Attraction,tourism=attraction,4.9729536,102.7452735,32.26,rural_region,Terengganu,Terengganu
node/4578373590,Rumah merah,General Attraction,tourism=attraction,4.9867712,102.7335207,32.71,rural_region,Terengganu,Terengganu
node/4578373591,Leban khebat,General Attraction,tourism=attraction,5.0452235,102.7049949,33.55,rural_region,Terengganu,Terengganu
node/4623385518,Istana Syarqiyyah,General Attraction,tourism=attraction,5.2590708,103.1683394,24.68,rural_region,Terengganu,Terengganu
node/4708441190,Warisan Seni Ukir Kayu,Public Art,tourism=artwork,5.2183339,103.0870234,15.12,rural_region,Terengganu,Terengganu
node/4708469789,Halim's House,Viewpoint / Scenic Spot,tourism=viewpoint,5.2170399,103.0886515,15.12,rural_region,Terengganu,Terengganu
node/4920020821,Gem Island Resort,General Attraction,tourism=attraction,5.2321164,103.2624394,31.91,rural_region,Terengganu,Terengganu
node/4982226324,Makam DiRaja Bukit Keledang (Makam Sultan Zainal Abidin I),Monument,historic=monument,5.3302317,103.1333837,28.26,rural_region,Terengganu,Terengganu
node/5042522621,Harmony,Camp Site,tourism=camp_site,5.2230871,103.2619736,31.46,rural_region,Terengganu,Terengganu
node/5106735921,Bulatan Batu Bersurat Terengganu,Memorial,historic=memorial,5.3288014,103.146049,28.88,rural_region,Terengganu,Terengganu
node/5172897921,Water Front,General Attraction,tourism=attraction,5.3240704,103.1311442,27.54,rural_region,Terengganu,Terengganu
node/5492528024,small stealth campsite,Camp Site,tourism=camp_site,5.0796821,102.5814074,46.51,rural_region,Terengganu,Terengganu
node/5516058959,Pulau Kekabu,General Attraction,tourism=attraction,5.2146739,103.2056221,25.39,rural_region,Terengganu,Terengganu
node/5532370021,Kem Pengankap,Camp Site,tourism=camp_site,5.3848164,103.1141404,32.7,rural_region,Terengganu,Terengganu
node/5599569223,Terengganu China Town Gate,General Attraction,tourism=attraction,5.3320577,103.132512,28.38,rural_region,Terengganu,Terengganu
node/5599569224,Terengganu China Town Gate,General Attraction,tourism=attraction,5.3325422,103.1332853,28.47,rural_region,Terengganu,Terengganu
node/5599814522,Bukit Puteri,Viewpoint / Scenic Spot,tourism=viewpoint,5.3366111,103.137226,29.08,rural_region,Terengganu,Terengganu
node/5599832324,Terengganu China Town Street,General Attraction,tourism=attraction,5.3339393,103.1331529,28.6,rural_region,Terengganu,Terengganu
node/5618380424,Jungle Trekking,General Attraction,tourism=attraction,5.2135133,103.2636748,31.24,rural_region,Terengganu,Terengganu
node/5618380425,Loko Loko Camping,Camp Site,tourism=camp_site,5.222558,103.2616499,31.41,rural_region,Terengganu,Terengganu
node/5618380922,Coral Garden,General Attraction,tourism=attraction,5.2334658,103.2619909,31.93,rural_region,Terengganu,Terengganu
node/5618380923,Shark Point,General Attraction,tourism=attraction,5.2307135,103.2666523,32.27,rural_region,Terengganu,Terengganu
node/5618381424,Bat Cave,Cave,natural=cave_entrance,5.22751,103.2681018,32.28,rural_region,Terengganu,Terengganu
node/5618381427,Southern Reef,General Attraction,tourism=attraction,5.2083287,103.268847,31.58,rural_region,Terengganu,Terengganu
node/5618393121,Lost Reef,General Attraction,tourism=attraction,5.2357205,103.2600735,31.84,rural_region,Terengganu,Terengganu
node/5618393122,Octopus Reef,General Attraction,tourism=attraction,5.2366816,103.2617326,32.05,rural_region,Terengganu,Terengganu
node/5618394321,Thai Wreck,General Attraction,tourism=attraction,5.2370799,103.2660685,32.51,rural_region,Terengganu,Terengganu
node/5618401721,Shark Bay,General Attraction,tourism=attraction,5.2114835,103.2668114,31.49,rural_region,Terengganu,Terengganu
node/5631755621,Hostel R,Camp Site,tourism=camp_site,5.4780639,103.017618,40.57,rural_region,Terengganu,Terengganu
node/5636626522,Academic A,Camp Site,tourism=camp_site,5.4769959,103.0144825,40.44,rural_region,Terengganu,Terengganu
node/5839571188,art street,General Attraction,tourism=attraction,5.3312579,103.1357392,28.49,rural_region,Terengganu,Terengganu
node/5991600703,Bukit Besar,Mountain / Peak,natural=peak,5.3070715,103.134939,26.19,rural_region,Terengganu,Terengganu
node/6252877286,Traditional Boat Building,General Attraction,tourism=attraction,5.3331413,103.1270749,28.18,rural_region,Terengganu,Terengganu
node/6330125195,"Lubuk Mandi , Marang",General Attraction,tourism=attraction,5.2299793,103.1718312,23.01,rural_region,Terengganu,Terengganu
node/6330125198,Ship maker,General Attraction,tourism=attraction,5.3299669,103.1263312,27.83,rural_region,Terengganu,Terengganu
node/6418053485,Uptown Container,General Attraction,tourism=attraction,5.3986951,103.1034493,33.71,rural_region,Terengganu,Terengganu
node/6604351487,Street Art,Public Art,tourism=artwork,5.3348407,103.1347365,28.77,rural_region,Terengganu,Terengganu
node/6605271185,Street Art,Public Art,tourism=artwork,5.3313402,103.1321533,28.29,rural_region,Terengganu,Terengganu
node/6605271186,Street Art,Public Art,tourism=artwork,5.3307115,103.1332334,28.29,rural_region,Terengganu,Terengganu
node/6727595026,Gunung Gajah Trom,Mountain / Peak,natural=peak,4.9463973,102.8933753,22.03,rural_region,Terengganu,Terengganu
node/6727595027,Gunung Tembat,Mountain / Peak,natural=peak,5.2132463,102.6161,43.93,rural_region,Terengganu,Terengganu
node/6727679519,Gunung Bongsu,Mountain / Peak,natural=peak,5.2206224,102.6833816,37.03,rural_region,Terengganu,Terengganu
node/6727679521,Bukit Raung,Mountain / Peak,natural=peak,5.0156516,102.592789,46.4,rural_region,Terengganu,Terengganu
node/6733183060,Gunung Kapal,Mountain / Peak,natural=peak,5.2225156,102.8005122,25.19,rural_region,Terengganu,Terengganu
node/6733339788,Bukit Cergau,Mountain / Peak,natural=peak,5.0719615,102.7122472,32.2,rural_region,Terengganu,Terengganu
node/8752212417,Pantai Derdap,General Attraction,tourism=attraction,5.2271649,103.2650072,31.95,rural_region,Terengganu,Terengganu
node/8752214917,Pantai Batu Payung,General Attraction,tourism=attraction,5.2234545,103.2620474,31.49,rural_region,Terengganu,Terengganu
node/8752215119,Bat Cave - Gua Kelawar,Cave,natural=cave_entrance,5.2259902,103.2684461,32.25,rural_region,Terengganu,Terengganu
node/8889858572,Bukit Permaisuri,Mountain / Peak,natural=peak,5.0448837,102.6000845,44.95,rural_region,Terengganu,Terengganu
node/8890609571,Bukit Gua,Mountain / Peak,natural=peak,5.0774898,102.6131791,43.03,rural_region,Terengganu,Terengganu
node/8890687522,Bukit Lema,Mountain / Peak,natural=peak,5.0676739,102.6145953,42.99,rural_region,Terengganu,Terengganu
node/8897940941,Bukit Rek,Mountain / Peak,natural=peak,5.0423508,102.638365,40.83,rural_region,Terengganu,Terengganu
node/8904850899,Bukit Arung,Mountain / Peak,natural=peak,4.9327432,102.673856,41.35,rural_region,Terengganu,Terengganu
node/8914758531,Bukit Taat,Mountain / Peak,natural=peak,4.8371117,102.7182949,43.81,rural_region,Terengganu,Terengganu
node/8914790429,Batu Biwa,Mountain / Peak,natural=peak,4.8548365,102.7198613,42.32,rural_region,Terengganu,Terengganu
node/8922218890,Gunung Sarut,Mountain / Peak,natural=peak,5.3327872,102.7227795,39.2,rural_region,Terengganu,Terengganu
node/8927381418,Bukit Batu Kelikir,Mountain / Peak,natural=peak,5.2482729,102.749033,31.57,rural_region,Terengganu,Terengganu
node/8928506612,Bukit Pahlawan,Mountain / Peak,natural=peak,5.3346726,102.7677172,35.58,rural_region,Terengganu,Terengganu
node/8928529376,Bukit Lawit,Mountain / Peak,natural=peak,5.1631382,102.7727115,25.77,rural_region,Terengganu,Terengganu
node/8930193395,Bukit Teras,Mountain / Peak,natural=peak,5.3040324,102.7877483,31.64,rural_region,Terengganu,Terengganu
node/8930449028,Bukit Gendang Kera,Mountain / Peak,natural=peak,5.3745833,102.7972218,36.69,rural_region,Terengganu,Terengganu
node/8930522507,Bukit Kijal,Mountain / Peak,natural=peak,5.3646292,102.8020544,35.49,rural_region,Terengganu,Terengganu
node/8933165646,Bukit Aguh,Mountain / Peak,natural=peak,5.1731102,102.8087845,22.19,rural_region,Terengganu,Terengganu
node/8933323848,Bukit Kabung,Mountain / Peak,natural=peak,5.1946484,102.809549,22.94,rural_region,Terengganu,Terengganu
node/8933384257,Bukit Raung,Mountain / Peak,natural=peak,5.2442238,102.8114855,25.43,rural_region,Terengganu,Terengganu
node/8933604824,Bukit Tinggi,Mountain / Peak,natural=peak,5.3161705,102.8116196,30.7,rural_region,Terengganu,Terengganu
node/8935173671,Bukit Permatang Salak,Mountain / Peak,natural=peak,5.2126413,102.8242421,22.36,rural_region,Terengganu,Terengganu
node/8935651966,Bukit Kerung,Mountain / Peak,natural=peak,5.2957284,102.8383522,27.03,rural_region,Terengganu,Terengganu
node/8935658453,Bukit Batu Kutir,Mountain / Peak,natural=peak,5.1665272,102.8399195,18.68,rural_region,Terengganu,Terengganu
node/8935750363,Bukit Besar,Mountain / Peak,natural=peak,5.1088889,102.8480039,16.84,rural_region,Terengganu,Terengganu
node/8935795543,Bukit Kandang Gua,Mountain / Peak,natural=peak,5.1691631,102.8608166,16.61,rural_region,Terengganu,Terengganu
node/8935802762,Bukit Mual,Mountain / Peak,natural=peak,5.3557939,102.8595224,31.1,rural_region,Terengganu,Terengganu
node/8935824374,Bukit Jain,Mountain / Peak,natural=peak,5.1497914,102.867128,15.26,rural_region,Terengganu,Terengganu
node/8936099396,Bukit Capur,Mountain / Peak,natural=peak,5.1656996,102.8716263,15.35,rural_region,Terengganu,Terengganu
node/8936102921,Bukit Bawa,Mountain / Peak,natural=peak,5.2160647,102.8649258,18.8,rural_region,Terengganu,Terengganu
node/8941797507,Bukit Buluh Akar,Mountain / Peak,natural=peak,5.1725652,102.8846401,14.36,rural_region,Terengganu,Terengganu
node/8971720309,Bukit Keladi,Mountain / Peak,natural=peak,5.1200589,102.8964257,11.49,rural_region,Terengganu,Terengganu
node/8971736573,Bukit Panjang,Mountain / Peak,natural=peak,5.0982469,102.9006178,11.14,rural_region,Terengganu,Terengganu
node/8971891925,Bukit Tawang,Mountain / Peak,natural=peak,5.0696697,102.9018733,11.92,rural_region,Terengganu,Terengganu
node/8975053305,Bukit Cahat,Mountain / Peak,natural=peak,5.2157611,102.9056203,15.44,rural_region,Terengganu,Terengganu
node/8975149036,Bukit Keling Baik,Mountain / Peak,natural=peak,4.9442339,102.9133987,21.13,rural_region,Terengganu,Terengganu
node/8975157347,Bukit Jeneris,Mountain / Peak,natural=peak,5.151021,102.912873,10.51,rural_region,Terengganu,Terengganu
node/8976340343,Bukit Tangga Dua Belas,Mountain / Peak,natural=peak,5.2298056,102.9161453,15.91,rural_region,Terengganu,Terengganu
node/8976390858,Bukit Hulu Sat,Mountain / Peak,natural=peak,5.2005356,102.9165101,13.38,rural_region,Terengganu,Terengganu
node/8977292406,Bukit Tengek,Mountain / Peak,natural=peak,5.3628948,102.9206622,29.08,rural_region,Terengganu,Terengganu
node/8977355000,Bukit Tua,Mountain / Peak,natural=peak,5.1528268,102.9178834,10.09,rural_region,Terengganu,Terengganu
node/8977357769,Bukit Kedak,Mountain / Peak,natural=peak,5.1052426,102.9246962,8.39,rural_region,Terengganu,Terengganu
node/8977571550,Bukit Tanah Panjang,Mountain / Peak,natural=peak,5.1432312,102.9306883,8.35,rural_region,Terengganu,Terengganu
node/8977619125,Bukit Piatu,Mountain / Peak,natural=peak,5.1859188,102.930479,11.13,rural_region,Terengganu,Terengganu
node/8977708034,Bukit Sentul,Mountain / Peak,natural=peak,5.1736363,102.9369307,9.66,rural_region,Terengganu,Terengganu
node/8977714758,Bukit Belawan,Mountain / Peak,natural=peak,4.9691684,102.9356482,17.57,rural_region,Terengganu,Terengganu
node/8979315786,Bukit Beruk,Mountain / Peak,natural=peak,5.2051567,102.944684,11.88,rural_region,Terengganu,Terengganu
node/8979332464,Bukit Kepah,Mountain / Peak,natural=peak,5.1337369,102.9459822,6.39,rural_region,Terengganu,Terengganu
node/8979360348,Bukit Merang,Mountain / Peak,natural=peak,5.5353397,102.9470041,47.26,rural_region,Terengganu,Terengganu
node/8979404111,Bukit Jela,Mountain / Peak,natural=peak,5.174972,102.9487878,8.87,rural_region,Terengganu,Terengganu
node/8979461225,Bukit Anyit,Mountain / Peak,natural=peak,4.9999849,102.9477847,13.89,rural_region,Terengganu,Terengganu
node/8979617291,Bukit Bidung Darat,Mountain / Peak,natural=peak,5.4970442,102.9522318,42.96,rural_region,Terengganu,Terengganu
node/8979761811,Bukit Kolam,Mountain / Peak,natural=peak,5.2328987,102.9576874,14.07,rural_region,Terengganu,Terengganu
node/8979790810,Bukit Sang Rimau,Mountain / Peak,natural=peak,4.9822319,102.9563999,15.39,rural_region,Terengganu,Terengganu
node/8980033304,Bukit Kelayar,Mountain / Peak,natural=peak,4.9574132,102.9587415,17.96,rural_region,Terengganu,Terengganu
node/8980038272,Bukit Macang Gerehem,Mountain / Peak,natural=peak,5.1804001,102.9603535,8.63,rural_region,Terengganu,Terengganu
node/8980088067,Bukit Aceh,Mountain / Peak,natural=peak,5.1231044,102.9634649,4.18,rural_region,Terengganu,Terengganu
node/8980103352,Bukit Jari Meraga,Mountain / Peak,natural=peak,5.4319865,102.9651385,35.61,rural_region,Terengganu,Terengganu
node/8982520139,Bukit Nenas,Mountain / Peak,natural=peak,5.3767009,102.9743332,29.39,rural_region,Terengganu,Terengganu
node/8982522961,Bukit Kubang Gajah,Mountain / Peak,natural=peak,5.3266661,102.9754329,23.85,rural_region,Terengganu,Terengganu
node/8982550112,Bukit Tuman,Mountain / Peak,natural=peak,5.106378,102.9781902,2.55,rural_region,Terengganu,Terengganu
node/8982874906,Bukit Cengal,Mountain / Peak,natural=peak,5.1800314,102.9813606,7.67,rural_region,Terengganu,Terengganu
node/8982897336,Bukit Capang,Mountain / Peak,natural=peak,4.9822372,102.9806364,14.76,rural_region,Terengganu,Terengganu
node/8983024788,Bukit Pak Renek,Mountain / Peak,natural=peak,5.3338234,102.9817039,24.57,rural_region,Terengganu,Terengganu
node/8983209248,Bukit Sungai Seluang,Mountain / Peak,natural=peak,5.3151717,102.9831576,22.49,rural_region,Terengganu,Terengganu
node/8985197613,Bukit Kudung,Mountain / Peak,natural=peak,5.2091581,102.9877737,10.71,rural_region,Terengganu,Terengganu
node/8985283647,Bukit Batang Palas,Mountain / Peak,natural=peak,4.8749233,102.9882431,26.57,rural_region,Terengganu,Terengganu
node/8985635665,Bukit Pak Alang,Mountain / Peak,natural=peak,5.3541728,102.9899904,26.77,rural_region,Terengganu,Terengganu
node/8985639361,Bukit Gelugur,Mountain / Peak,natural=peak,5.2755098,102.9921005,18.02,rural_region,Terengganu,Terengganu
node/8985662510,Bukit Perah,Mountain / Peak,natural=peak,5.2791825,102.9908309,18.44,rural_region,Terengganu,Terengganu
node/8985914959,Bukit Kemuning,Mountain / Peak,natural=peak,5.0485478,102.9922216,7.28,rural_region,Terengganu,Terengganu
node/8985933989,Bukit Batu Hitam,Mountain / Peak,natural=peak,5.3519454,102.9968043,26.51,rural_region,Terengganu,Terengganu
node/8985971163,Bukit Medang,Mountain / Peak,natural=peak,5.4107267,102.9955346,33.04,rural_region,Terengganu,Terengganu
node/8986000970,Bukit Berapit,Mountain / Peak,natural=peak,5.2018256,102.9981879,9.81,rural_region,Terengganu,Terengganu
node/8986421546,Bukit Batu Dinding,Mountain / Peak,natural=peak,5.172235,102.9999601,6.52,rural_region,Terengganu,Terengganu
node/8986433496,Bukit Bayas,Mountain / Peak,natural=peak,5.2565087,103.000438,15.89,rural_region,Terengganu,Terengganu
node/8986456556,Bukit Tok Teluk,Mountain / Peak,natural=peak,5.0368705,103.0060536,8.56,rural_region,Terengganu,Terengganu
node/8986504609,Bukit Batu Setongkol,Mountain / Peak,natural=peak,5.3864758,103.0061514,30.35,rural_region,Terengganu,Terengganu
node/8987579520,Bukit Tok Uban,Mountain / Peak,natural=peak,5.4111589,103.006753,33.1,rural_region,Terengganu,Terengganu
node/8987585315,Bukit Ning,Mountain / Peak,natural=peak,5.1949296,103.0072606,9.08,rural_region,Terengganu,Terengganu
node/8987593639,Bukit Putat,Mountain / Peak,natural=peak,5.2717203,103.0079965,17.6,rural_region,Terengganu,Terengganu
node/8987648632,Bukit Alur Lesung,Mountain / Peak,natural=peak,5.0332451,103.0122103,9.04,rural_region,Terengganu,Terengganu
node/8989436126,Bukit Mohamad Diah,Mountain / Peak,natural=peak,5.4501798,103.0197759,37.49,rural_region,Terengganu,Terengganu
node/8989794816,Bukit Seraya,Mountain / Peak,natural=peak,5.331231,103.0256913,24.37,rural_region,Terengganu,Terengganu
node/8990294446,Bukit Kapur,Mountain / Peak,natural=peak,4.930018,103.028467,20.66,rural_region,Terengganu,Terengganu
node/8990333300,Bukit Balik Hidung,Mountain / Peak,natural=peak,5.0578076,103.0299754,7.04,rural_region,Terengganu,Terengganu
node/8990334396,Bukit Balak,Mountain / Peak,natural=peak,4.8994067,103.0326841,24.09,rural_region,Terengganu,Terengganu
node/8990340580,Bukit Jalin Kecil,Mountain / Peak,natural=peak,5.0383803,103.0312587,9.05,rural_region,Terengganu,Terengganu
node/8990364226,Bukit Jalin Besar,Mountain / Peak,natural=peak,5.0506223,103.0268695,7.61,rural_region,Terengganu,Terengganu
node/8990420757,Bukit Keratan,Mountain / Peak,natural=peak,5.0939413,103.0385675,4.8,rural_region,Terengganu,Terengganu
node/8992740835,Bukit Besar,Mountain / Peak,natural=peak,5.055448,103.0442637,8.11,rural_region,Terengganu,Terengganu
node/8992758684,Bukit Tanah Merah,Mountain / Peak,natural=peak,5.0623896,103.0599481,8.75,rural_region,Terengganu,Terengganu
node/8992804225,Bukit Kenanga,Mountain / Peak,natural=peak,5.1450259,103.0561213,7.13,rural_region,Terengganu,Terengganu
node/8992830842,Bukit Berangan,Mountain / Peak,natural=peak,5.3655505,103.0593949,28.78,rural_region,Terengganu,Terengganu
node/8992857198,Bukit Bayas,Mountain / Peak,natural=peak,5.3982201,103.0601819,32.34,rural_region,Terengganu,Terengganu
node/8995773558,Bukit Reming,Mountain / Peak,natural=peak,5.0446512,103.0670035,10.67,rural_region,Terengganu,Terengganu
node/8996158402,Bukit Buluh Nipis,Mountain / Peak,natural=peak,4.8160348,103.0698359,33.98,rural_region,Terengganu,Terengganu
node/8996204753,Bukit Bakung,Mountain / Peak,natural=peak,4.9763265,103.0704018,17.14,rural_region,Terengganu,Terengganu
node/8996353957,Bukit Laka,Mountain / Peak,natural=peak,4.985946,103.0737573,16.38,rural_region,Terengganu,Terengganu
node/8998007800,Bukit Ading,Mountain / Peak,natural=peak,4.9268642,103.0785048,22.51,rural_region,Terengganu,Terengganu
node/8998188791,Bukit Panglima Jawa,Mountain / Peak,natural=peak,5.0245455,103.0789715,13.21,rural_region,Terengganu,Terengganu
node/8998283574,Bukit Macang,Mountain / Peak,natural=peak,5.0143868,103.0801463,14.16,rural_region,Terengganu,Terengganu
node/8998441528,Bukit Ubi,Mountain / Peak,natural=peak,5.0371621,103.0922109,13.29,rural_region,Terengganu,Terengganu
node/8998449463,Bukit Talung,Mountain / Peak,natural=peak,4.7849287,103.0907464,37.9,rural_region,Terengganu,Terengganu
node/8998508985,Bukit Ringgu,Mountain / Peak,natural=peak,4.7216057,103.1014296,45.01,rural_region,Terengganu,Terengganu
node/8998531540,Bukit Datuk,Mountain / Peak,natural=peak,4.7522308,103.0993643,41.66,rural_region,Terengganu,Terengganu
node/9000664161,Bukit Kayu Kapur,Mountain / Peak,natural=peak,4.955035,103.1031919,21.01,rural_region,Terengganu,Terengganu
node/9000683377,Bukit Apit,Mountain / Peak,natural=peak,5.0883046,103.105005,11.97,rural_region,Terengganu,Terengganu
node/9000690743,Bukit Datu,Mountain / Peak,natural=peak,5.3320634,103.1035432,26.86,rural_region,Terengganu,Terengganu
node/9000885098,Bukit Hulu Padi,Mountain / Peak,natural=peak,4.9777186,103.1064244,19.16,rural_region,Terengganu,Terengganu
node/9000897404,Bukit Durian Tarus,Mountain / Peak,natural=peak,4.9973009,103.1061282,17.48,rural_region,Terengganu,Terengganu
node/9001309130,Bukit Melung,Mountain / Peak,natural=peak,4.796378,103.1082933,37.26,rural_region,Terengganu,Terengganu
node/9001376054,Bukit Jung,Mountain / Peak,natural=peak,4.988643,103.1088618,18.4,rural_region,Terengganu,Terengganu
node/9001643897,Bukit Megat Sulaiman,Mountain / Peak,natural=peak,5.1767929,103.1098237,14.05,rural_region,Terengganu,Terengganu
node/9001679894,Bukit Betung,Mountain / Peak,natural=peak,4.8328099,103.1109928,33.56,rural_region,Terengganu,Terengganu
node/9001701383,Bukit Tasik,Mountain / Peak,natural=peak,5.0693217,103.1168346,13.85,rural_region,Terengganu,Terengganu
node/9001701426,Bukit Jemeluk,Mountain / Peak,natural=peak,4.9156097,103.1111339,25.22,rural_region,Terengganu,Terengganu
node/9001715656,Bukit Gua Harimau,Mountain / Peak,natural=peak,4.6920352,103.1155015,48.59,rural_region,Terengganu,Terengganu
node/9004502761,Bukit Nangur,Mountain / Peak,natural=peak,5.022161,103.1207043,16.8,rural_region,Terengganu,Terengganu
node/9004547655,Bukit Wakaf,Mountain / Peak,natural=peak,5.1480214,103.1202864,13.86,rural_region,Terengganu,Terengganu
node/9004675918,Bukit Seraya,Mountain / Peak,natural=peak,5.1639819,103.1262482,15.06,rural_region,Terengganu,Terengganu
node/9006398357,Bukit Che Long,Mountain / Peak,natural=peak,5.320951,103.1372666,27.62,rural_region,Terengganu,Terengganu
node/9006458182,Bukit Temiang,Mountain / Peak,natural=peak,5.130598,103.1418827,15.83,rural_region,Terengganu,Terengganu
node/9006652588,Bukit Buluh,Mountain / Peak,natural=peak,5.2117838,103.1457183,19.48,rural_region,Terengganu,Terengganu
node/9006696462,Bukit Tok Johol,Mountain / Peak,natural=peak,5.17884,103.1422153,17.34,rural_region,Terengganu,Terengganu
node/9007541473,Bukit Jerat Samata,Mountain / Peak,natural=peak,5.1691273,103.1482905,17.55,rural_region,Terengganu,Terengganu
node/9007639374,Bukit Makar,Mountain / Peak,natural=peak,4.7131159,103.1530836,47.65,rural_region,Terengganu,Terengganu
node/9007643776,Bukit Betong,Mountain / Peak,natural=peak,4.7771399,103.1460321,40.76,rural_region,Terengganu,Terengganu
node/9007643777,Batu Tiga,Mountain / Peak,natural=peak,4.7682338,103.1518847,41.93,rural_region,Terengganu,Terengganu
node/9007651515,Bukit Bunut,Mountain / Peak,natural=peak,5.1598965,103.1513013,17.53,rural_region,Terengganu,Terengganu
node/9010551254,Bukit Batu Besi,Mountain / Peak,natural=peak,4.7669408,103.1661549,42.72,rural_region,Terengganu,Terengganu
node/9010561970,Bukit Bading,Mountain / Peak,natural=peak,5.0014224,103.1669319,22.3,rural_region,Terengganu,Terengganu
node/9053975413,Bukit Anak Ring,Mountain / Peak,natural=peak,5.2210103,103.1687538,22.18,rural_region,Terengganu,Terengganu
node/9053988153,Bukit Panji,Mountain / Peak,natural=peak,5.2534813,103.1678572,24.24,rural_region,Terengganu,Terengganu
node/9054125530,Bukit Seri,Mountain / Peak,natural=peak,5.0599849,103.1810348,20.92,rural_region,Terengganu,Terengganu
node/9054379783,Bukit Jetik,Mountain / Peak,natural=peak,5.0792946,103.1843299,20.77,rural_region,Terengganu,Terengganu
node/9054397454,Bukit Chendering,Mountain / Peak,natural=peak,5.2668631,103.1854494,26.69,rural_region,Terengganu,Terengganu
node/9056670903,Bukit Macang,Mountain / Peak,natural=peak,5.1549959,103.1950307,22.08,rural_region,Terengganu,Terengganu
node/9060616066,Bukit Kuing,Mountain / Peak,natural=peak,5.1477886,103.2035708,22.86,rural_region,Terengganu,Terengganu
node/9061674257,Bukit Che Sharif,Mountain / Peak,natural=peak,5.0830682,103.2083237,23.32,rural_region,Terengganu,Terengganu
node/9061982969,Bukit Buluh Nipis,Mountain / Peak,natural=peak,5.070041,103.2192725,24.76,rural_region,Terengganu,Terengganu
node/9066964122,Bukit Tekan Lutut,Mountain / Peak,natural=peak,4.998681,103.2255971,28.07,rural_region,Terengganu,Terengganu
node/9071091060,Bukit Tok Lima,Mountain / Peak,natural=peak,4.9649219,103.2346362,30.8,rural_region,Terengganu,Terengganu
node/9071131495,Bukit Padang Lalang,Mountain / Peak,natural=peak,5.0603106,103.2317716,26.35,rural_region,Terengganu,Terengganu
node/9084087261,Bukit Jejulung,Mountain / Peak,natural=peak,4.9955707,103.2730937,32.97,rural_region,Terengganu,Terengganu
node/9084100557,Bukit Serating,Mountain / Peak,natural=peak,5.0577831,103.2794773,31.57,rural_region,Terengganu,Terengganu
node/9088698457,Bukit Pintu Gerbang,Mountain / Peak,natural=peak,5.0503048,103.2839647,32.23,rural_region,Terengganu,Terengganu
node/9089368422,Bukit Keluang,Mountain / Peak,natural=peak,4.9657931,103.2888114,35.97,rural_region,Terengganu,Terengganu
node/9774012849,Kraftangan Malaysia,General Attraction,tourism=attraction,5.2728707,103.1654084,25.48,rural_region,Terengganu,Terengganu
node/11607264101,Albinos & Baby Turtle,General Attraction,tourism=attraction,5.2320767,103.2624164,31.91,rural_region,Terengganu,Terengganu
node/12078417614,Bukit Jong,Mountain / Peak,natural=peak,5.3590233,103.0300232,27.49,rural_region,Terengganu,Terengganu
node/12079708095,Bukit Darat Batu Rakit,Mountain / Peak,natural=peak,5.4281765,103.0243918,35.08,rural_region,Terengganu,Terengganu
node/12079708135,Bukit Maras,Mountain / Peak,natural=peak,5.4224486,103.0206093,34.42,rural_region,Terengganu,Terengganu
node/12079721134,Puncak 275,Mountain / Peak,natural=peak,5.4145047,103.024634,33.57,rural_region,Terengganu,Terengganu
node/12079721202,Puncak Dusun 50,Mountain / Peak,natural=peak,5.4179987,103.0220041,33.94,rural_region,Terengganu,Terengganu
node/12080963825,Bukit Setongkol,Mountain / Peak,natural=peak,5.3955858,103.0248284,31.48,rural_region,Terengganu,Terengganu
node/12081034262,Bukit Tamoh,Mountain / Peak,natural=peak,5.4355112,103.008027,35.81,rural_region,Terengganu,Terengganu
node/12081034263,Bukit Berapit,Mountain / Peak,natural=peak,5.4425817,103.0185413,36.64,rural_region,Terengganu,Terengganu
node/12081034264,Bukit Che Kamis,Mountain / Peak,natural=peak,5.4312282,103.0127048,35.35,rural_region,Terengganu,Terengganu
node/12082945601,Bukit Tok Salai,Mountain / Peak,natural=peak,5.2950238,103.0037784,20.18,rural_region,Terengganu,Terengganu
node/12084165188,Bukit Sepulau,Mountain / Peak,natural=peak,5.1524314,102.925415,9.32,rural_region,Terengganu,Terengganu
node/12084172270,Bukit Melentang,Mountain / Peak,natural=peak,5.2623808,102.9481467,17.51,rural_region,Terengganu,Terengganu
node/12085203207,Bukit Mak Muning,Mountain / Peak,natural=peak,5.3354631,102.7521229,36.91,rural_region,Terengganu,Terengganu
node/12085469678,Kem Bonsai,Camp Site,tourism=camp_site,5.3306761,102.7319795,38.26,rural_region,Terengganu,Terengganu
node/12085469679,Hentian Nokia,Camp Site,tourism=camp_site,5.3370414,102.7404466,37.99,rural_region,Terengganu,Terengganu
node/12087576739,Bukit Botok,Viewpoint / Scenic Spot,tourism=viewpoint,5.3037811,103.135078,25.9,rural_region,Terengganu,Terengganu
node/12088140236,Bukit Tobak,Mountain / Peak,natural=peak,5.3061848,103.137154,26.25,rural_region,Terengganu,Terengganu
node/13013877872,Taman Rekreasi Bukit Besi,General Attraction,tourism=attraction,4.7338003,103.1952305,47.45,rural_region,Terengganu,Terengganu
node/13202081780,Kem Pak Chau,Camp Site,tourism=camp_site,4.7928189,102.7024859,48.56,rural_region,Terengganu,Terengganu
node/13277593886,Kampung Cina Bridge,General Attraction,tourism=attraction,5.3342451,103.1334099,28.64,rural_region,Terengganu,Terengganu
node/13378315339,Hutan Lipur Bukit Lesing,Picnic / Recreation Site,tourism=picnic_site,5.2884803,102.8768858,23.75,rural_region,Terengganu,Terengganu
node/13426178251,Sunset Viewpoint Pulau Ketam,Viewpoint / Scenic Spot,tourism=viewpoint,5.3270013,103.1166615,27.02,rural_region,Terengganu,Terengganu
node/13470177628,Istana Syarqiyyah,Historic Fort/Castle,historic=castle,5.2565519,103.1694899,24.6,rural_region,Terengganu,Terengganu
node/13511779672,Bukit Rotan Batu,Mountain / Peak,natural=peak,5.4331187,102.7769279,43.27,rural_region,Terengganu,Terengganu
node/13511781651,Bukit Tinggi,Mountain / Peak,natural=peak,5.4472383,102.8042006,42.97,rural_region,Terengganu,Terengganu
node/13512465001,Bukit Abai,Mountain / Peak,natural=peak,5.1518865,102.9932749,4.32,rural_region,Terengganu,Terengganu
node/13512465314,Bukit Bertam,Mountain / Peak,natural=peak,5.1453255,102.8863835,13.07,rural_region,Terengganu,Terengganu
node/13513194039,Bukit Tonggek,Mountain / Peak,natural=peak,5.1239198,103.0815253,9.1,rural_region,Terengganu,Terengganu
node/13514968583,248,Mountain / Peak,natural=peak,5.1047083,102.8677368,14.68,rural_region,Terengganu,Terengganu
node/13514968584,Bukit Jela,Mountain / Peak,natural=peak,5.1099038,102.8781356,13.5,rural_region,Terengganu,Terengganu
node/13514968735,Bukit Tongkot,Mountain / Peak,natural=peak,5.1197116,102.8592825,15.6,rural_region,Terengganu,Terengganu
node/13514969038,Bukit Tok Kanchong,Mountain / Peak,natural=peak,5.1279427,102.8823686,13.13,rural_region,Terengganu,Terengganu
node/13514970076,Bukit Keladi,Mountain / Peak,natural=peak,5.1268786,102.8962202,11.59,rural_region,Terengganu,Terengganu
node/13517883269,Bukit Ajil,Mountain / Peak,natural=peak,5.096047,103.1009951,11.35,rural_region,Terengganu,Terengganu
node/13517883315,Bukit Rotan Kong,Mountain / Peak,natural=peak,5.0797138,103.1202636,13.84,rural_region,Terengganu,Terengganu
node/13517883531,Bukit Perah,Mountain / Peak,natural=peak,5.0808133,103.0093467,3.79,rural_region,Terengganu,Terengganu
node/13526987051,Bukit Daun Lak,Mountain / Peak,natural=peak,4.9802438,102.9037642,18.26,rural_region,Terengganu,Terengganu
node/13526994863,Bukit Condong,Mountain / Peak,natural=peak,4.966,103.1217,21.24,rural_region,Terengganu,Terengganu
node/13526995808,Bukit Cetai,Mountain / Peak,natural=peak,4.9633174,102.9850931,16.79,rural_region,Terengganu,Terengganu
node/13526996431,Bukit Ribut,Mountain / Peak,natural=peak,4.936634,103.0092072,19.7,rural_region,Terengganu,Terengganu
node/13529935970,Bukit Lading,Mountain / Peak,natural=peak,5.0197788,103.1043935,15.57,rural_region,Terengganu,Terengganu
node/13529948985,Bukit Beruang,Mountain / Peak,natural=peak,4.9755,102.9903,15.39,rural_region,Terengganu,Terengganu
node/13531637142,Bukit Tok Gunung,Mountain / Peak,natural=peak,5.0463318,102.9051107,12.9,rural_region,Terengganu,Terengganu
node/13532088795,Batu Bersurat Terengganu,Memorial,historic=memorial,5.0590762,103.0066256,6.11,rural_region,Terengganu,Terengganu
node/13541638116,Bukit Kelebur,Mountain / Peak,natural=peak,4.9134598,102.6762914,42.2,rural_region,Terengganu,Terengganu
node/13544527444,Bukit Durian,Mountain / Peak,natural=peak,5.3880661,102.8161955,36.68,rural_region,Terengganu,Terengganu
node/13713368101,Elephant sanctuary,Zoo / Wildlife Park,tourism=zoo,5.0356486,102.5647551,48.98,rural_region,Terengganu,Terengganu
node/13922292859,Gunung Padang,Mountain / Peak,natural=peak,4.8488098,102.8672872,32.91,rural_region,Terengganu,Terengganu
node/13922293463,Kem Bonsai,Camp Site,tourism=camp_site,4.816166,102.8827381,35.53,rural_region,Terengganu,Terengganu
node/13922294335,Kem Sangkar Dua,Camp Site,tourism=camp_site,4.811324,102.9370686,34.33,rural_region,Terengganu,Terengganu
node/13922294843,Kem Ruan,Camp Site,tourism=camp_site,4.8219535,102.9787293,32.52,rural_region,Terengganu,Terengganu
way/361252959,Taman Rekreasi Hiliran,Park / Green Space,leisure=park,5.3124497,103.1322631,26.52,rural_region,Terengganu,Terengganu
way/472267542,Lagoon Park,Park / Green Space,leisure=park,5.2806314,103.1740516,26.77,rural_region,Terengganu,Terengganu
way/472267546,Taman Budaya Negeri Terengganu,Park / Green Space,leisure=park,5.2934558,103.1704534,27.5,rural_region,Terengganu,Terengganu
way/488841617,Rumah Warisan Haji Su,General Attraction,tourism=attraction,5.318769,103.1248704,26.68,rural_region,Terengganu,Terengganu
way/544807062,Pusat Sains & Kreativiti Terengganu,General Attraction,tourism=attraction,5.2695662,103.1516525,24.14,rural_region,Terengganu,Terengganu
way/558945282,MBKT Park,Park / Green Space,leisure=park,5.3377603,103.1393452,29.31,rural_region,Terengganu,Terengganu
way/625263433,Hutan Simpan Jambu Bongkok,Nature Reserve,leisure=nature_reserve,4.9118392,103.3599758,45.75,rural_region,Terengganu,Terengganu
way/754453392,Pusat Kokurikulum Negeri Terengganu (PusKoNT) Kuala Berang,Camp Site,tourism=camp_site,5.0587239,103.0468882,8.01,rural_region,Terengganu,Terengganu
way/785506286,Istana Maziah,Historic Fort/Castle,historic=castle,5.3361192,103.1374164,29.05,rural_region,Terengganu,Terengganu
way/841233923,Pantai Batu Buruk Park 1,Park / Green Space,leisure=park,5.3221159,103.1533525,28.74,rural_region,Terengganu,Terengganu
way/841622808,Taman Panorama,Park / Green Space,leisure=park,5.3228786,103.1376597,27.82,rural_region,Terengganu,Terengganu
way/856645118,Taman Awam Batu Burok,Park / Green Space,leisure=park,5.3219768,103.1538445,28.76,rural_region,Terengganu,Terengganu
way/875028822,Taman Tamadun Islam (Mini Islam),Park / Green Space,leisure=park,5.3214003,103.1169053,26.49,rural_region,Terengganu,Terengganu
way/1121156657,Padang New Zealand,Park / Green Space,leisure=park,5.4023619,103.0776188,33.24,rural_region,Terengganu,Terengganu
way/1160652804,UMT Botanical Garden,Park / Green Space,leisure=park,5.4115463,103.0866059,34.49,rural_region,Terengganu,Terengganu
way/1160653708,Community park,Park / Green Space,leisure=park,5.3533719,103.0770273,27.99,rural_region,Terengganu,Terengganu
way/1160797520,Community Park,Park / Green Space,leisure=park,5.3551486,103.0993224,29.02,rural_region,Terengganu,Terengganu
way/1161828313,photobooth,Park / Green Space,leisure=park,5.3994476,103.0780403,32.94,rural_region,Terengganu,Terengganu
way/1162292219,PADANG DEWAN PERDANA,Park / Green Space,leisure=park,5.3996425,103.0792637,33.0,rural_region,Terengganu,Terengganu
way/1166330322,PADANG BANGUNAN AKADEMIK,Park / Green Space,leisure=park,5.3981544,103.0780604,32.8,rural_region,Terengganu,Terengganu
way/1304400945,Menara Tinjau Bukit Maras,Viewpoint / Scenic Spot,tourism=viewpoint,5.422556,103.0216554,34.44,rural_region,Terengganu,Terengganu
way/1416125285,Muzium Bukit Besi,Museum,tourism=museum,4.7570171,103.184512,44.61,rural_region,Terengganu,Terengganu
way/1416125288,Stesen Crushing Plant,General Attraction,tourism=attraction,4.7502463,103.1784962,44.98,rural_region,Terengganu,Terengganu
way/1446691964,Taman Rekreasi Batu Buruk,Park / Green Space,leisure=park,5.3183934,103.1551473,28.53,rural_region,Terengganu,Terengganu
way/1447123169,Dataran Bandar Marang,Park / Green Space,leisure=park,5.2067395,103.2034209,24.79,rural_region,Terengganu,Terengganu
way/1473924278,Pusat Konservasi Tuntung Bukit Paloh,Nature Reserve,leisure=nature_reserve,5.0633791,102.9540879,7.55,rural_region,Terengganu,Terengganu
node/703657606,Muzium Darul Ridzuan,Museum,tourism=museum,4.6045255,101.0780409,1.92,rural_region,Perak_interior,Perak
node/1283644880,Pokok Getah Tertua Malaysia,General Attraction,tourism=attraction,4.7745105,100.941022,26.16,rural_region,Perak_interior,Perak
node/1447892292,Gunung Berembun,Mountain / Peak,natural=peak,4.4726113,101.4005761,36.89,rural_region,Perak_interior,Perak
node/1447892293,Gunung Jasar,Mountain / Peak,natural=peak,4.4781757,101.3609579,32.59,rural_region,Perak_interior,Perak
node/1447892640,Smaller mossy forest,Mountain / Peak,natural=peak,4.482412,101.3918495,35.6,rural_region,Perak_interior,Perak
node/1656860348,Vista Point,Viewpoint / Scenic Spot,tourism=viewpoint,4.6799686,101.0426293,11.1,rural_region,Perak_interior,Perak
node/1726755063,Cameron Highlands MARDI Agrotechnology Park,General Attraction,tourism=attraction,4.4675828,101.3847473,35.47,rural_region,Perak_interior,Perak
node/1726755078,Sungei Palas Boh Plantation Viewpoint,Viewpoint / Scenic Spot,tourism=viewpoint,4.5163774,101.4162496,37.12,rural_region,Perak_interior,Perak
node/1726755176,Agro Technology Park,General Attraction,tourism=attraction,4.467796,101.3844271,35.43,rural_region,Perak_interior,Perak
node/1989260765,Gunung Brinchang,Mountain / Peak,natural=peak,4.5174288,101.3830384,33.52,rural_region,Perak_interior,Perak
node/2431956410,Galeri Sultan Azlan Shah,Museum,tourism=museum,4.766341,100.9482084,24.95,rural_region,Perak_interior,Perak
node/2553799646,Gunung Bubu,Mountain / Peak,natural=peak,4.7395724,101.3827078,36.34,rural_region,Perak_interior,Perak
node/2553799650,Gunung Chondong,Mountain / Peak,natural=peak,4.7451803,101.246004,24.25,rural_region,Perak_interior,Perak
node/2553799651,Gunung Swettenham,Mountain / Peak,natural=peak,4.5772039,101.4643414,41.51,rural_region,Perak_interior,Perak
node/2553799655,Gunung Suku,Mountain / Peak,natural=peak,4.5429429,101.3341578,27.6,rural_region,Perak_interior,Perak
node/2553799656,Gunung Chabang,Mountain / Peak,natural=peak,4.5380703,101.2677133,20.58,rural_region,Perak_interior,Perak
node/2553799657,Gunung Tangga,Mountain / Peak,natural=peak,4.6005499,101.535141,49.34,rural_region,Perak_interior,Perak
node/2636897613,Gunung Lang,General Attraction,tourism=attraction,4.6239258,101.0891956,3.54,rural_region,Perak_interior,Perak
node/2636898781,Loong Thow Ngam Temple,Cave,natural=cave_entrance,4.6316398,101.0875413,4.41,rural_region,Perak_interior,Perak
node/2638095412,Ling Sen Tong Temple 灵仙岩,General Attraction,tourism=attraction,4.5662997,101.1142034,3.92,rural_region,Perak_interior,Perak
node/2638098456,Sam Poh Tong 三宝洞,General Attraction,tourism=attraction,4.5637378,101.1154155,4.22,rural_region,Perak_interior,Perak
node/2647235739,广福岩,General Attraction,tourism=attraction,4.5174638,101.1386556,9.89,rural_region,Perak_interior,Perak
node/2647323697,Butterfly Garden,Zoo / Wildlife Park,tourism=zoo,4.5074649,101.4070967,36.38,rural_region,Perak_interior,Perak
node/2791832523,Kem Sg Pauh,Camp Site,tourism=camp_site,4.4801312,101.3844756,34.93,rural_region,Perak_interior,Perak
node/2802953763,Gunung Irau,Viewpoint / Scenic Spot,tourism=viewpoint,4.5289763,101.3651747,31.29,rural_region,Perak_interior,Perak
node/2854344984,Gopeng Museum,Museum,tourism=museum,4.4739699,101.1668145,15.65,rural_region,Perak_interior,Perak
node/2854344985,Gopeng Museum - Heritage House,Museum,tourism=museum,4.4741033,101.1675959,15.68,rural_region,Perak_interior,Perak
node/3221138634,Arena Square Batu Gajah,Park / Green Space,leisure=park,4.4778074,101.050353,13.45,rural_region,Perak_interior,Perak
node/3221505726,Hutan Lipur Papan,Picnic / Recreation Site,tourism=picnic_site,4.5382465,101.00211,11.44,rural_region,Perak_interior,Perak
node/3233602506,Mount Yellow peak,Mountain / Peak,natural=peak,4.5571473,101.3549923,29.62,rural_region,Perak_interior,Perak
node/3462882636,Gunung Chante,Mountain / Peak,natural=peak,4.4201306,101.2143217,23.56,rural_region,Perak_interior,Perak
node/3462882637,Gunung Tempurung,Mountain / Peak,natural=peak,4.4221583,101.1927152,22.06,rural_region,Perak_interior,Perak
node/3462882936,Gunung Lanno,Mountain / Peak,natural=peak,4.5250187,101.146931,9.76,rural_region,Perak_interior,Perak
node/3918239850,Qing Xin Ling Leisure & Cultural Village,General Attraction,tourism=attraction,4.5618417,101.1233979,4.99,rural_region,Perak_interior,Perak
node/4127568895,Night market,General Attraction,tourism=attraction,4.5955446,101.0845278,0.73,rural_region,Perak_interior,Perak
node/4133847423,Mural Art Lane,Public Art,tourism=artwork,4.5936718,101.0817102,0.95,rural_region,Perak_interior,Perak
node/4270980293,Paip Besar Gopeng,Monument,historic=monument,4.4682703,101.16445,16.05,rural_region,Perak_interior,Perak
node/4270980295,Riverside Camp,Camp Site,tourism=camp_site,4.4481871,101.1889503,19.39,rural_region,Perak_interior,Perak
node/4282570190,View Point,Viewpoint / Scenic Spot,tourism=viewpoint,4.4569418,101.3667258,34.15,rural_region,Perak_interior,Perak
node/4286054389,Giant peanuts,Public Art,tourism=artwork,4.5684267,101.0506891,5.1,rural_region,Perak_interior,Perak
node/4294584303,Riverbug,General Attraction,tourism=attraction,4.4437998,101.1990803,20.44,rural_region,Perak_interior,Perak
node/4348356590,Tong Sui Kai,General Attraction,tourism=attraction,4.5957339,101.0872701,0.51,rural_region,Perak_interior,Perak
node/4348357795,Ipoh Railway Station,General Attraction,tourism=attraction,4.5970418,101.0735662,1.91,rural_region,Perak_interior,Perak
node/4407954490,local market,General Attraction,tourism=attraction,4.8492559,100.7415232,48.06,rural_region,Perak_interior,Perak
node/4407990990,Antong Malaysia's Most Historical Coffee Mill,General Attraction,tourism=attraction,4.855046,100.7328455,49.22,rural_region,Perak_interior,Perak
node/4432437909,Gunung Rapat,Mountain / Peak,natural=peak,4.5560112,101.1217398,5.33,rural_region,Perak_interior,Perak
node/4432437913,Gunung Panjang,Mountain / Peak,natural=peak,4.599582,101.1341436,4.95,rural_region,Perak_interior,Perak
node/4432437914,Gunung Matsoorat,Mountain / Peak,natural=peak,4.6269511,101.0996173,4.02,rural_region,Perak_interior,Perak
node/4432437917,Gunung Meru,Mountain / Peak,natural=peak,4.6735336,101.0285112,11.34,rural_region,Perak_interior,Perak
node/4432437919,Bukit Berapit,Mountain / Peak,natural=peak,4.7724122,100.8119788,36.77,rural_region,Perak_interior,Perak
node/4448736894,Gunung Tok Nenek,Camp Site,tourism=camp_site,4.7309847,101.3887219,36.52,rural_region,Perak_interior,Perak
node/4451254789,Gunung Junction,Camp Site,tourism=camp_site,4.6956928,101.3340202,29.39,rural_region,Perak_interior,Perak
node/4462943492,Night Hawker food court,General Attraction,tourism=attraction,4.8527434,100.7430747,48.15,rural_region,Perak_interior,Perak
node/4462968891,Cross Street Bazar night market,General Attraction,tourism=attraction,4.8540012,100.7431268,48.23,rural_region,Perak_interior,Perak
node/4462975089,Taiping Clock Tower,General Attraction,tourism=attraction,4.8521938,100.7419046,48.22,rural_region,Perak_interior,Perak
node/4464472692,Kong Heng Square Market,General Attraction,tourism=attraction,4.5965183,101.0775298,1.48,rural_region,Perak_interior,Perak
node/4471064990,Riverside Camp Gopeng,Camp Site,tourism=camp_site,4.4476988,101.1981942,20.03,rural_region,Perak_interior,Perak
node/4540711689,Birch Memorial Clock Tower,General Attraction,tourism=attraction,4.5968284,101.0761924,1.63,rural_region,Perak_interior,Perak
node/4576751996,Time Tunnel Museum,Museum,tourism=museum,4.4972912,101.3952605,35.43,rural_region,Perak_interior,Perak
node/4586770497,Street Art #6 (Trishaw),Public Art,tourism=artwork,4.59531,101.0785528,1.33,rural_region,Perak_interior,Perak
node/4586772800,Street art #5 (Evolution),Public Art,tourism=artwork,4.5961343,101.0790941,1.3,rural_region,Perak_interior,Perak
node/4586772802,Coffee bags,Public Art,tourism=artwork,4.5973769,101.0786171,1.4,rural_region,Perak_interior,Perak
node/4586773105,Street Art #4 (Hummingbird),Public Art,tourism=artwork,4.5967273,101.0784379,1.39,rural_region,Perak_interior,Perak
node/4596223490,Rumah Ipoh,General Attraction,tourism=attraction,4.6635587,101.1037136,8.09,rural_region,Perak_interior,Perak
node/4631071289,Tambun rock art,Public Art,tourism=artwork,4.602321,101.1304432,4.61,rural_region,Perak_interior,Perak
node/4631422689,Street Art #3 (Kopi 'O'),Public Art,tourism=artwork,4.5973294,101.0787079,1.39,rural_region,Perak_interior,Perak
node/4631422690,Streetart #2,Public Art,tourism=artwork,4.5978911,101.0768477,1.6,rural_region,Perak_interior,Perak
node/4631422989,Street Art #1 (Paper Plane),Public Art,tourism=artwork,4.598069,101.0762343,1.67,rural_region,Perak_interior,Perak
node/4631432990,Streetart #5,Public Art,tourism=artwork,4.5958712,101.07881,1.32,rural_region,Perak_interior,Perak
node/4631558289,Street art,Public Art,tourism=artwork,4.5965346,101.0771498,1.52,rural_region,Perak_interior,Perak
node/4631661789,Gerbang Malam,General Attraction,tourism=attraction,4.5964402,101.084715,0.77,rural_region,Perak_interior,Perak
node/4648475794,Kea Fam Rose Centre,General Attraction,tourism=attraction,4.502755,101.4123011,37.07,rural_region,Perak_interior,Perak
node/4664822627,Lata Iskandar,General Attraction,tourism=attraction,4.3247754,101.3241522,39.46,rural_region,Perak_interior,Perak
node/4670504387,Istana Sri Angkasa,Historic Fort/Castle,historic=castle,4.4901214,101.3839717,34.49,rural_region,Perak_interior,Perak
node/4679526454,Hutan Lipur Kuala Woh,Picnic / Recreation Site,tourism=picnic_site,4.2436888,101.3215951,46.47,rural_region,Perak_interior,Perak
node/4687648999,Taman Eko Rimba Parit Fall,Picnic / Recreation Site,tourism=picnic_site,4.4742883,101.3837795,35.09,rural_region,Perak_interior,Perak
node/4776350022,Street Art,Public Art,tourism=artwork,4.5959948,101.0780238,1.41,rural_region,Perak_interior,Perak
node/4792759211,Kek Lok Seah Monument,Monument,historic=monument,4.57985,101.0774633,1.95,rural_region,Perak_interior,Perak
node/4826940521,Ipoh Ink Body Art Tattoo Shop,Public Art,tourism=artwork,4.5913017,101.0757267,1.6,rural_region,Perak_interior,Perak
node/4839553027,Cameron Valley Plantations,General Attraction,tourism=attraction,4.4538747,101.3680437,34.43,rural_region,Perak_interior,Perak
node/4847254021,ships in the harbour,Public Art,tourism=artwork,4.593867,101.0779572,1.36,rural_region,Perak_interior,Perak
node/4936370821,Art Of Old Town,Public Art,tourism=artwork,4.5975369,101.0781066,1.46,rural_region,Perak_interior,Perak
node/4936376629,Fantasy House Trick Art,General Attraction,tourism=attraction,4.5964495,101.0773515,1.49,rural_region,Perak_interior,Perak
node/4959372487,Gunung Yong Belar,Mountain / Peak,natural=peak,4.6506423,101.3619524,30.83,rural_region,Perak_interior,Perak
node/4959372512,Gunung Junction,Mountain / Peak,natural=peak,4.6839033,101.3338567,28.88,rural_region,Perak_interior,Perak
node/5007040919,Air Terjun Ulu Kenas,Picnic / Recreation Site,tourism=picnic_site,4.6846828,100.8742905,26.04,rural_region,Perak_interior,Perak
node/5085088321,Tea Museum,Museum,tourism=museum,4.5963509,101.07912,1.31,rural_region,Perak_interior,Perak
node/5085552221,Ipoh World,Museum,tourism=museum,4.5962219,101.0791164,1.3,rural_region,Perak_interior,Perak
node/5112770323,Monday Night Market,General Attraction,tourism=attraction,4.5782098,101.1229737,3.96,rural_region,Perak_interior,Perak
node/5114921423,Tuesday Night Market,General Attraction,tourism=attraction,4.6151273,101.1208409,4.26,rural_region,Perak_interior,Perak
node/5204509077,Gunung Pondok,Mountain / Peak,natural=peak,4.7820058,100.838447,34.98,rural_region,Perak_interior,Perak
node/5235888221,Agro Highlands Strawberry Farm & Cafe,General Attraction,tourism=attraction,4.4545293,101.3704056,34.63,rural_region,Perak_interior,Perak
node/5255109886,Istana Raja Billah,Historic Fort/Castle,historic=castle,4.5152917,101.0129952,12.08,rural_region,Perak_interior,Perak
node/5287341250,Menara Jam Kampar,Monument,historic=monument,4.3089561,101.1534611,32.26,rural_region,Perak_interior,Perak
node/5287342302,Bronze Sculptures of Confucius and Einstein,Public Art,tourism=artwork,4.3344407,101.1411495,29.2,rural_region,Perak_interior,Perak
node/5306235123,Miniature wonders,Museum,tourism=museum,4.5958326,101.0783482,1.37,rural_region,Perak_interior,Perak
node/5307945221,二奶巷寓所博物館,Museum,tourism=museum,4.5980223,101.0784653,1.45,rural_region,Perak_interior,Perak
node/5321262175,"Street art ""Postcard""",Public Art,tourism=artwork,4.8539465,100.7423823,48.3,rural_region,Perak_interior,Perak
node/5321266329,Street art,Public Art,tourism=artwork,4.8531084,100.7412357,48.34,rural_region,Perak_interior,Perak
node/5321266522,"Street art ""Railway Taiping""",Public Art,tourism=artwork,4.8538333,100.7416214,48.36,rural_region,Perak_interior,Perak
node/5325160322,Taiping Municipal Gallery,Museum,tourism=museum,4.8548731,100.7412439,48.46,rural_region,Perak_interior,Perak
node/5326482621,5D art museum,General Attraction,tourism=attraction,4.8504197,100.7447251,47.85,rural_region,Perak_interior,Perak
node/5326820121,Fresh Market,General Attraction,tourism=attraction,4.8515468,100.739967,48.35,rural_region,Perak_interior,Perak
node/5326820122,Old House Museum,Museum,tourism=museum,4.8519588,100.7394539,48.42,rural_region,Perak_interior,Perak
node/5326820921,"Fresh Market (vegetables, meat)",General Attraction,tourism=attraction,4.8505012,100.7406495,48.22,rural_region,Perak_interior,Perak
node/5383877122,Cara Rolando Cafe,General Attraction,tourism=attraction,4.5983062,101.0785532,1.45,rural_region,Perak_interior,Perak
node/5428936022,streetart #4,Public Art,tourism=artwork,4.596306,101.0792283,1.29,rural_region,Perak_interior,Perak
node/5431495022,Night market,General Attraction,tourism=attraction,4.4878732,101.3722622,33.35,rural_region,Perak_interior,Perak
node/5485921021,"Street Art - ""Hide and Seek""",General Attraction,tourism=attraction,4.5970802,101.0840354,0.87,rural_region,Perak_interior,Perak
node/5512802021,Farm Plantation,Viewpoint / Scenic Spot,tourism=viewpoint,4.4702671,101.3601761,32.86,rural_region,Perak_interior,Perak
node/5785829530,Kledang Viewing Platform,Viewpoint / Scenic Spot,tourism=viewpoint,4.5817454,101.0243881,7.37,rural_region,Perak_interior,Perak
node/5798705654,Dam,General Attraction,tourism=attraction,4.5994498,101.0787258,1.5,rural_region,Perak_interior,Perak
node/5806409155,view,Viewpoint / Scenic Spot,tourism=viewpoint,4.4713482,101.3877708,35.62,rural_region,Perak_interior,Perak
node/5831817391,street art,Public Art,tourism=artwork,4.5997608,101.0843766,1.06,rural_region,Perak_interior,Perak
node/5862639885,Street Art,Public Art,tourism=artwork,4.5923643,101.0829177,0.8,rural_region,Perak_interior,Perak
node/5918011180,Gunung Gayong,Mountain / Peak,natural=peak,4.6780996,101.3106872,26.25,rural_region,Perak_interior,Perak
node/5918020762,Gunung Korbu,Mountain / Peak,natural=peak,4.6897152,101.2972307,25.39,rural_region,Perak_interior,Perak
node/6001858685,Gunung Perdah (sunset),Viewpoint / Scenic Spot,tourism=viewpoint,4.4864852,101.3680755,32.97,rural_region,Perak_interior,Perak
node/6046319489,Gunung Jasar viewpoint,Viewpoint / Scenic Spot,tourism=viewpoint,4.4781365,101.3610211,32.59,rural_region,Perak_interior,Perak
node/6090228426,Lata Ulu Chepor,General Attraction,tourism=attraction,4.7097645,101.0690109,13.29,rural_region,Perak_interior,Perak
node/6090414695,Lubuk Timah Falls,General Attraction,tourism=attraction,4.5583134,101.1651207,9.12,rural_region,Perak_interior,Perak
node/6090447989,Air Terjun Sungai Salu,General Attraction,tourism=attraction,4.3766963,101.1738896,25.69,rural_region,Perak_interior,Perak
node/6090530710,Air Terjun Ulu Licin Upper Tier,General Attraction,tourism=attraction,4.5258513,100.7823865,34.89,rural_region,Perak_interior,Perak
node/6090530711,Air Terjun Ulu Licin,General Attraction,tourism=attraction,4.5247256,100.7819654,34.97,rural_region,Perak_interior,Perak
node/6090852181,Bayas Fall,General Attraction,tourism=attraction,5.0086428,100.9215391,49.94,rural_region,Perak_interior,Perak
node/6090858900,Lata Yuk,General Attraction,tourism=attraction,4.3011357,101.2589553,37.38,rural_region,Perak_interior,Perak
node/6146971883,Watchtower,Viewpoint / Scenic Spot,tourism=viewpoint,4.5249465,101.3809491,33.09,rural_region,Perak_interior,Perak
node/6364883585,Tringkap Bee farm,General Attraction,tourism=attraction,4.5118901,101.4276833,38.47,rural_region,Perak_interior,Perak
node/6380634763,Streetart,Public Art,tourism=artwork,4.5970906,101.0784389,1.41,rural_region,Perak_interior,Perak
node/6424706067,Landscape,Park / Green Space,leisure=park,4.5983414,101.074211,1.89,rural_region,Perak_interior,Perak
node/6431992711,Istana Kinta,General Attraction,tourism=attraction,4.58823,101.0998188,1.16,rural_region,Perak_interior,Perak
node/6454487485,View of rolling tea hills,Viewpoint / Scenic Spot,tourism=viewpoint,4.5159111,101.405981,36.02,rural_region,Perak_interior,Perak
node/6460582612,Gunung Genting,Mountain / Peak,natural=peak,4.6116656,101.1336451,5.29,rural_region,Perak_interior,Perak
node/6460582613,Gunung Tambun,Mountain / Peak,natural=peak,4.6309103,101.1343886,6.54,rural_region,Perak_interior,Perak
node/6460582614,Gunung Bercham,Mountain / Peak,natural=peak,4.6451964,101.1341298,7.66,rural_region,Perak_interior,Perak
node/6460582615,Gunung Temelang,Mountain / Peak,natural=peak,4.6621469,101.13111,9.02,rural_region,Perak_interior,Perak
node/6460582616,Gunung Sentang,Mountain / Peak,natural=peak,4.6387229,101.0953332,5.22,rural_region,Perak_interior,Perak
node/6460582617,Gunung Tasek,Mountain / Peak,natural=peak,4.643489,101.0996097,5.81,rural_region,Perak_interior,Perak
node/6460582618,Gunung Cheroh,Mountain / Peak,natural=peak,4.6096079,101.0840258,2.06,rural_region,Perak_interior,Perak
node/6460582619,Gunung Terendum,Mountain / Peak,natural=peak,4.5506755,101.1533527,8.39,rural_region,Perak_interior,Perak
node/6460582620,Bukit Merah,Mountain / Peak,natural=peak,4.5616942,101.0240366,8.07,rural_region,Perak_interior,Perak
node/6464194385,Rafflesia - you need to ask locals where to find it because by yourself it's almost impossible,General Attraction,tourism=attraction,4.6511488,101.4940848,45.25,rural_region,Perak_interior,Perak
node/6615808785,nice view,Viewpoint / Scenic Spot,tourism=viewpoint,4.4728172,101.4005413,36.88,rural_region,Perak_interior,Perak
node/6616696971,Han Chin Pet Soo,Museum,tourism=museum,4.5962767,101.0791217,1.3,rural_region,Perak_interior,Perak
node/6709238347,Bukit Batu Putih,Viewpoint / Scenic Spot,tourism=viewpoint,4.4496627,101.2019875,20.12,rural_region,Perak_interior,Perak
node/6727595025,Gunung Hijau,Mountain / Peak,natural=peak,4.8590885,100.815466,42.52,rural_region,Perak_interior,Perak
node/6729275564,Gunung Tok Nenek,Mountain / Peak,natural=peak,4.7213275,101.3878986,36.0,rural_region,Perak_interior,Perak
node/6729502670,Gunung Kayung,Mountain / Peak,natural=peak,4.7227997,101.386562,35.93,rural_region,Perak_interior,Perak
node/6731861385,Gunung Yong Yap,Mountain / Peak,natural=peak,4.7608606,101.3736823,36.6,rural_region,Perak_interior,Perak
node/6732513468,Bukit Lubok Kawah,Mountain / Peak,natural=peak,4.6161611,100.7801851,34.45,rural_region,Perak_interior,Perak
node/6732914219,Gunung Hulu Lawit,Mountain / Peak,natural=peak,4.7896073,101.0202577,23.29,rural_region,Perak_interior,Perak
node/6733275265,Bukit Kledang,Mountain / Peak,natural=peak,4.5942793,101.0133836,8.51,rural_region,Perak_interior,Perak
node/6733382718,Gunung Hulu Pari,Mountain / Peak,natural=peak,4.7571014,101.0572106,18.71,rural_region,Perak_interior,Perak
node/6733382721,Gunung Siku,Mountain / Peak,natural=peak,4.5960573,101.3984227,34.18,rural_region,Perak_interior,Perak
node/6755490385,Perak Hydro Building (#17),Viewpoint / Scenic Spot,tourism=viewpoint,4.5973679,101.0759704,1.67,rural_region,Perak_interior,Perak
node/6755490386,Hong Kong and Shanghai Bank (#10),Viewpoint / Scenic Spot,tourism=viewpoint,4.5976891,101.0775475,1.52,rural_region,Perak_interior,Perak
node/6755490485,F.M.S Bar and Restaurant (#9),Viewpoint / Scenic Spot,tourism=viewpoint,4.5986205,101.0778749,1.54,rural_region,Perak_interior,Perak
node/6755490486,Chung Thye Pin Building (#12),Viewpoint / Scenic Spot,tourism=viewpoint,4.5967382,101.0772584,1.51,rural_region,Perak_interior,Perak
node/6755490585,S.P.H De Silva Building (#11),Viewpoint / Scenic Spot,tourism=viewpoint,4.5969664,101.0773382,1.51,rural_region,Perak_interior,Perak
node/6755503485,Mikasa Photo Shop (#20),Viewpoint / Scenic Spot,tourism=viewpoint,4.596545,101.0773037,1.5,rural_region,Perak_interior,Perak
node/6755503486,Straights Trading Building (#13),Viewpoint / Scenic Spot,tourism=viewpoint,4.5970469,101.0766344,1.59,rural_region,Perak_interior,Perak
node/6755503487,Mercantile Bank (#15),Viewpoint / Scenic Spot,tourism=viewpoint,4.5971739,101.0765816,1.6,rural_region,Perak_interior,Perak
node/6755503488,Dramatists Hostel (#21),Viewpoint / Scenic Spot,tourism=viewpoint,4.5963654,101.0779108,1.43,rural_region,Perak_interior,Perak
node/6755503489,Han Chin Pet Soo (#23),Viewpoint / Scenic Spot,tourism=viewpoint,4.5962611,101.0790011,1.31,rural_region,Perak_interior,Perak
node/6755503490,Perak Ku Kong Chow Association (#22),Viewpoint / Scenic Spot,tourism=viewpoint,4.5965736,101.0786756,1.36,rural_region,Perak_interior,Perak
node/6755503585,Jan Sahib’s Office (#19),Viewpoint / Scenic Spot,tourism=viewpoint,4.5962287,101.0771346,1.51,rural_region,Perak_interior,Perak
node/6755503586,Chartered Bank (#14),Viewpoint / Scenic Spot,tourism=viewpoint,4.5971539,101.0766436,1.59,rural_region,Perak_interior,Perak
node/6755503985,Residence and Law Office of the Seenivasagam Brothers (#16),Viewpoint / Scenic Spot,tourism=viewpoint,4.5979979,101.0764592,1.65,rural_region,Perak_interior,Perak
node/6808489290,Gunung Berembun,Mountain / Peak,natural=peak,4.3268738,101.444833,49.16,rural_region,Perak_interior,Perak
node/7138871885,Bridge,General Attraction,tourism=attraction,4.6000209,101.0787699,1.53,rural_region,Perak_interior,Perak
node/7192790783,XCamp,Camp Site,tourism=camp_site,4.6180365,101.1578286,8.04,rural_region,Perak_interior,Perak
node/7227747371,Little India gate,General Attraction,tourism=attraction,4.5922076,101.0746474,1.71,rural_region,Perak_interior,Perak
node/7244295703,Rock Garden,Park / Green Space,leisure=park,4.8489405,100.7508365,47.21,rural_region,Perak_interior,Perak
node/7244295704,Main Overflow,Park / Green Space,leisure=park,4.8483065,100.7499377,47.25,rural_region,Perak_interior,Perak
node/7244295706,Turtle Point,Park / Green Space,leisure=park,4.8500861,100.7476791,47.57,rural_region,Perak_interior,Perak
node/7244295707,Bougainvillea Point,Park / Green Space,leisure=park,4.8501793,100.746862,47.65,rural_region,Perak_interior,Perak
node/7244295709,Lotus Bay,Park / Green Space,leisure=park,4.8513743,100.7473498,47.68,rural_region,Perak_interior,Perak
node/7244295713,Tupai Overflow,Park / Green Space,leisure=park,4.8525291,100.7462223,47.86,rural_region,Perak_interior,Perak
node/7244295716,Seven Sister's Point,Park / Green Space,leisure=park,4.8535176,100.7480195,47.77,rural_region,Perak_interior,Perak
node/7244295717,Bamboo Point,Park / Green Space,leisure=park,4.8545413,100.7483977,47.81,rural_region,Perak_interior,Perak
node/7244295718,Watergate Pond,Park / Green Space,leisure=park,4.8553277,100.7492383,47.79,rural_region,Perak_interior,Perak
node/7244295719,Oblong Pond,Park / Green Space,leisure=park,4.8563188,100.7493738,47.84,rural_region,Perak_interior,Perak
node/7244295720,Island Pond,Park / Green Space,leisure=park,4.856384,100.7500276,47.79,rural_region,Perak_interior,Perak
node/7244295721,Ayer Kuning Pond,Park / Green Space,leisure=park,4.8528494,100.7518001,47.39,rural_region,Perak_interior,Perak
node/7244295737,Red Bridge,Park / Green Space,leisure=park,4.8519268,100.7483619,47.63,rural_region,Perak_interior,Perak
node/7296820996,Bukit Bangkong,Mountain / Peak,natural=peak,4.7339982,101.1562664,17.4,rural_region,Perak_interior,Perak
node/7394729867,Gunung Lang,Mountain / Peak,natural=peak,4.6142378,101.0860063,2.5,rural_region,Perak_interior,Perak
node/7497454865,Bukit Caulfield,Mountain / Peak,natural=peak,4.8560632,100.8062379,43.02,rural_region,Perak_interior,Perak
node/7511007970,Draco Nature Camp,Camp Site,tourism=camp_site,4.3076185,101.2275974,35.11,rural_region,Perak_interior,Perak
node/7730063222,Paradise Valley,Nature Reserve,leisure=nature_reserve,4.5586466,101.1382041,6.5,rural_region,Perak_interior,Perak
node/7936577152,Japanese Carbide Factory Chimney,General Attraction,tourism=attraction,4.3477465,101.1241726,27.43,rural_region,Perak_interior,Perak
node/8015462576,Gunung Merawan,Mountain / Peak,natural=peak,4.5236603,101.1236978,8.47,rural_region,Perak_interior,Perak
node/8015462577,Gunung Keroh,Mountain / Peak,natural=peak,4.5284251,101.1153454,7.61,rural_region,Perak_interior,Perak
node/8015462578,Gunung Karang Besar,Mountain / Peak,natural=peak,4.5331952,101.1136288,7.05,rural_region,Perak_interior,Perak
node/8015462607,Gunung Pua,Mountain / Peak,natural=peak,4.5066547,101.1487816,11.51,rural_region,Perak_interior,Perak
node/8015462610,IPOH Sign,Monument,historic=monument,4.4774305,101.1733695,15.74,rural_region,Perak_interior,Perak
node/8015462611,Gunung Mesah,Mountain / Peak,natural=peak,4.4430525,101.1643251,18.5,rural_region,Perak_interior,Perak
node/8015462612,Gunung Kandu,Mountain / Peak,natural=peak,4.451599,101.1770817,18.36,rural_region,Perak_interior,Perak
node/8015462659,Gunung Panjang,Mountain / Peak,natural=peak,4.4298527,101.1617555,19.71,rural_region,Perak_interior,Perak
node/8015462661,Gunung Sepah,Mountain / Peak,natural=peak,4.4225789,101.1503186,20.0,rural_region,Perak_interior,Perak
node/8015462826,Gunung Gajah,Mountain / Peak,natural=peak,4.3845719,101.1686381,24.66,rural_region,Perak_interior,Perak
node/8021637232,Gunung Kanthan,Mountain / Peak,natural=peak,4.7768679,101.1183445,20.78,rural_region,Perak_interior,Perak
node/8021637248,Gua Kanthan,Mountain / Peak,natural=peak,4.7619636,101.1190311,19.16,rural_region,Perak_interior,Perak
node/8024015101,Gunung Layang-Layang,Mountain / Peak,natural=peak,4.6471948,101.154536,9.41,rural_region,Perak_interior,Perak
node/8027122994,Gunung Kuang,Mountain / Peak,natural=peak,4.7471799,101.1320061,17.86,rural_region,Perak_interior,Perak
node/8141707398,Gunung Bujang Melaka,Mountain / Peak,natural=peak,4.3332165,101.2013702,31.32,rural_region,Perak_interior,Perak
node/8141707399,Gunung Relau,Mountain / Peak,natural=peak,4.3033006,101.1971461,34.24,rural_region,Perak_interior,Perak
node/8141707400,Bukit Ketiyoh,Mountain / Peak,natural=peak,4.2844457,101.196438,36.18,rural_region,Perak_interior,Perak
node/8141707401,Bukit Ulu Temoh,Mountain / Peak,natural=peak,4.2748166,101.1964968,37.2,rural_region,Perak_interior,Perak
node/8150545269,Bukit Belantek,Mountain / Peak,natural=peak,4.6466931,100.9821708,13.41,rural_region,Perak_interior,Perak
node/8150545270,Bukit Tinggi,Mountain / Peak,natural=peak,4.5478963,100.9913862,11.99,rural_region,Perak_interior,Perak
node/8150545271,Gunung Peninjau,Mountain / Peak,natural=peak,4.7125599,101.0471794,14.21,rural_region,Perak_interior,Perak
node/8150545272,Gunung Lata Cingkanget,Mountain / Peak,natural=peak,4.7539145,101.0728713,18.09,rural_region,Perak_interior,Perak
node/8233813718,Bukit Penyengat,Mountain / Peak,natural=peak,4.5181438,100.9802077,14.7,rural_region,Perak_interior,Perak
node/8233813719,Gunung Hijau,Mountain / Peak,natural=peak,4.5069717,100.9761287,15.79,rural_region,Perak_interior,Perak
node/8233813720,Cangkat Kantan,Mountain / Peak,natural=peak,4.4351786,100.9929468,20.5,rural_region,Perak_interior,Perak
node/8233813844,Cangkat Bakul,Mountain / Peak,natural=peak,4.3660158,101.0252441,26.15,rural_region,Perak_interior,Perak
node/8233813845,Cangkat Relong,Mountain / Peak,natural=peak,4.3632833,101.031049,26.27,rural_region,Perak_interior,Perak
node/8233813846,Cangkat Ulu Denak,Mountain / Peak,natural=peak,4.351693,101.022836,27.75,rural_region,Perak_interior,Perak
node/8233813847,Changkat Tempurong,Mountain / Peak,natural=peak,4.329364,101.0413005,29.71,rural_region,Perak_interior,Perak
node/8233813848,Cangkat Talang Pemaya,Mountain / Peak,natural=peak,4.4045101,101.0325243,21.81,rural_region,Perak_interior,Perak
node/8233813849,Cangkat Tempurong,Mountain / Peak,natural=peak,4.4378983,101.0353813,18.19,rural_region,Perak_interior,Perak
node/8233813850,Cangkat Lata,Mountain / Peak,natural=peak,4.4365254,101.0211227,18.91,rural_region,Perak_interior,Perak
node/8233813851,Gunung Datok,Mountain / Peak,natural=peak,4.6108469,101.1554979,7.54,rural_region,Perak_interior,Perak
node/8233813852,Bukit Lampas,Mountain / Peak,natural=peak,4.5729599,101.1881206,11.07,rural_region,Perak_interior,Perak
node/8233813853,Bukit Tumpul,Mountain / Peak,natural=peak,4.5983176,101.1954559,11.7,rural_region,Perak_interior,Perak
node/8233813854,Gunung Juang,Mountain / Peak,natural=peak,4.627739,101.2157238,14.48,rural_region,Perak_interior,Perak
node/8233948980,Bukit Tunggal,Mountain / Peak,natural=peak,4.2146934,100.9506413,44.72,rural_region,Perak_interior,Perak
node/8242415560,Bukit Buloh,Mountain / Peak,natural=peak,4.8118326,101.046881,24.9,rural_region,Perak_interior,Perak
node/8242415561,Kemuning Rock,Mountain / Peak,natural=peak,4.8343796,101.0542732,27.23,rural_region,Perak_interior,Perak
node/8242415562,Cangkat Biak,Mountain / Peak,natural=peak,4.8485855,101.0079111,29.94,rural_region,Perak_interior,Perak
node/8242415563,Gunung Saiong,Mountain / Peak,natural=peak,4.8041667,101.015,25.01,rural_region,Perak_interior,Perak
node/8242415564,Gunung Kijai,Mountain / Peak,natural=peak,4.7829736,101.0520065,21.64,rural_region,Perak_interior,Perak
node/8242415565,Gunung Keledang Sayung,Mountain / Peak,natural=peak,4.7572704,100.9977996,21.02,rural_region,Perak_interior,Perak
node/8260984932,Bukit Memban Di Awan,Mountain / Peak,natural=peak,4.3150094,101.1657223,31.93,rural_region,Perak_interior,Perak
node/8260984933,Gunung Tunggal,Mountain / Peak,natural=peak,4.4156326,101.1596824,21.08,rural_region,Perak_interior,Perak
node/8260984970,Bukit Ratteh,Mountain / Peak,natural=peak,4.4528278,101.2065214,20.16,rural_region,Perak_interior,Perak
node/8260984971,Bukit Ulu Gopeng,Mountain / Peak,natural=peak,4.4752021,101.1725792,15.89,rural_region,Perak_interior,Perak
node/8269041257,Bukit Bichara,Mountain / Peak,natural=peak,4.7187566,100.9993873,17.3,rural_region,Perak_interior,Perak
node/8269041258,Bukit Damar,Mountain / Peak,natural=peak,4.634103,100.9449574,16.75,rural_region,Perak_interior,Perak
node/8269041302,Cangkat Jering,Mountain / Peak,natural=peak,4.5725487,100.966118,13.91,rural_region,Perak_interior,Perak
node/8269041303,Gunung Jasar,Mountain / Peak,natural=peak,4.5984225,101.277818,20.82,rural_region,Perak_interior,Perak
node/8269041304,Bukit Belanjor,Mountain / Peak,natural=peak,4.6710512,101.2589478,20.67,rural_region,Perak_interior,Perak
node/8269041305,Bukit Batu Suloh,Mountain / Peak,natural=peak,4.6782827,101.2065764,16.08,rural_region,Perak_interior,Perak
node/8269041306,Bukit Ulu Samak,Mountain / Peak,natural=peak,4.6934962,101.1898322,15.79,rural_region,Perak_interior,Perak
node/8269050823,Bukit Mati,Mountain / Peak,natural=peak,4.7063816,101.1897862,16.84,rural_region,Perak_interior,Perak
node/8269050824,Gunung Tunggal,Mountain / Peak,natural=peak,4.6340679,101.0978234,4.74,rural_region,Perak_interior,Perak
node/8280282551,IPOH Sign,Monument,historic=monument,4.6312092,101.0869183,4.36,rural_region,Perak_interior,Perak
node/8286110954,Gunung Pass,Mountain / Peak,natural=peak,4.5917705,101.3484635,28.64,rural_region,Perak_interior,Perak
node/8305031143,Changkat Pongging,Mountain / Peak,natural=peak,4.8152905,100.8642544,35.25,rural_region,Perak_interior,Perak
node/8305031144,Changkat Tempurong,Mountain / Peak,natural=peak,4.812297,100.8829118,33.57,rural_region,Perak_interior,Perak
node/8305031221,Bukit Payong,Mountain / Peak,natural=peak,4.7921896,100.9110429,29.81,rural_region,Perak_interior,Perak
node/8305031222,Changkat Peregus,Mountain / Peak,natural=peak,4.8119255,100.9370281,29.75,rural_region,Perak_interior,Perak
node/8305031223,Bukit Buloh Akar,Mountain / Peak,natural=peak,4.8287743,100.9262993,31.97,rural_region,Perak_interior,Perak
node/8305031224,Bukit Melukut,Mountain / Peak,natural=peak,4.8446013,100.8738728,36.91,rural_region,Perak_interior,Perak
node/8305031232,Wray's Hill,Mountain / Peak,natural=peak,4.8065884,100.8087008,39.26,rural_region,Perak_interior,Perak
node/8305048773,Bukit Berapit,Mountain / Peak,natural=peak,4.6748901,100.9107983,21.9,rural_region,Perak_interior,Perak
node/8317638980,Gunung Batu Kurau,Mountain / Peak,natural=peak,4.9267139,100.8149858,48.1,rural_region,Perak_interior,Perak
node/8527921296,Gunung Sunting Buloh,Mountain / Peak,natural=peak,4.5218696,100.738728,39.72,rural_region,Perak_interior,Perak
node/8568278571,Gua Matsoorat,Cave,natural=cave_entrance,4.6282546,101.0991526,4.14,rural_region,Perak_interior,Perak
node/8713919037,Gunung Ayer Hangat,Mountain / Peak,natural=peak,4.6295849,101.1603035,8.83,rural_region,Perak_interior,Perak
node/8778185450,四面佛洞,Cave,natural=cave_entrance,4.5079773,101.1472792,11.3,rural_region,Perak_interior,Perak
node/8866345220,Hutan Lipur Ulu Licin,General Attraction,tourism=attraction,4.5369179,100.7782101,35.11,rural_region,Perak_interior,Perak
node/9038609029,Bukit Ulu Sungai Baharu,Mountain / Peak,natural=peak,4.597258,100.7167812,41.38,rural_region,Perak_interior,Perak
node/9038609030,Bukit Naga,Mountain / Peak,natural=peak,4.5851444,100.7060126,42.58,rural_region,Perak_interior,Perak
node/9038609031,Changkat Rusa,Mountain / Peak,natural=peak,4.5707447,100.7278654,40.22,rural_region,Perak_interior,Perak
node/9038609032,Bukit Durian Sebatang,Mountain / Peak,natural=peak,4.5705909,100.7459437,38.22,rural_region,Perak_interior,Perak
node/9328905632,Koo S Art Gallery,Art Gallery,tourism=gallery,4.611371,101.1110423,3.16,rural_region,Perak_interior,Perak
node/9409094516,Bukit Chempedak,Mountain / Peak,natural=peak,4.8106951,100.7468362,45.14,rural_region,Perak_interior,Perak
node/9409123217,Speedy Hill,Mountain / Peak,natural=peak,4.846835,100.7613436,46.15,rural_region,Perak_interior,Perak
node/9409123218,Bukit Scott's,Mountain / Peak,natural=peak,4.8708093,100.7362207,49.98,rural_region,Perak_interior,Perak
node/9409123219,Bukit Larut,Mountain / Peak,natural=peak,4.7895273,100.7395508,44.62,rural_region,Perak_interior,Perak
node/9409123221,Bukit Tunggal Kati,Mountain / Peak,natural=peak,4.8863169,100.9205313,37.73,rural_region,Perak_interior,Perak
node/9409123222,Bukit Tebuk,Mountain / Peak,natural=peak,4.7283963,100.7330046,42.38,rural_region,Perak_interior,Perak
node/9409123223,Changkat Orang Puteh,Mountain / Peak,natural=peak,4.7476035,100.6925553,47.33,rural_region,Perak_interior,Perak
node/9409123224,Bukit Resam,Mountain / Peak,natural=peak,4.6642068,100.703043,43.64,rural_region,Perak_interior,Perak
node/9489874031,Pavilion Petting Zoo @ Gunung Lang,Zoo / Wildlife Park,tourism=zoo,4.6291128,101.0900733,4.12,rural_region,Perak_interior,Perak
node/9507109042,Taman Jepun (Entrance),Park / Green Space,leisure=park,4.6043101,101.0837646,1.53,rural_region,Perak_interior,Perak
node/9968370162,Ethno Valley,General Attraction,tourism=attraction,4.7513491,100.7514878,41.49,rural_region,Perak_interior,Perak
node/10020743047,Puncak Brinchang Barat,Mountain / Peak,natural=peak,4.5203347,101.3855737,33.71,rural_region,Perak_interior,Perak
node/10171810558,Penyel Camping,Camp Site,tourism=camp_site,4.9322148,101.3279865,46.1,rural_region,Perak_interior,Perak
node/10171810606,Bukit Berekeh,Mountain / Peak,natural=peak,4.981974,101.1467028,43.8,rural_region,Perak_interior,Perak
node/10184028418,Gunung Tiga Negeri,Mountain / Peak,natural=peak,4.6137402,101.3740388,31.56,rural_region,Perak_interior,Perak
node/10184029438,Gunung Ruil,Mountain / Peak,natural=peak,4.4946197,101.3595267,31.77,rural_region,Perak_interior,Perak
node/10184029733,Gunung Perdah,Mountain / Peak,natural=peak,4.486422,101.3679522,32.96,rural_region,Perak_interior,Perak
node/10184681490,Bukit Palas,Mountain / Peak,natural=peak,4.5658746,101.4303195,37.82,rural_region,Perak_interior,Perak
node/10185201613,Bukit Terang,Mountain / Peak,natural=peak,4.4447728,101.3949036,37.55,rural_region,Perak_interior,Perak
node/10185201628,Gunung Terbakar,Mountain / Peak,natural=peak,4.44882,101.3863501,36.5,rural_region,Perak_interior,Perak
node/10185201662,Gunung Bunting,Mountain / Peak,natural=peak,4.4112222,101.3921785,39.06,rural_region,Perak_interior,Perak
node/10185201665,Gunung Gandik,Mountain / Peak,natural=peak,4.4046348,101.4002084,40.2,rural_region,Perak_interior,Perak
node/10185201801,Gunung Duri,Mountain / Peak,natural=peak,4.4313591,101.3330989,32.33,rural_region,Perak_interior,Perak
node/10186470850,Kem Puncak Korbu,Camp Site,tourism=camp_site,4.6898351,101.2971787,25.39,rural_region,Perak_interior,Perak
node/10186489137,Kem Kasut,Camp Site,tourism=camp_site,4.6487811,101.370576,31.72,rural_region,Perak_interior,Perak
node/10186489138,Anak Korbu,Viewpoint / Scenic Spot,tourism=viewpoint,4.6877687,101.2966704,25.25,rural_region,Perak_interior,Perak
node/10186489139,Puncak Chuban,Viewpoint / Scenic Spot,tourism=viewpoint,4.6863706,101.29648,25.16,rural_region,Perak_interior,Perak
node/10186489140,Kem Botak,Camp Site,tourism=camp_site,4.6824837,101.2938273,24.71,rural_region,Perak_interior,Perak
node/10186489142,Kem Kijang,Camp Site,tourism=camp_site,4.6746216,101.2797852,22.94,rural_region,Perak_interior,Perak
node/10186489143,Gunung Raya,Mountain / Peak,natural=peak,4.6759422,101.2886238,23.9,rural_region,Perak_interior,Perak
node/10186489144,Kem Seroja,Camp Site,tourism=camp_site,4.6591217,101.2719083,21.48,rural_region,Perak_interior,Perak
node/10187673502,Bukit Takai,Mountain / Peak,natural=peak,4.6535077,101.2821006,22.35,rural_region,Perak_interior,Perak
node/10187673511,Kem Puncak Yong Belar,Camp Site,tourism=camp_site,4.6505242,101.3621056,30.84,rural_region,Perak_interior,Perak
node/10187673512,Kem Tudung Periuk,Camp Site,tourism=camp_site,4.6337138,101.3863528,33.16,rural_region,Perak_interior,Perak
node/10187673513,False Summit,Viewpoint / Scenic Spot,tourism=viewpoint,4.6312649,101.3876295,33.26,rural_region,Perak_interior,Perak
node/10187673514,False Summit,Viewpoint / Scenic Spot,tourism=viewpoint,4.6296154,101.3908696,33.6,rural_region,Perak_interior,Perak
node/10187707417,Kebun Sayur,General Attraction,tourism=attraction,4.6227927,101.3999194,34.51,rural_region,Perak_interior,Perak
node/10187707459,Yong Belar Trailhead (Lojing),General Attraction,tourism=attraction,4.5972698,101.433669,38.08,rural_region,Perak_interior,Perak
node/10187707460,Yong Belar Trailhead (Blue Valley Dam),General Attraction,tourism=attraction,4.5927287,101.4176756,36.31,rural_region,Perak_interior,Perak
node/10266545674,rooftop,Viewpoint / Scenic Spot,tourism=viewpoint,4.4877798,101.3786949,34.03,rural_region,Perak_interior,Perak
node/10269827820,Puncak 683,Mountain / Peak,natural=peak,4.6582743,101.0214436,10.59,rural_region,Perak_interior,Perak
node/10271348755,TT5 Maze Park,General Attraction,tourism=attraction,4.3958746,101.0532803,22.2,rural_region,Perak_interior,Perak
node/10280201479,Puncak 556,Mountain / Peak,natural=peak,4.6699995,101.0466483,9.91,rural_region,Perak_interior,Perak
node/10280596244,狮子山,Mountain / Peak,natural=peak,4.3159749,101.177752,32.2,rural_region,Perak_interior,Perak
node/10690780975,False Peak,Viewpoint / Scenic Spot,tourism=viewpoint,4.9896975,101.1543547,44.78,rural_region,Perak_interior,Perak
node/10690781133,False Peak,Viewpoint / Scenic Spot,tourism=viewpoint,4.9841264,101.1482792,44.07,rural_region,Perak_interior,Perak
node/10690781134,False Peak,Viewpoint / Scenic Spot,tourism=viewpoint,4.9870209,101.1509534,44.43,rural_region,Perak_interior,Perak
node/11113036485,Fustal,Park / Green Space,leisure=park,4.3284615,101.137078,29.77,rural_region,Perak_interior,Perak
node/11343467067,Gua Tempurung,General Attraction,tourism=attraction,4.4169968,101.1881548,22.3,rural_region,Perak_interior,Perak
node/11407022989,Gunung Dungun,Mountain / Peak,natural=peak,4.4523796,101.3471217,32.45,rural_region,Perak_interior,Perak
node/11683093476,Kem Balak,Camp Site,tourism=camp_site,4.3110011,101.1874653,33.07,rural_region,Perak_interior,Perak
node/11683093477,Kem Lebah,Camp Site,tourism=camp_site,4.3204428,101.1956477,32.39,rural_region,Perak_interior,Perak
node/11687617114,Permatang,Camp Site,tourism=camp_site,4.3261597,101.1960122,31.82,rural_region,Perak_interior,Perak
node/11690382251,Kem Permatang,Camp Site,tourism=camp_site,4.7048117,101.2802285,24.52,rural_region,Perak_interior,Perak
node/11690382261,Kem View,Camp Site,tourism=camp_site,4.7019554,101.2736973,23.73,rural_region,Perak_interior,Perak
node/11690434951,Kem Sungai Seno'oi,Camp Site,tourism=camp_site,4.7036008,101.271911,23.66,rural_region,Perak_interior,Perak
node/11690434960,Kem Balak,Camp Site,tourism=camp_site,4.7096515,101.2633574,23.23,rural_region,Perak_interior,Perak
node/11690434981,Kem Malas,Camp Site,tourism=camp_site,4.7027848,101.2538825,21.93,rural_region,Perak_interior,Perak
node/11690434983,Kem Sungai Gajah,Camp Site,tourism=camp_site,4.698086,101.2414692,20.5,rural_region,Perak_interior,Perak
node/11691192143,Kem Syafiqah,Camp Site,tourism=camp_site,4.6665215,101.22641,17.23,rural_region,Perak_interior,Perak
node/11693679968,Kem Lapang (Checkpoint 2),Camp Site,tourism=camp_site,4.8074111,101.3592611,38.25,rural_region,Perak_interior,Perak
node/11693722892,Kem Sungai Chinak (Checkpoint 3),Camp Site,tourism=camp_site,4.7910883,101.3691424,38.02,rural_region,Perak_interior,Perak
node/11693723034,Kem Kiki (Checkpoint 1),Camp Site,tourism=camp_site,4.8111396,101.3619004,38.74,rural_region,Perak_interior,Perak
node/11716486434,Kem Kayu 46,Camp Site,tourism=camp_site,4.7070518,101.0541692,13.39,rural_region,Perak_interior,Perak
node/11716486435,Kem Permatang,Camp Site,tourism=camp_site,4.7090219,101.0603786,13.41,rural_region,Perak_interior,Perak
node/11722052157,Gunung Bubu,Mountain / Peak,natural=peak,4.6821217,100.8071322,32.92,rural_region,Perak_interior,Perak
node/11722264602,Kem Tali,Camp Site,tourism=camp_site,4.6836639,100.8207366,31.54,rural_region,Perak_interior,Perak
node/11722264625,Kem Sungai Gading,Camp Site,tourism=camp_site,4.6842748,100.8466092,28.87,rural_region,Perak_interior,Perak
node/11722642026,Gunung Bubu West,Mountain / Peak,natural=peak,4.6808771,100.8067596,32.92,rural_region,Perak_interior,Perak
node/11726318287,Gunung Biong,Mountain / Peak,natural=peak,4.966894,100.8730316,48.12,rural_region,Perak_interior,Perak
node/11736142297,Gunung Kinjang,Mountain / Peak,natural=peak,4.3386338,101.2906837,35.9,rural_region,Perak_interior,Perak
node/11736194630,Bukit Arang Para,Mountain / Peak,natural=peak,4.7221778,100.8634078,28.99,rural_region,Perak_interior,Perak
node/11736290498,Air Terjun Trong,General Attraction,tourism=attraction,4.6928746,100.7556421,38.72,rural_region,Perak_interior,Perak
node/11863727281,Bukit Mentigi,Mountain / Peak,natural=peak,4.4640578,101.382095,35.36,rural_region,Perak_interior,Perak
node/11993284694,Gunung 6040,Mountain / Peak,natural=peak,4.6095174,101.384372,32.67,rural_region,Perak_interior,Perak
node/12012284608,22 Hale Street Gallery,Museum,tourism=museum,4.5976262,101.0784235,1.43,rural_region,Perak_interior,Perak
node/12013422090,Upside Down World,Art Gallery,tourism=gallery,4.5973908,101.0785078,1.41,rural_region,Perak_interior,Perak
node/12093111402,Akira Toriyama Street Art,Public Art,tourism=artwork,4.596133,101.0854449,0.68,rural_region,Perak_interior,Perak
node/12207955131,Rumah Kapitan Chung Keng Kwee,Memorial,historic=memorial,4.8542701,100.7414277,48.4,rural_region,Perak_interior,Perak
node/12284577501,Akash Classics Malaysia,Museum,tourism=museum,4.6031852,101.11216,2.74,rural_region,Perak_interior,Perak
node/12307097863,Perak Cave,Cave,natural=cave_entrance,4.6441635,101.0994007,5.88,rural_region,Perak_interior,Perak
node/12372895062,Museum Tanahsahi (Entomology Meseum . Art and Culture),Museum,tourism=museum,4.5185542,101.1350575,9.58,rural_region,Perak_interior,Perak
node/12499712586,Bukit Jarumun,Mountain / Peak,natural=peak,4.2743339,101.3854921,48.18,rural_region,Perak_interior,Perak
node/12577828801,Tree of Success - Pokok Kejayaan,Memorial,historic=memorial,4.6030655,101.0827204,1.47,rural_region,Perak_interior,Perak
node/12670203024,Cameron Valley Tea sign,General Attraction,tourism=attraction,4.4514348,101.3659969,34.35,rural_region,Perak_interior,Perak
node/12670226705,CP2-VIEW,Viewpoint / Scenic Spot,tourism=viewpoint,4.4775137,101.3613049,32.65,rural_region,Perak_interior,Perak
node/12672244937,Hobbitoon Village,General Attraction,tourism=attraction,4.5675871,101.3302155,26.75,rural_region,Perak_interior,Perak
node/12884051401,Redup rindu campsite,Camp Site,tourism=camp_site,4.3793075,101.2248737,27.98,rural_region,Perak_interior,Perak
node/12886422331,Bukit Menglang,Mountain / Peak,natural=peak,4.3056509,101.3491344,42.89,rural_region,Perak_interior,Perak
node/12886422481,Gunung Plata,Mountain / Peak,natural=peak,4.2961411,101.3958799,47.25,rural_region,Perak_interior,Perak
node/12888012092,Gunung Kumbang,Mountain / Peak,natural=peak,4.2971776,101.2972927,40.04,rural_region,Perak_interior,Perak
node/12888012180,Gunung Lembah,Mountain / Peak,natural=peak,4.2684404,101.2846756,41.96,rural_region,Perak_interior,Perak
node/12889046276,Gunung Bergantong,Mountain / Peak,natural=peak,4.4132921,101.3196731,32.29,rural_region,Perak_interior,Perak
node/12889090278,Gunung Jor,Mountain / Peak,natural=peak,4.4000811,101.3566875,36.46,rural_region,Perak_interior,Perak
node/12892330331,Bukit Batu Putih,Mountain / Peak,natural=peak,4.3797224,101.452849,46.63,rural_region,Perak_interior,Perak
node/12919309628,Coral Hill,Viewpoint / Scenic Spot,tourism=viewpoint,4.495712,101.395998,35.56,rural_region,Perak_interior,Perak
node/12919309846,Gunung Rock,Mountain / Peak,natural=peak,4.4826216,101.4049727,36.96,rural_region,Perak_interior,Perak
node/12919310282,Gunung Chantek,Mountain / Peak,natural=peak,4.4622829,101.425867,39.92,rural_region,Perak_interior,Perak
node/12919310291,Gunung Bluat,Mountain / Peak,natural=peak,4.4397775,101.4139151,39.69,rural_region,Perak_interior,Perak
node/12919310292,Bukit Kachu,Mountain / Peak,natural=peak,4.4276628,101.3934016,38.27,rural_region,Perak_interior,Perak
node/12926408461,Bristol 171 Sycamore HR14 XJ381 Helicopter Crash Site,General Attraction,tourism=attraction,4.4546623,101.5054408,48.51,rural_region,Perak_interior,Perak
node/12953147301,Mossy forest,General Attraction,tourism=attraction,4.524308,101.3818526,33.21,rural_region,Perak_interior,Perak
node/12970244480,Bukit Masok,Mountain / Peak,natural=peak,4.4859213,101.2576175,22.0,rural_region,Perak_interior,Perak
node/12970244820,Bukit Riboo,Mountain / Peak,natural=peak,4.467032,101.3137507,28.43,rural_region,Perak_interior,Perak
node/12976110694,Bukit Palas,Mountain / Peak,natural=peak,4.5252814,101.4082289,36.04,rural_region,Perak_interior,Perak
node/12980162329,Bukit Kemunting,Mountain / Peak,natural=peak,4.4913522,101.3844753,34.5,rural_region,Perak_interior,Perak
node/12985249994,Fu Yun Lai Aquarium,Aquarium,tourism=aquarium,4.5720166,101.1154977,3.59,rural_region,Perak_interior,Perak
node/12995278201,Dayang Endah,Mountain / Peak,natural=peak,4.462347,101.3738107,34.6,rural_region,Perak_interior,Perak
node/13019951669,Gunung Salut,Mountain / Peak,natural=peak,4.9508872,101.0037766,41.03,rural_region,Perak_interior,Perak
node/13019998254,Gunung Hong,Mountain / Peak,natural=peak,4.9683555,101.0233126,42.49,rural_region,Perak_interior,Perak
node/13020013571,Gunung Kerengga,Mountain / Peak,natural=peak,4.9717061,100.9999986,43.37,rural_region,Perak_interior,Perak
node/13020049751,Gunung Nyaman,Mountain / Peak,natural=peak,4.9863436,101.0308748,44.33,rural_region,Perak_interior,Perak
node/13020265885,Gunung Jalong,Mountain / Peak,natural=peak,4.8397,101.1845,29.45,rural_region,Perak_interior,Perak
node/13020303826,Bukit Kamuning,Mountain / Peak,natural=peak,4.9135594,101.16299,36.65,rural_region,Perak_interior,Perak
node/13020312592,Bukit Kamuning,Mountain / Peak,natural=peak,4.9328715,101.1810189,39.21,rural_region,Perak_interior,Perak
node/13020318382,Gunung Panjas,Mountain / Peak,natural=peak,4.8586704,101.1980667,31.96,rural_region,Perak_interior,Perak
node/13020405071,Bukit Poh,Mountain / Peak,natural=peak,4.779722,101.1667598,22.53,rural_region,Perak_interior,Perak
node/13020547141,Gunung Cingkai,Mountain / Peak,natural=peak,4.8375116,101.2495826,32.51,rural_region,Perak_interior,Perak
node/13103119718,Gunung Kuar,Mountain / Peak,natural=peak,4.8438486,101.4032495,44.59,rural_region,Perak_interior,Perak
node/13152559602,Gunung Warpu,Mountain / Peak,natural=peak,4.6355772,101.3876966,33.34,rural_region,Perak_interior,Perak
node/13152559603,Gunung Chalil,Mountain / Peak,natural=peak,4.6217901,101.3709569,31.3,rural_region,Perak_interior,Perak
node/13158592974,Bukit Senjort,Mountain / Peak,natural=peak,4.7031771,101.4832556,45.29,rural_region,Perak_interior,Perak
node/13204071064,Puncak 559,Mountain / Peak,natural=peak,4.6715393,101.0439044,10.21,rural_region,Perak_interior,Perak
node/13204071065,Bukit Perangin,Mountain / Peak,natural=peak,4.6483186,101.0121122,10.67,rural_region,Perak_interior,Perak
node/13232054774,Bukit Mandi Angin,Mountain / Peak,natural=peak,4.9556383,100.8971797,45.73,rural_region,Perak_interior,Perak
node/13232288687,Gunung Tok Breh,Mountain / Peak,natural=peak,4.90248,100.8742338,41.99,rural_region,Perak_interior,Perak
node/13232331239,Bukit Cheralak,Mountain / Peak,natural=peak,4.930134,100.878502,44.3,rural_region,Perak_interior,Perak
node/13276975401,NZ STUDIO EMPIRE,Public Art,tourism=artwork,4.562175,101.1076172,3.85,rural_region,Perak_interior,Perak
node/13286637557,Kem Ohoi,Camp Site,tourism=camp_site,4.289429,101.3943082,47.65,rural_region,Perak_interior,Perak
node/13286658024,Bukit Sesat,Mountain / Peak,natural=peak,4.2466618,101.3624851,48.86,rural_region,Perak_interior,Perak
node/13286673963,Bukit Ladam Kuda,Mountain / Peak,natural=peak,4.2379522,101.3473178,48.62,rural_region,Perak_interior,Perak
node/13306174602,Hobbit House,General Attraction,tourism=attraction,4.4688593,101.3861721,35.56,rural_region,Perak_interior,Perak
node/13325811701,Ipoh Art Alexander Yong Studio,Public Art,tourism=artwork,4.5969359,101.0780228,1.44,rural_region,Perak_interior,Perak
node/13424618862,Muzium Telegraf Taiping,Museum,tourism=museum,4.8552029,100.7416042,48.45,rural_region,Perak_interior,Perak
node/13462422001,Papan Heritage Village,General Attraction,tourism=attraction,4.5147269,101.0119662,12.21,rural_region,Perak_interior,Perak
node/13465407482,Gunung Simpan,Mountain / Peak,natural=peak,4.9719283,101.201849,44.01,rural_region,Perak_interior,Perak
node/13465407483,Gunung Hol,Mountain / Peak,natural=peak,4.9686332,101.1905931,43.32,rural_region,Perak_interior,Perak
node/13469962171,Bukit Chinapeb,Mountain / Peak,natural=peak,4.9729759,101.3116953,48.95,rural_region,Perak_interior,Perak
node/13514170652,霹靂州抗日殉難僑胞公墓,Memorial,historic=memorial,4.8372488,100.7545134,46.11,rural_region,Perak_interior,Perak
node/13565867818,霹雳洞中山文物馆,Museum,tourism=museum,4.6436637,101.0999019,5.84,rural_region,Perak_interior,Perak
node/13565867820,Galeri Seni N&G Cawangan Taiping,Art Gallery,tourism=gallery,4.8484395,100.7387174,48.26,rural_region,Perak_interior,Perak
node/13837919001,Ipoh Art Alexander Yong Studio & Private Art Gallery,Public Art,tourism=artwork,4.5933627,101.0846071,0.62,rural_region,Perak_interior,Perak
node/13874847801,abandoned houses,Historic Ruins,historic=ruins,4.5917237,101.0803336,1.08,rural_region,Perak_interior,Perak
node/13897122917,Batu Siputeh,Mountain / Peak,natural=peak,4.4835555,100.9685643,18.09,rural_region,Perak_interior,Perak
node/13919509670,Gunung Tanggung,Mountain / Peak,natural=peak,4.4070948,101.3950316,39.57,rural_region,Perak_interior,Perak
node/13938865301,Gunung Berhid,Mountain / Peak,natural=peak,4.7621426,101.3972483,38.94,rural_region,Perak_interior,Perak
node/13938880001,Gunung Aler,Mountain / Peak,natural=peak,4.769423,101.3968876,39.3,rural_region,Perak_interior,Perak
node/13945009101,Kem Sg Liaq,Camp Site,tourism=camp_site,4.6375775,101.287219,22.43,rural_region,Perak_interior,Perak
node/14026330020,Taiping Original British Telephone Box,General Attraction,tourism=attraction,4.8521468,100.7419259,48.22,rural_region,Perak_interior,Perak
way/156177648,Dataran Ipoh,Park / Green Space,leisure=park,4.5988137,101.0911277,0.76,rural_region,Perak_interior,Perak
way/180208957,Taman D.R Seenivasagam,Park / Green Space,leisure=park,4.6041474,101.0834559,1.53,rural_region,Perak_interior,Perak
way/205764387,Taman Pertabalan,Park / Green Space,leisure=park,4.4710202,101.3801998,34.86,rural_region,Perak_interior,Perak
way/208505211,Tanjung Tualang Tin Dredge No. 5 (TT5),General Attraction,tourism=attraction,4.3969235,101.0531378,22.09,rural_region,Perak_interior,Perak
way/260753088,Taman Klebang Bayu Park,Park / Green Space,leisure=park,4.66626,101.110065,8.54,rural_region,Perak_interior,Perak
way/273017683,Gaharu Tea Valley,General Attraction,tourism=attraction,4.460772,101.1959289,18.73,rural_region,Perak_interior,Perak
way/281269110,Lost World of Tambun,Theme Park,tourism=theme_park,4.6249485,101.1557036,8.14,rural_region,Perak_interior,Perak
way/281478088,Taman Herba Negeri Perak,General Attraction,tourism=attraction,4.5040767,101.139748,11.23,rural_region,Perak_interior,Perak
way/281755978,Taiping Zoo & Night Safari,Zoo / Wildlife Park,tourism=zoo,4.8538802,100.7504538,47.58,rural_region,Perak_interior,Perak
way/283118326,Ipoh Padang,Park / Green Space,leisure=park,4.5989502,101.0767304,1.67,rural_region,Perak_interior,Perak
way/285387125,Padang Kilat,Park / Green Space,leisure=park,4.5694293,101.0839481,2.61,rural_region,Perak_interior,Perak
way/287003384,Taman Rekreasi Sultan Abdul Aziz,Park / Green Space,leisure=park,4.596123,101.1116985,2.44,rural_region,Perak_interior,Perak
way/287500455,Taman Rekreasi MADANI Rapat Setia,Park / Green Space,leisure=park,4.5708099,101.1270573,4.73,rural_region,Perak_interior,Perak
way/289187965,Unmanaged Park,Park / Green Space,leisure=park,4.6280798,101.1293453,5.91,rural_region,Perak_interior,Perak
way/299635595,The King's Park,Park / Green Space,leisure=park,4.6596127,101.1017475,7.62,rural_region,Perak_interior,Perak
way/299647034,Ipoh,General Attraction,tourism=attraction,4.5981487,101.07339,1.97,rural_region,Perak_interior,Perak
way/300886387,People's Park,Park / Green Space,leisure=park,4.5940543,101.0792445,1.22,rural_region,Perak_interior,Perak
way/305536488,First Garden Jogging Track,Park / Green Space,leisure=park,4.5964708,101.0577502,3.62,rural_region,Perak_interior,Perak
way/312950612,Taman Awam Changkat,Park / Green Space,leisure=park,4.4738102,101.0373872,14.39,rural_region,Perak_interior,Perak
way/313687771,Taiping Lake Gardens,Park / Green Space,leisure=park,4.8547706,100.7502302,47.66,rural_region,Perak_interior,Perak
way/314684009,Medan Lapangan Lagenda Park,Park / Green Space,leisure=park,4.5576394,101.1104721,4.45,rural_region,Perak_interior,Perak
way/315577605,Padang Bola Desa Pakatan,Other (park;pitch),leisure=park;pitch,4.5409345,101.0779127,5.85,rural_region,Perak_interior,Perak
way/315583259,Eco Park 1,Park / Green Space,leisure=park,4.5324688,101.1013259,6.75,rural_region,Perak_interior,Perak
way/339101041,Kellie's Castle,General Attraction,tourism=attraction,4.4744818,101.0877549,13.08,rural_region,Perak_interior,Perak
way/360451797,Taman Rama-rama,Zoo / Wildlife Park,tourism=zoo,4.5073271,101.4069314,36.36,rural_region,Perak_interior,Perak
way/451846523,Boat House,General Attraction,tourism=attraction,4.8503794,100.7469408,47.65,rural_region,Perak_interior,Perak
way/455463439,Taman Rekreasi Kuala Kangsar,Park / Green Space,leisure=park,4.7711379,100.944057,25.66,rural_region,Perak_interior,Perak
way/462125664,Bharat Tea Garden Picnic Site,Picnic / Recreation Site,tourism=picnic_site,4.4528895,101.3669492,34.37,rural_region,Perak_interior,Perak
way/476866753,taman arkid playground,Park / Green Space,leisure=park,4.5847336,101.0345373,6.21,rural_region,Perak_interior,Perak
way/480319268,Westlake Garden,Park / Green Space,leisure=park,4.3313807,101.1361761,29.44,rural_region,Perak_interior,Perak
way/480978259,Muzium Perlombongan Bijih Timah Kinta,Museum,tourism=museum,4.3258987,101.1465162,30.25,rural_region,Perak_interior,Perak
way/486702757,Chong Tse Yen Park,Park / Green Space,leisure=park,4.5791244,101.0783757,1.94,rural_region,Perak_interior,Perak
way/489733895,Playground at Pegoh,Park / Green Space,leisure=park,4.5594427,101.0771122,3.91,rural_region,Perak_interior,Perak
way/489733896,Playground at Pegoh,Park / Green Space,leisure=park,4.5589465,101.0787849,3.89,rural_region,Perak_interior,Perak
way/491085944,Harvard Park,Park / Green Space,leisure=park,4.3288211,101.1320568,29.64,rural_region,Perak_interior,Perak
way/491880616,Dataran Sungai Perak,Park / Green Space,leisure=park,4.7744551,100.9438502,25.96,rural_region,Perak_interior,Perak
way/512009886,Hutan Lipur Ulu Kenas,Nature Reserve,leisure=nature_reserve,4.6873,100.8864303,24.93,rural_region,Perak_interior,Perak
way/512009893,Kem Wawasan Negara Ulu Kenas,Camp Site,tourism=camp_site,4.6858612,100.883714,25.14,rural_region,Perak_interior,Perak
way/514594783,Istana Iskandariah,Historic Fort/Castle,historic=castle,4.7621164,100.9549124,24.12,rural_region,Perak_interior,Perak
way/536355981,Kem PLKN Desa Rimba,Camp Site,tourism=camp_site,4.9549821,100.9237182,44.36,rural_region,Perak_interior,Perak
way/538796299,Persisiran Sayong,Park / Green Space,leisure=park,4.7719317,100.9475278,25.49,rural_region,Perak_interior,Perak
way/538938375,Muzium Diraja Perak,Museum,tourism=museum,4.7602391,100.9557598,23.9,rural_region,Perak_interior,Perak
way/542472176,Muzium Beruas,Museum,tourism=museum,4.5012171,100.7801462,35.81,rural_region,Perak_interior,Perak
way/544227796,Taman Rakyat,Park / Green Space,leisure=park,4.2950989,100.7608433,49.22,rural_region,Perak_interior,Perak
way/545786411,Ride & Cruise Taiping,General Attraction,tourism=attraction,4.8501499,100.7469143,47.64,rural_region,Perak_interior,Perak
way/546809862,Taman Sentosa,Park / Green Space,leisure=park,4.3225264,101.1487442,30.67,rural_region,Perak_interior,Perak
way/546809864,Kampar Park,Park / Green Space,leisure=park,4.3159659,101.1509063,31.44,rural_region,Perak_interior,Perak
way/548245758,Kompleks Sejarah Pasir Salak,Museum,tourism=museum,4.1728656,100.9472327,49.23,rural_region,Perak_interior,Perak
way/556172515,West City Park,Park / Green Space,leisure=park,4.3226816,101.1278386,30.25,rural_region,Perak_interior,Perak
way/556172516,West City Park,Park / Green Space,leisure=park,4.3217475,101.1285909,30.36,rural_region,Perak_interior,Perak
way/558991488,Oval Park UTP,Park / Green Space,leisure=park,4.3841495,100.9768435,26.31,rural_region,Perak_interior,Perak
way/562623151,Taman Permainan,Park / Green Space,leisure=park,4.6590066,101.0746779,7.63,rural_region,Perak_interior,Perak
way/583511455,Strand Park,Park / Green Space,leisure=park,4.6904925,101.1132502,11.24,rural_region,Perak_interior,Perak
way/683594835,Taman Jepun,Park / Green Space,leisure=park,4.3086644,101.1529724,32.28,rural_region,Perak_interior,Perak
way/696105994,Tasik Cermin,General Attraction,tourism=attraction,4.5589512,101.1202727,4.98,rural_region,Perak_interior,Perak
way/696105995,Tasik Cermin 2,General Attraction,tourism=attraction,4.557043,101.1188682,5.04,rural_region,Perak_interior,Perak
way/704563220,Geological Museum Ipoh,Museum,tourism=museum,4.597758,101.1193626,3.3,rural_region,Perak_interior,Perak
way/704563221,Darul Ridzuan Museum,Museum,tourism=museum,4.6045177,101.0781066,1.92,rural_region,Perak_interior,Perak
way/714427450,Taman Muhibbah,Park / Green Space,leisure=park,4.3091655,101.1531036,32.23,rural_region,Perak_interior,Perak
way/722121450,Surau Muzium,Museum,tourism=museum,4.8605716,100.7456882,48.45,rural_region,Perak_interior,Perak
way/722229612,Muzium Perak,Museum,tourism=museum,4.8604418,100.7453043,48.48,rural_region,Perak_interior,Perak
way/743772584,Pusat Kecemerlangan Orang Asli Perak (PKPOAP),Park / Green Space,leisure=park,4.5677495,101.2104351,13.61,rural_region,Perak_interior,Perak
way/753495753,巴占文化旅游馆,General Attraction,tourism=attraction,4.6406865,101.1291485,6.92,rural_region,Perak_interior,Perak
way/754918393,Oval Park UTP,Park / Green Space,leisure=park,4.383666,100.978008,26.3,rural_region,Perak_interior,Perak
way/768800764,Nam Thean Tong Temple 南天洞,General Attraction,tourism=attraction,4.5655328,101.1147944,4.03,rural_region,Perak_interior,Perak
way/771010783,V3 Park,Park / Green Space,leisure=park,4.387104,100.9651405,26.67,rural_region,Perak_interior,Perak
way/776601918,Chancellor Park,Park / Green Space,leisure=park,4.3813862,100.9664206,27.15,rural_region,Perak_interior,Perak
way/778885769,Istana Cempaka Sari,Historic Fort/Castle,historic=castle,4.5868414,101.1124056,2.54,rural_region,Perak_interior,Perak
way/790915931,Trong Leisure Farm & Resort,General Attraction,tourism=attraction,4.7073811,100.7079474,44.25,rural_region,Perak_interior,Perak
way/804934128,Taman Pinggir Sungai Pasir Pinji,Park / Green Space,leisure=park,4.5720853,101.0911876,2.23,rural_region,Perak_interior,Perak
way/824860061,Galeri Puo,Art Gallery,tourism=gallery,4.5874428,101.1249075,3.89,rural_region,Perak_interior,Perak
way/832118577,Taman Rekreasi Gunung Lang,Park / Green Space,leisure=park,4.6236005,101.0893818,3.5,rural_region,Perak_interior,Perak
way/864963780,Eco Park 2,Park / Green Space,leisure=park,4.5261665,101.0963527,7.36,rural_region,Perak_interior,Perak
way/880045310,Pine Park,Park / Green Space,leisure=park,4.6901443,101.1122707,11.18,rural_region,Perak_interior,Perak
way/917014572,Perpaduan Indah 3,Park / Green Space,leisure=park,4.6200389,101.1415586,6.49,rural_region,Perak_interior,Perak
way/957912731,Strand Park,Park / Green Space,leisure=park,4.6905166,101.1132502,11.24,rural_region,Perak_interior,Perak
way/958139421,Istana Al-Ridhuan Perak,Historic Fort/Castle,historic=castle,4.5965381,101.1003519,1.24,rural_region,Perak_interior,Perak
way/962258024,Tanah Perkuburan Perang Taiping,Memorial,historic=memorial,4.8588114,100.7572761,47.33,rural_region,Perak_interior,Perak
way/962308918,Creagh Garden,Park / Green Space,leisure=park,4.8561628,100.7294145,49.6,rural_region,Perak_interior,Perak
way/963212134,Strand Park Recreational Area,Park / Green Space,leisure=park,4.6918164,101.1122711,11.36,rural_region,Perak_interior,Perak
way/991338950,Little India,General Attraction,tourism=attraction,4.5929275,101.0754218,1.63,rural_region,Perak_interior,Perak
way/1036178523,Parkland Park,Park / Green Space,leisure=park,4.6970377,101.1184968,12.09,rural_region,Perak_interior,Perak
way/1052405496,Kinta Riverfront Walk,Park / Green Space,leisure=park,4.6037565,101.0806735,1.66,rural_region,Perak_interior,Perak
way/1065784289,MARDI Agrotechnology Park,Park / Green Space,leisure=park,4.4683416,101.3850759,35.48,rural_region,Perak_interior,Perak
way/1095091665,华城 WaterFront City,Public Art,tourism=artwork,4.542467,101.0344472,8.28,rural_region,Perak_interior,Perak
way/1112707080,Chimp Cameron Highlands Montane Park,General Attraction,tourism=attraction,4.4740209,101.3832849,35.05,rural_region,Perak_interior,Perak
way/1112707081,Parit Falls Sheltered Bridge,General Attraction,tourism=attraction,4.4753247,101.3834958,35.02,rural_region,Perak_interior,Perak
way/1122528823,Geopark Lubuk Timah,Park / Green Space,leisure=park,4.559069,101.1628749,8.86,rural_region,Perak_interior,Perak
way/1124151889,Taman Eko Rimba Kledang Saiong,Other (information),tourism=information,4.6843048,101.0678462,10.55,rural_region,Perak_interior,Perak
way/1150097291,Refarm,Other (water_park),leisure=water_park,4.2715881,101.1716612,36.77,rural_region,Perak_interior,Perak
way/1174262961,Arch of Virtue and Knowledge,Public Art,tourism=artwork,4.3348485,101.1351042,29.04,rural_region,Perak_interior,Perak
way/1174262962,Arch of Virtue and Knowledge,Public Art,tourism=artwork,4.3373844,101.1453517,28.98,rural_region,Perak_interior,Perak
way/1254519303,Kolam Renang Kemahkotaan,General Attraction,tourism=attraction,4.8599977,100.7595858,47.21,rural_region,Perak_interior,Perak
way/1254521195,Tapak Perkhemahan Hutan Lipur Kaki Bukit Larut,Camp Site,tourism=camp_site,4.8624387,100.760814,47.28,rural_region,Perak_interior,Perak
way/1300905706,Concubine Lane,General Attraction,tourism=attraction,4.5962007,101.0784132,1.37,rural_region,Perak_interior,Perak
way/1370788382,Laman Bemban Raya,Park / Green Space,leisure=park,4.4667322,101.0143508,16.27,rural_region,Perak_interior,Perak
way/1392382850,Lata Iskandar,Picnic / Recreation Site,tourism=picnic_site,4.3243597,101.3250402,39.56,rural_region,Perak_interior,Perak
way/1396662380,Habu BOH Tea Plantation Viewpoint,Viewpoint / Scenic Spot,tourism=viewpoint,4.4499906,101.4224007,40.08,rural_region,Perak_interior,Perak
way/1410949861,Sentosa Eco Park,Camp Site,tourism=camp_site,4.311075,101.229402,34.86,rural_region,Perak_interior,Perak
way/1413079823,Istana Kedah,Historic Fort/Castle,historic=castle,4.4830427,101.3752871,33.86,rural_region,Perak_interior,Perak
way/1413462407,Tan's Camellia Garden,General Attraction,tourism=attraction,4.4730624,101.3698453,33.72,rural_region,Perak_interior,Perak
way/1470148953,A4 Skyhawk,General Attraction,tourism=attraction,4.7720218,100.9418185,25.89,rural_region,Perak_interior,Perak
node/2161373522,Puncak Janing,General Attraction,tourism=attraction,6.3726075,100.5583578,35.21,rural_region,Kedah,Kedah
node/2367374136,Gunung Keriang,Mountain / Peak,natural=peak,6.1871693,100.3317064,8.66,rural_region,Kedah,Kedah
node/2368020209,Gunung Jerai,Mountain / Peak,natural=peak,5.787128,100.4347358,37.56,rural_region,Kedah,Kedah
node/2448331303,Bukit Enggang,Mountain / Peak,natural=peak,5.8364153,100.7091888,49.02,rural_region,Kedah,Kedah
node/2455807765,Bukit Hantu,Mountain / Peak,natural=peak,6.3540491,100.3022799,27.21,rural_region,Kedah,Kedah
node/2455807766,Bukit Tunjang,Mountain / Peak,natural=peak,6.3008799,100.3802334,20.33,rural_region,Kedah,Kedah
node/2455807767,Bukit Rawa,Mountain / Peak,natural=peak,6.4124989,100.3309452,32.96,rural_region,Kedah,Kedah
node/2455807768,Bukit Kalong,Mountain / Peak,natural=peak,6.3731343,100.3063751,29.15,rural_region,Kedah,Kedah
node/2455807769,Bukit Keplu,Mountain / Peak,natural=peak,6.397359,100.3131997,31.62,rural_region,Kedah,Kedah
node/2455807770,Bukit Telipong,Mountain / Peak,natural=peak,6.4232545,100.3709591,33.9,rural_region,Kedah,Kedah
node/2455807771,Bukit Kodiang,Mountain / Peak,natural=peak,6.3807686,100.3142371,29.78,rural_region,Kedah,Kedah
node/2583891814,0 KM,Public Art,tourism=artwork,6.1167783,100.36549,0.38,rural_region,Kedah,Kedah
node/2666480829,Bukit Choras,Mountain / Peak,natural=peak,5.9643915,100.4185644,18.0,rural_region,Kedah,Kedah
node/2875391623,Bukit Tongkat Ali,Mountain / Peak,natural=peak,6.1864499,100.5088274,17.26,rural_region,Kedah,Kedah
node/2903624916,Menara Tanjung Chali,Viewpoint / Scenic Spot,tourism=viewpoint,6.1168741,100.3623064,0.71,rural_region,Kedah,Kedah
node/2904563604,Bukit Pinang,Mountain / Peak,natural=peak,5.939892,100.463431,22.45,rural_region,Kedah,Kedah
node/2906594223,Bukit Tinggi,Mountain / Peak,natural=peak,6.2115541,100.4293194,12.35,rural_region,Kedah,Kedah
node/3178231284,Sime Darby Lake,General Attraction,tourism=attraction,6.4675868,100.5014852,41.52,rural_region,Kedah,Kedah
node/3247941548,Bukit Lalang,Mountain / Peak,natural=peak,6.0012905,100.5367272,22.71,rural_region,Kedah,Kedah
node/3247941942,Bukit Guar Kepayang,Mountain / Peak,natural=peak,6.0244317,100.5033017,18.2,rural_region,Kedah,Kedah
node/3253898271,Bukit Besar,Mountain / Peak,natural=peak,6.332506,100.4717118,26.4,rural_region,Kedah,Kedah
node/3253898289,Bukit Bertam,Mountain / Peak,natural=peak,6.3394259,100.5000936,28.56,rural_region,Kedah,Kedah
node/3253898296,Bukit Hangus,Mountain / Peak,natural=peak,6.3431175,100.4837743,28.05,rural_region,Kedah,Kedah
node/3253898371,Bukit Runtoh,Mountain / Peak,natural=peak,6.3468655,100.5001257,29.28,rural_region,Kedah,Kedah
node/3253898404,Bukit Keluang,Mountain / Peak,natural=peak,6.3527284,100.4509103,27.6,rural_region,Kedah,Kedah
node/3253898912,Bukit Damar,Mountain / Peak,natural=peak,6.3854061,100.4917076,32.66,rural_region,Kedah,Kedah
node/3253900081,Bukit Tunggal,Mountain / Peak,natural=peak,6.4403232,100.4682615,37.46,rural_region,Kedah,Kedah
node/3264883867,Darulaman Golf & Country Club,General Attraction,tourism=attraction,6.2477825,100.4384148,16.33,rural_region,Kedah,Kedah
node/3266589694,Bukit Bendang Bongsu,Mountain / Peak,natural=peak,6.4649087,100.4479156,39.52,rural_region,Kedah,Kedah
node/3266589695,Bukit Damar Tok Mat,Mountain / Peak,natural=peak,6.3966629,100.5623002,37.63,rural_region,Kedah,Kedah
node/3266589696,Bukit Gua Siring,Mountain / Peak,natural=peak,6.4691591,100.4610736,40.32,rural_region,Kedah,Kedah
node/3266589697,Bukit Kachi,Mountain / Peak,natural=peak,6.3955544,100.5321748,35.74,rural_region,Kedah,Kedah
node/3266589698,Bukit Lebai,Mountain / Peak,natural=peak,6.3861457,100.5394919,35.26,rural_region,Kedah,Kedah
node/3266589699,Bukit Perangin,Mountain / Peak,natural=peak,6.370981,100.5174125,32.55,rural_region,Kedah,Kedah
node/3266589700,Bukit Tok Mok,Mountain / Peak,natural=peak,6.369374,100.5784932,36.3,rural_region,Kedah,Kedah
node/3266742508,Bukit Alor,Mountain / Peak,natural=peak,6.2717566,100.4553301,19.57,rural_region,Kedah,Kedah
node/3266742510,Bukit Balek Angin,Mountain / Peak,natural=peak,6.375918,100.7280689,48.99,rural_region,Kedah,Kedah
node/3266742514,Bukit Berapit,Mountain / Peak,natural=peak,6.3073073,100.5232739,27.09,rural_region,Kedah,Kedah
node/3266742517,Bukit Dada Ayam,Mountain / Peak,natural=peak,5.9855653,100.7657896,46.35,rural_region,Kedah,Kedah
node/3266742518,Bukit Damar,Mountain / Peak,natural=peak,5.9980701,100.7829594,47.74,rural_region,Kedah,Kedah
node/3266742520,Bukit Gelugor,Mountain / Peak,natural=peak,6.293504,100.6103128,33.07,rural_region,Kedah,Kedah
node/3266742524,Bukit Hijau,Mountain / Peak,natural=peak,6.1806163,100.4791575,14.05,rural_region,Kedah,Kedah
node/3266742525,Bukit Jambol,Mountain / Peak,natural=peak,6.1579337,100.7178888,38.88,rural_region,Kedah,Kedah
node/3266742526,Bukit Janda Berinai,Mountain / Peak,natural=peak,6.2568348,100.770702,47.05,rural_region,Kedah,Kedah
node/3266742527,Bukit Jani,Mountain / Peak,natural=peak,6.2200512,100.7964682,48.64,rural_region,Kedah,Kedah
node/3266742528,Bukit Jeniang,Mountain / Peak,natural=peak,5.8113534,100.6085266,43.25,rural_region,Kedah,Kedah
node/3266742529,Bukit Jeram Ketam,Mountain / Peak,natural=peak,5.9606113,100.7408436,44.76,rural_region,Kedah,Kedah
node/3266742530,Bukit Kajang,Mountain / Peak,natural=peak,5.9081717,100.6227132,36.56,rural_region,Kedah,Kedah
node/3266742531,Bukit Karoh,Mountain / Peak,natural=peak,6.2676711,100.637174,34.02,rural_region,Kedah,Kedah
node/3266742532,Bukit Karong Kelang Lama,Mountain / Peak,natural=peak,5.7322063,100.4792137,44.65,rural_region,Kedah,Kedah
node/3266742533,Bukit Kawah,Mountain / Peak,natural=peak,6.414282,100.6732272,47.08,rural_region,Kedah,Kedah
node/3266742534,Bukit Kepah,Mountain / Peak,natural=peak,6.2959864,100.624093,34.47,rural_region,Kedah,Kedah
node/3266742535,Bukit Kepala Gajah,Mountain / Peak,natural=peak,5.769291,100.4541402,39.96,rural_region,Kedah,Kedah
node/3266742537,Bukit Kerong,Mountain / Peak,natural=peak,6.284966,100.5213784,25.07,rural_region,Kedah,Kedah
node/3266742540,Bukit Kolam,Mountain / Peak,natural=peak,6.1935854,100.718429,39.58,rural_region,Kedah,Kedah
node/3266742541,Bukit Kubu,Mountain / Peak,natural=peak,6.2764068,100.5278807,24.88,rural_region,Kedah,Kedah
node/3266742543,Bukit Mah Baru,Mountain / Peak,natural=peak,6.2626729,100.5216517,23.32,rural_region,Kedah,Kedah
node/3266742544,Bukit Masjid,Mountain / Peak,natural=peak,6.1642662,100.7508276,42.58,rural_region,Kedah,Kedah
node/3266742545,Bukit Merah,Mountain / Peak,natural=peak,6.2102098,100.7640922,44.91,rural_region,Kedah,Kedah
node/3266742547,Bukit Nguan,Mountain / Peak,natural=peak,6.3992669,100.671535,45.8,rural_region,Kedah,Kedah
node/3266742550,Bukit Pak Jura,Mountain / Peak,natural=peak,6.1168789,100.7102308,37.78,rural_region,Kedah,Kedah
node/3266742552,Bukit Paku,Mountain / Peak,natural=peak,5.9198223,100.5989612,33.72,rural_region,Kedah,Kedah
node/3266742554,Bukit Payong,Mountain / Peak,natural=peak,6.2833465,100.4768524,21.91,rural_region,Kedah,Kedah
node/3266742555,Bukit Pinang,Mountain / Peak,natural=peak,6.1941368,100.4368694,11.32,rural_region,Kedah,Kedah
node/3266742556,Bukit Puyoh,Mountain / Peak,natural=peak,6.284263,100.7647998,47.53,rural_region,Kedah,Kedah
node/3266742557,Bukit Rasau,Mountain / Peak,natural=peak,6.2917468,100.7390885,45.27,rural_region,Kedah,Kedah
node/3266742558,Bukit Reban,Mountain / Peak,natural=peak,5.9487785,100.704437,41.66,rural_region,Kedah,Kedah
node/3266742560,Bukit Haji,Mountain / Peak,natural=peak,6.2781376,100.4686634,20.93,rural_region,Kedah,Kedah
node/3266742861,Bukit Satu,Mountain / Peak,natural=peak,6.2929374,100.528567,26.26,rural_region,Kedah,Kedah
node/3266742863,Bukit Serunai,Mountain / Peak,natural=peak,5.9531206,100.7432735,45.33,rural_region,Kedah,Kedah
node/3266742864,Bukit Siring,Mountain / Peak,natural=peak,6.2950746,100.6715929,38.84,rural_region,Kedah,Kedah
node/3266742866,Bukit Tegor,Mountain / Peak,natural=peak,5.9365487,100.6003872,32.66,rural_region,Kedah,Kedah
node/3266742868,Bukit Tiang Layar,Mountain / Peak,natural=peak,6.2648001,100.508625,22.47,rural_region,Kedah,Kedah
node/3266742870,Bukit Tok Sing,Mountain / Peak,natural=peak,6.321586,100.6652816,39.83,rural_region,Kedah,Kedah
node/3266742872,Bukit Tok Tekai,Mountain / Peak,natural=peak,6.2926276,100.5533323,28.16,rural_region,Kedah,Kedah
node/3266742873,Bukit Tunggal Kechil,Mountain / Peak,natural=peak,6.2817861,100.4448485,20.03,rural_region,Kedah,Kedah
node/3266742874,Bukit Ular Utara,Mountain / Peak,natural=peak,6.3061923,100.68295,40.55,rural_region,Kedah,Kedah
node/3266742875,Bukit Ular Selatan,Mountain / Peak,natural=peak,6.2640956,100.6956535,39.63,rural_region,Kedah,Kedah
node/3266742876,Bukit Umi,Mountain / Peak,natural=peak,6.2826124,100.6141812,32.73,rural_region,Kedah,Kedah
node/3266742880,Gunung Perak,Mountain / Peak,natural=peak,5.9646782,100.6364112,34.2,rural_region,Kedah,Kedah
node/3269053062,Bukit Belida,Mountain / Peak,natural=peak,5.7790218,100.372658,37.74,rural_region,Kedah,Kedah
node/3269053063,Bukit Labu,Mountain / Peak,natural=peak,5.7729605,100.3757745,38.42,rural_region,Kedah,Kedah
node/3269053064,Bukit Perangin,Mountain / Peak,natural=peak,5.7467977,100.3705286,41.32,rural_region,Kedah,Kedah
node/3280570961,Gua Kerbang,Cave,natural=cave_entrance,6.389637,100.3152631,30.73,rural_region,Kedah,Kedah
node/3608190314,Flower Clock of UUM,General Attraction,tourism=attraction,6.4678232,100.5052785,41.69,rural_region,Kedah,Kedah
node/3608427566,Tasik Guthrie,General Attraction,tourism=attraction,6.4682628,100.5015468,41.59,rural_region,Kedah,Kedah
node/3786211568,Alor Star 250 Tahun,Monument,historic=monument,6.1181727,100.3658175,0.3,rural_region,Kedah,Kedah
node/3929296731,Rimba Rekreasi Bukit Wang,General Attraction,tourism=attraction,6.3188145,100.4831085,25.63,rural_region,Kedah,Kedah
node/4044262570,Darulaman Hills,Mountain / Peak,natural=peak,6.2460102,100.4478289,16.68,rural_region,Kedah,Kedah
node/4234986991,Rumah Ain,Camp Site,tourism=camp_site,5.845666,100.6584263,44.13,rural_region,Kedah,Kedah
node/4241588189,Istana Diraja Perlis,Historic Fort/Castle,historic=castle,6.4309834,100.2716503,36.37,rural_region,Kedah,Kedah
node/4286179992,Tugu Pahlawan,Monument,historic=monument,6.1473248,100.3729048,3.25,rural_region,Kedah,Kedah
node/4441803655,Kawasan Perkhemahan Hutan Lipur Sungai Teroi,Camp Site,tourism=camp_site,5.8063108,100.4317918,35.4,rural_region,Kedah,Kedah
node/4698526698,Bukit Ketri,Mountain / Peak,natural=peak,6.5202817,100.2629738,46.18,rural_region,Kedah,Kedah
node/4810859305,Tailor,Public Art,tourism=artwork,6.1173097,100.3631859,0.6,rural_region,Kedah,Kedah
node/4810859500,Starsky Restaurant & Lounge,Viewpoint / Scenic Spot,tourism=viewpoint,6.124542,100.3675055,0.69,rural_region,Kedah,Kedah
node/4920149323,BDB Bike Park,General Attraction,tourism=attraction,6.2482355,100.4465897,16.82,rural_region,Kedah,Kedah
node/4925313942,Bukit Kelubi,Mountain / Peak,natural=peak,6.2694165,100.4622689,19.73,rural_region,Kedah,Kedah
node/4951864112,Bukit Tunggul Besar,Mountain / Peak,natural=peak,6.3140463,100.4839153,25.22,rural_region,Kedah,Kedah
node/5011460021,Bukit Lagi,Mountain / Peak,natural=peak,6.4224422,100.1925704,39.0,rural_region,Kedah,Kedah
node/5188601323,Bukit Asam,Mountain / Peak,natural=peak,6.2372003,100.4960968,19.33,rural_region,Kedah,Kedah
node/5337303707,Batu Peringatan Tsunami di Kuala Sala,Memorial,historic=memorial,5.9724408,100.3523552,16.33,rural_region,Kedah,Kedah
node/5354532681,Camping,Camp Site,tourism=camp_site,5.7243354,100.4179244,44.16,rural_region,Kedah,Kedah
node/5411633259,Muzium Pengurusan UUM,Museum,tourism=museum,6.4613495,100.5055824,41.03,rural_region,Kedah,Kedah
node/5500281422,Sungai Tok Pawang Durian Orchard,General Attraction,tourism=attraction,5.7641094,100.4870731,41.52,rural_region,Kedah,Kedah
node/5535253361,Bukit Seni,Mountain / Peak,natural=peak,6.0003418,100.4423815,15.46,rural_region,Kedah,Kedah
node/5735666921,Ladang kerbau tobiar,Public Art,tourism=artwork,6.0602383,100.4868096,14.59,rural_region,Kedah,Kedah
node/5949076126,Convent Alor Setar,Public Art,tourism=artwork,6.124845,100.3685001,0.72,rural_region,Kedah,Kedah
node/6157002047,Muzium Mempelam Kedah,Museum,tourism=museum,5.9683467,100.4011559,17.07,rural_region,Kedah,Kedah
node/6192272088,Sejarah Tok Pasai,Memorial,historic=memorial,6.1061401,100.2904718,8.73,rural_region,Kedah,Kedah
node/6712506686,Kampung Bendahara,General Attraction,tourism=attraction,6.3961905,100.3257034,31.25,rural_region,Kedah,Kedah
node/6712506687,Kampung Bendahara,General Attraction,tourism=attraction,6.3964593,100.325807,31.28,rural_region,Kedah,Kedah
node/6712510885,Kampung Pering,General Attraction,tourism=attraction,6.3714522,100.3361401,28.36,rural_region,Kedah,Kedah
node/6712510886,Kampung Pering,General Attraction,tourism=attraction,6.3723465,100.3348773,28.48,rural_region,Kedah,Kedah
node/6806162537,Shark Point,General Attraction,tourism=attraction,6.0692468,100.0439171,36.3,rural_region,Kedah,Kedah
node/7144521339,Telaga Gajah,General Attraction,tourism=attraction,5.992,100.4785302,18.59,rural_region,Kedah,Kedah
node/7213798515,Replika Pintu Gerbang Kacapuri,Monument,historic=monument,6.1365825,100.3691411,2.02,rural_region,Kedah,Kedah
node/7309824697,Pantai Murni,General Attraction,tourism=attraction,5.7938108,100.3672394,36.09,rural_region,Kedah,Kedah
node/7495812398,Kuala Kedah Bandar Maritim,Public Art,tourism=artwork,6.1060063,100.2917057,8.6,rural_region,Kedah,Kedah
node/7574816081,Medan Buah,Public Art,tourism=artwork,6.117867,100.3653867,0.35,rural_region,Kedah,Kedah
node/7837573031,Pintu Gerbang Kacapuri,Historic Fort/Castle,historic=fort,6.1092875,100.287682,8.99,rural_region,Kedah,Kedah
node/7837573032,Pintu Gerbang British,Historic Fort/Castle,historic=fort,6.1086485,100.2878869,8.98,rural_region,Kedah,Kedah
node/8258955827,Bukit Batu Puteh / เขาผาขาว,Mountain / Peak,natural=peak,6.4225174,100.1241714,43.28,rural_region,Kedah,Kedah
node/8258955828,Bukit Wehi,Mountain / Peak,natural=peak,6.4378249,100.1343225,43.95,rural_region,Kedah,Kedah
node/8258955829,เขาตีโบย,Mountain / Peak,natural=peak,6.450155,100.1182474,46.11,rural_region,Kedah,Kedah
node/8258955831,Bukit Kondol,Mountain / Peak,natural=peak,6.4598781,100.1704017,43.83,rural_region,Kedah,Kedah
node/8258955832,Bukit Besi Hangit,Mountain / Peak,natural=peak,6.4532978,100.1866937,42.31,rural_region,Kedah,Kedah
node/8258955833,Bukit Tok Poh,Mountain / Peak,natural=peak,6.4109535,100.1424948,41.02,rural_region,Kedah,Kedah
node/8258955834,Batu Puteh,Mountain / Peak,natural=peak,6.4178836,100.1445064,41.5,rural_region,Kedah,Kedah
node/8258955835,Bukit Papan,Mountain / Peak,natural=peak,6.4059726,100.1553327,39.72,rural_region,Kedah,Kedah
node/8258955837,Buket Balong Nakha,Mountain / Peak,natural=peak,6.4863498,100.1329789,48.49,rural_region,Kedah,Kedah
node/8258955838,เขาบ่อน้ำ,Mountain / Peak,natural=peak,6.4845376,100.1387618,47.98,rural_region,Kedah,Kedah
node/8258955839,เขาตูอูด,Mountain / Peak,natural=peak,6.4909865,100.1233251,49.5,rural_region,Kedah,Kedah
node/9035698651,Bukit Sapi,Mountain / Peak,natural=peak,6.2714368,100.466913,20.2,rural_region,Kedah,Kedah
node/9067212078,Trek Kurong Tengar,General Attraction,tourism=attraction,6.3683399,100.1423603,37.38,rural_region,Kedah,Kedah
node/9321123175,Batu kenangan Terusan Wan Muhammad Saman,Memorial,historic=memorial,5.8433335,100.4667353,32.46,rural_region,Kedah,Kedah
node/9463497233,慰霊碑,Memorial,historic=memorial,6.114882,100.3651822,0.54,rural_region,Kedah,Kedah
node/9678985617,KEBUN DURIAN HJ HALIM,General Attraction,tourism=attraction,5.8959455,100.6404302,38.94,rural_region,Kedah,Kedah
node/9954336043,Bukit Penjara,Mountain / Peak,natural=peak,5.6691352,100.3716436,49.96,rural_region,Kedah,Kedah
node/11296601228,Bukit Tok Pak Nor,Mountain / Peak,natural=peak,6.2692487,100.6144417,31.95,rural_region,Kedah,Kedah
node/11296601266,Bukit Endin,Mountain / Peak,natural=peak,6.2871479,100.5773742,29.75,rural_region,Kedah,Kedah
node/11296602556,Bukit Genting Tok Lela,Mountain / Peak,natural=peak,6.2803745,100.5391621,26.08,rural_region,Kedah,Kedah
node/11296602557,Bukit Jerding,Mountain / Peak,natural=peak,6.2635542,100.5567738,26.34,rural_region,Kedah,Kedah
node/11296602564,Bukit Kerbau Berguling,Mountain / Peak,natural=peak,6.2519045,100.5113218,21.67,rural_region,Kedah,Kedah
node/11296602565,Bukit Genting Tok Menora,Mountain / Peak,natural=peak,6.234721,100.5200498,21.17,rural_region,Kedah,Kedah
node/11296602566,Bukit Petai,Mountain / Peak,natural=peak,6.2579814,100.5011532,21.35,rural_region,Kedah,Kedah
node/11296644654,Bukit Bendang Seberang,Mountain / Peak,natural=peak,6.226669,100.7393805,42.73,rural_region,Kedah,Kedah
node/11297055185,Bukit Tok Morin,Mountain / Peak,natural=peak,6.2853711,100.5576596,27.96,rural_region,Kedah,Kedah
node/11297181951,Bukit Tok Wan,Mountain / Peak,natural=peak,6.2338867,100.5367728,22.6,rural_region,Kedah,Kedah
node/11297181952,Bukit Perupok,Mountain / Peak,natural=peak,6.2410111,100.5358428,22.98,rural_region,Kedah,Kedah
node/11297181953,Bukit Tok Puteh,Mountain / Peak,natural=peak,6.2047073,100.532758,20.54,rural_region,Kedah,Kedah
node/11297181954,Bukit Batu Puteh,Mountain / Peak,natural=peak,6.2065205,100.5403969,21.38,rural_region,Kedah,Kedah
node/11297181955,Bukit Tembaga,Mountain / Peak,natural=peak,6.2025314,100.5414055,21.28,rural_region,Kedah,Kedah
node/11297181958,Bukit Keriang,Mountain / Peak,natural=peak,6.2181989,100.5294837,20.97,rural_region,Kedah,Kedah
node/11299421211,Bukit Murai,Mountain / Peak,natural=peak,5.9551072,100.5261809,25.17,rural_region,Kedah,Kedah
node/11299432824,Bukit Semeliang,Mountain / Peak,natural=peak,5.9860676,100.5525844,25.12,rural_region,Kedah,Kedah
node/11299432827,Bukit Mengkudu,Mountain / Peak,natural=peak,5.9594167,100.5633044,27.87,rural_region,Kedah,Kedah
node/11331204617,SunSet,Viewpoint / Scenic Spot,tourism=viewpoint,5.7416648,100.3633527,41.89,rural_region,Kedah,Kedah
node/11707633964,Raja Singgah,Park / Green Space,leisure=park,6.4037992,100.130441,41.22,rural_region,Kedah,Kedah
node/12144765613,Bukit Karong,Mountain / Peak,natural=peak,5.7399151,100.4851198,44.02,rural_region,Kedah,Kedah
node/12157746389,Gua Terus,Cave,natural=cave_entrance,6.1870808,100.3299272,8.75,rural_region,Kedah,Kedah
node/12157746392,Gua Terus,Cave,natural=cave_entrance,6.1909793,100.3328233,8.98,rural_region,Kedah,Kedah
node/12170327683,Bukit Tok Dun,Mountain / Peak,natural=peak,6.4351795,100.349054,35.29,rural_region,Kedah,Kedah
node/12186028300,Bukit Jernih,Mountain / Peak,natural=peak,6.5436657,100.2652313,48.65,rural_region,Kedah,Kedah
node/12194993168,Gua Cenderawasih,Cave,natural=cave_entrance,6.4127971,100.1924072,38.08,rural_region,Kedah,Kedah
node/12195041361,Gunung Medan,Mountain / Peak,natural=peak,6.3982064,100.1937327,36.62,rural_region,Kedah,Kedah
node/12195041372,View Point Gunung Medan,Viewpoint / Scenic Spot,tourism=viewpoint,6.398279,100.1940264,36.61,rural_region,Kedah,Kedah
node/12197689869,I ♥ Perlis @ Bukit Jernih,Public Art,tourism=artwork,6.5468916,100.2694514,48.89,rural_region,Kedah,Kedah
node/12578568773,Bukit Perah,Mountain / Peak,natural=peak,5.9636301,100.6121877,31.97,rural_region,Kedah,Kedah
node/13343883919,Bukit Bihong,Mountain / Peak,natural=peak,5.8491706,100.6872249,46.25,rural_region,Kedah,Kedah
node/13343883920,Bukit Rehai,Mountain / Peak,natural=peak,5.8508656,100.6725212,44.89,rural_region,Kedah,Kedah
node/13424782931,Bukit Lalang,Mountain / Peak,natural=peak,6.2794885,100.4607492,20.61,rural_region,Kedah,Kedah
node/13424783004,Bukit Mak Dewi,Mountain / Peak,natural=peak,6.2926204,100.4807551,23.01,rural_region,Kedah,Kedah
way/237392679,Hutan Rizab Sungkap,Other (wood),natural=wood,5.7609587,100.5685125,45.49,rural_region,Kedah,Kedah
way/245634673,Taman Rekreasi Jubli Perak,Park / Green Space,leisure=park,6.1461356,100.3767112,3.21,rural_region,Kedah,Kedah
way/286170229,Balai Besar,General Attraction,tourism=attraction,6.1198265,100.3665214,0.27,rural_region,Kedah,Kedah
way/286170233,Balai Seni Negeri,Art Gallery,tourism=gallery,6.118785,100.3655806,0.33,rural_region,Kedah,Kedah
way/286170254,Galeri Sultan Abdul Halim Mu'adzam Shah,Museum,tourism=museum,6.1213877,100.3668303,0.38,rural_region,Kedah,Kedah
way/286684935,Kompleks Rumah Kelahiran Mahathir Mohammad,General Attraction,tourism=attraction,6.1129939,100.3629505,0.86,rural_region,Kedah,Kedah
way/286804200,Rumah Warisan,General Attraction,tourism=attraction,6.1478668,100.3718814,3.3,rural_region,Kedah,Kedah
way/295809206,Muzium Negeri Kedah Darul Aman,Museum,tourism=museum,6.1356088,100.3688871,1.91,rural_region,Kedah,Kedah
way/318838905,Istana Tunku Kudin,Historic Ruins,historic=ruins,6.2098153,100.4318594,12.34,rural_region,Kedah,Kedah
way/337002990,Kota Kuala Kedah,General Attraction,tourism=attraction,6.1088584,100.2873177,9.04,rural_region,Kedah,Kedah
way/337002993,Muzium Kota Kuala Kedah,Museum,tourism=museum,6.108947,100.2873058,9.04,rural_region,Kedah,Kedah
way/343674840,Taman Lencongan 2,Park / Green Space,leisure=park,6.440226,100.1966661,40.51,rural_region,Kedah,Kedah
way/354249806,Puncak Vista UUM,Park / Green Space,leisure=park,6.46492,100.4979407,41.1,rural_region,Kedah,Kedah
way/354734948,Taman Jubli Emas,General Attraction,tourism=attraction,6.1623643,100.3604525,4.97,rural_region,Kedah,Kedah
way/354789469,Taman Persisiran Sungai Kedah,Park / Green Space,leisure=park,6.1182297,100.3502423,2.02,rural_region,Kedah,Kedah
way/355204875,Cactus Farm,Park / Green Space,leisure=park,6.4690651,100.507702,41.92,rural_region,Kedah,Kedah
way/355205759,Tapak Perkhemahan UUM,Camp Site,tourism=camp_site,6.4604614,100.5127493,41.24,rural_region,Kedah,Kedah
way/355236587,Tugu Pahlawan,Monument,historic=monument,6.4730652,100.5070102,42.3,rural_region,Kedah,Kedah
way/362106159,Tapak Geowarisan Bukit Larek,General Attraction,tourism=attraction,6.1908803,100.5442986,21.04,rural_region,Kedah,Kedah
way/379399647,Tapak Terpelihara Geowarisan Kedah Padang Sanai,General Attraction,tourism=attraction,6.3034022,100.6571921,37.97,rural_region,Kedah,Kedah
way/379815650,Pantai Merdeka,Picnic / Recreation Site,tourism=picnic_site,5.6679572,100.3693361,50.09,rural_region,Kedah,Kedah
way/387592090,Lembah Bujang,Archaeological Site,historic=archaeological_site,5.7383759,100.4137684,42.55,rural_region,Kedah,Kedah
way/387592091,Muzium Arkeologi Lembah Bujang,Museum,tourism=museum,5.7380819,100.4144826,42.59,rural_region,Kedah,Kedah
way/387592106,Tapak Arkeologi Sungai Batu,Archaeological Site,historic=archaeological_site,5.6947139,100.4519612,48.01,rural_region,Kedah,Kedah
way/387592107,Tapak Arkeologi Sungai Batu,Archaeological Site,historic=archaeological_site,5.694081,100.4547427,48.14,rural_region,Kedah,Kedah
way/387592108,Tapak Arkeologi Sungai Batu,Archaeological Site,historic=archaeological_site,5.6960538,100.4523869,47.87,rural_region,Kedah,Kedah
way/389561276,Tapak Terpelihara Geowarisan Kedah Gunung Keriang,Other (wood),natural=wood,6.1897782,100.332408,8.88,rural_region,Kedah,Kedah
way/390866286,Taman Persisiran Jeragan,General Attraction,tourism=attraction,6.1172329,100.3470152,2.38,rural_region,Kedah,Kedah
way/422075314,Pusat Interpretasi Pelancongan Kuala Muda (Kompleks Jeti Semeling),General Attraction,tourism=attraction,5.6819513,100.4672039,49.74,rural_region,Kedah,Kedah
way/428693088,Taman Merdeka,Park / Green Space,leisure=park,6.4391172,100.1918672,40.66,rural_region,Kedah,Kedah
way/483718420,Ujana Peremba,Park / Green Space,leisure=park,6.103594,100.3438238,3.19,rural_region,Kedah,Kedah
way/487247066,Fantasia Aquapark,Theme Park,tourism=theme_park,6.2546121,100.438942,17.03,rural_region,Kedah,Kedah
way/499202636,"Bangunan Jam Besar, Alor Setar",General Attraction,tourism=attraction,6.1210114,100.3659032,0.41,rural_region,Kedah,Kedah
way/504562130,Muzium Perhutanan Gunung Jerai,Museum,tourism=museum,5.8058269,100.4351582,35.53,rural_region,Kedah,Kedah
way/509373704,Persiaran BLM 4b's Park,Park / Green Space,leisure=park,5.6900136,100.4898352,49.49,rural_region,Kedah,Kedah
way/509373711,Persiaran BLM 4a's Park,Park / Green Space,leisure=park,5.6897392,100.4919876,49.58,rural_region,Kedah,Kedah
way/509373720,Persiaran BLM 5a's Park,Park / Green Space,leisure=park,5.6917157,100.4918801,49.37,rural_region,Kedah,Kedah
way/672669787,Taman Awam Jitra,Park / Green Space,leisure=park,6.2686445,100.4196715,17.64,rural_region,Kedah,Kedah
way/676752815,Playground Taman Lengkuas,Park / Green Space,leisure=park,6.0270583,100.3833268,10.29,rural_region,Kedah,Kedah
way/685737838,Taman Rekreasi Sungai Arau,Park / Green Space,leisure=park,6.4304756,100.2728025,36.28,rural_region,Kedah,Kedah
way/725920358,Marine Observatory Pontoon,General Attraction,tourism=attraction,6.0653295,100.043362,36.43,rural_region,Kedah,Kedah
way/770229743,Balai Nobat,General Attraction,tourism=attraction,6.1210024,100.366574,0.36,rural_region,Kedah,Kedah
way/778430671,Padang Taman Sri Taman 2,Park / Green Space,leisure=park,6.1399784,100.3779096,2.62,rural_region,Kedah,Kedah
way/824425057,Taman Rekreasi Bukit Gedung,Park / Green Space,leisure=park,6.2512936,100.6121875,30.73,rural_region,Kedah,Kedah
way/824450470,BLM 3B Park,Park / Green Space,leisure=park,5.6875838,100.4909893,49.78,rural_region,Kedah,Kedah
way/839896414,Tapak Istana Lama Kota Kuala Kedah,Historic Fort/Castle,historic=castle,6.109378,100.2871773,9.05,rural_region,Kedah,Kedah
way/967369084,Kota Kayang Museum,Museum,tourism=museum,6.4157924,100.1487784,41.03,rural_region,Kedah,Kedah
way/977473148,Replika Pintu Gerbang Istana Kota,Monument,historic=monument,6.1207143,100.3664396,0.34,rural_region,Kedah,Kedah
way/1010234412,Muzium Terusan Wan Mat Saman,Museum,tourism=museum,5.84296,100.4666792,32.5,rural_region,Kedah,Kedah
way/1027625217,Geotapak Singkir Laut,General Attraction,tourism=attraction,5.7302335,100.3648506,43.16,rural_region,Kedah,Kedah
way/1233756774,Geotapak Sungai Teroi Rimba Rekreasi Lubuk Kawah,General Attraction,tourism=attraction,5.8303976,100.4376825,32.93,rural_region,Kedah,Kedah
way/1287104062,Kompleks Arkeologi Pengkalan Bujang,Archaeological Site,historic=archaeological_site,5.6843853,100.424078,48.65,rural_region,Kedah,Kedah
way/1311744433,Damai Park Resort,Camp Site,tourism=camp_site,5.7358336,100.4187432,42.9,rural_region,Kedah,Kedah
way/1311840902,Dinosaur Park,Park / Green Space,leisure=park,5.7956978,100.4345048,36.62,rural_region,Kedah,Kedah
way/1311840922,Peranginan Titi Hayun,Camp Site,tourism=camp_site,5.794101,100.4032595,36.26,rural_region,Kedah,Kedah
way/1313493546,Taman Rekreasi Gunung Keriang,Park / Green Space,leisure=park,6.1872321,100.3345168,8.53,rural_region,Kedah,Kedah
way/1317429017,Taman Rekreasi Sungai Batu Pahat,Park / Green Space,leisure=park,6.5071864,100.1736047,48.3,rural_region,Kedah,Kedah
way/1317514503,Taman Ular dan Reptilia Sungai Batu Pahat,Zoo / Wildlife Park,tourism=zoo,6.509666,100.1742048,48.52,rural_region,Kedah,Kedah
way/1317632323,Taman Bukit Lagi,Park / Green Space,leisure=park,6.4160548,100.19166,38.44,rural_region,Kedah,Kedah
way/1317632324,Taman Bunga Kertas Tuanku,Park / Green Space,leisure=park,6.4130087,100.1933553,38.05,rural_region,Kedah,Kedah
way/1335703425,Taman Awam Tunku Putra,Park / Green Space,leisure=park,6.2561494,100.6134878,31.11,rural_region,Kedah,Kedah
way/1339755704,Taman Rekreasi Pendang,Park / Green Space,leisure=park,5.9961362,100.4747814,17.97,rural_region,Kedah,Kedah
way/1340315355,Pendang Waterfront,Other (water_park),leisure=water_park,5.9994339,100.4711118,17.43,rural_region,Kedah,Kedah
way/1342320883,Laman Pinggiran Pendang,Park / Green Space,leisure=park,5.993754,100.4768636,18.32,rural_region,Kedah,Kedah
way/1343527779,Taman Rekreasi Bukit Jenun,Park / Green Space,leisure=park,5.9059224,100.4763663,26.47,rural_region,Kedah,Kedah
node/359127073,Taman Lanun Sungai Melaka,General Attraction,tourism=attraction,2.2010574,102.2493278,17.49,rural_region,Melaka_hinterland,Melaka
node/359127274,Pusat Pelancongan Kampung Pengkalan Balak,General Attraction,tourism=attraction,2.3219598,102.069325,25.82,rural_region,Melaka_hinterland,Melaka
node/1331046096,Muzium Kecantikan,Museum,tourism=museum,2.1916483,102.249167,18.49,rural_region,Melaka_hinterland,Melaka
node/1331046128,Muzium Setem Melaka,Museum,tourism=museum,2.1915452,102.249466,18.49,rural_region,Melaka_hinterland,Melaka
node/1331046133,Muzium Layang-layang,Museum,tourism=museum,2.1916912,102.2490813,18.49,rural_region,Melaka_hinterland,Melaka
node/2643062863,Democratic Government Museum,Museum,tourism=museum,2.1930307,102.2490043,18.35,rural_region,Melaka_hinterland,Melaka
node/2643068114,Muzium Warisan Baba Dan Nyonya,Museum,tourism=museum,2.1953339,102.2467247,18.19,rural_region,Melaka_hinterland,Melaka
node/2645016490,UM Cultural & Heritage Research Centre,Museum,tourism=museum,2.1947565,102.2475359,18.22,rural_region,Melaka_hinterland,Melaka
node/2881158481,Empress Wu Zetian - Fan Bingbing,Public Art,tourism=artwork,2.195344,102.2488723,18.11,rural_region,Melaka_hinterland,Melaka
node/2883322211,Malaqa House,Museum,tourism=museum,2.1958882,102.2459707,18.16,rural_region,Melaka_hinterland,Melaka
node/2905415144,Towards a New Journey,Public Art,tourism=artwork,2.1971711,102.2488118,17.92,rural_region,Melaka_hinterland,Melaka
node/3863232437,Upside Down House Gallery Melaka,General Attraction,tourism=attraction,2.1892597,102.2457791,18.86,rural_region,Melaka_hinterland,Melaka
node/4184909691,jetty boat ferry to pulao bessar,General Attraction,tourism=attraction,2.1564091,102.3264101,21.73,rural_region,Melaka_hinterland,Melaka
node/4185604352,melaka waypoint,Viewpoint / Scenic Spot,tourism=viewpoint,2.403924,101.9744123,36.67,rural_region,Melaka_hinterland,Melaka
node/4196250393,Oceanfront,Viewpoint / Scenic Spot,tourism=viewpoint,2.1858186,102.2396884,19.45,rural_region,Melaka_hinterland,Melaka
node/4250165589,Graffiti,Public Art,tourism=artwork,2.1951081,102.2487044,18.14,rural_region,Melaka_hinterland,Melaka
node/4252575603,Jeti Pulau Besar,General Attraction,tourism=attraction,2.1434295,102.3526415,23.7,rural_region,Melaka_hinterland,Melaka
node/4337416190,Rumah pak teh,General Attraction,tourism=attraction,2.1441256,102.4172871,26.34,rural_region,Melaka_hinterland,Melaka
node/4420170042,WW2 Broken Bridge Memorial,Historic Ruins,historic=ruins,2.5821701,102.617463,43.71,rural_region,Melaka_hinterland,Melaka
node/4428820478,Kubu Bentayan,Memorial,historic=memorial,2.0508807,102.5701947,44.81,rural_region,Melaka_hinterland,Melaka
node/4497878391,Malacca Water Wheel,General Attraction,tourism=attraction,2.1938681,102.2477244,18.31,rural_region,Melaka_hinterland,Melaka
node/4547517990,Old House - Celebration,General Attraction,tourism=attraction,2.202644,102.2513564,17.25,rural_region,Melaka_hinterland,Melaka
node/4576375291,The City Cross (St. Francis Xavier's Stone),General Attraction,tourism=attraction,2.1910348,102.2482112,18.59,rural_region,Melaka_hinterland,Melaka
node/4576375889,Cheng Ho Cultural Museum,Museum,tourism=museum,2.195334,102.2486785,18.12,rural_region,Melaka_hinterland,Melaka
node/4576375890,Santiago Bastion Ruins,General Attraction,tourism=attraction,2.1913764,102.2498299,18.5,rural_region,Melaka_hinterland,Melaka
node/4641672490,Buddha Relics Museum,Museum,tourism=museum,2.1971987,102.2474524,17.97,rural_region,Melaka_hinterland,Melaka
node/4676133989,Street Art,Public Art,tourism=artwork,2.1964023,102.248373,18.02,rural_region,Melaka_hinterland,Melaka
node/4682902990,Villa Sentosa,General Attraction,tourism=attraction,2.2029484,102.2513379,17.22,rural_region,Melaka_hinterland,Melaka
node/4692455789,Heritage Gallery,General Attraction,tourism=attraction,2.1908674,102.2507402,18.52,rural_region,Melaka_hinterland,Melaka
node/4761754623,Sunset Viewpoint,Viewpoint / Scenic Spot,tourism=viewpoint,2.1986997,102.257029,17.49,rural_region,Melaka_hinterland,Melaka
node/4806246591,Muzium Pulau Besar,Museum,tourism=museum,2.1136477,102.3333961,26.54,rural_region,Melaka_hinterland,Melaka
node/4848836150,PD Ostrich Showfarm,Zoo / Wildlife Park,tourism=zoo,2.4463728,101.8625117,49.77,rural_region,Melaka_hinterland,Melaka
node/4850910633,Istana Laguna Biru,Historic Fort/Castle,historic=castle,2.4175633,101.8573099,49.75,rural_region,Melaka_hinterland,Melaka
node/4950016421,Photo Point,General Attraction,tourism=attraction,2.19758,102.250139,17.83,rural_region,Melaka_hinterland,Melaka
node/4953800416,Taman Botanikal Melaka,Park / Green Space,leisure=park,2.2809063,102.3000772,7.68,rural_region,Melaka_hinterland,Melaka
node/5344299020,Replica Royal Palace Melawar,Museum,tourism=museum,2.5058607,102.115296,26.86,rural_region,Melaka_hinterland,Melaka
node/5363164532,旺角,Viewpoint / Scenic Spot,tourism=viewpoint,2.2042979,102.2532313,17.01,rural_region,Melaka_hinterland,Melaka
node/5703730934,Replica Flor de la Mar,General Attraction,tourism=attraction,2.1920012,102.2465533,18.55,rural_region,Melaka_hinterland,Melaka
node/5780772689,Bukit Beruang,Mountain / Peak,natural=peak,2.2464843,102.2839459,11.65,rural_region,Melaka_hinterland,Melaka
node/5794891844,Zoo,Zoo / Wildlife Park,tourism=zoo,2.4286415,102.2128429,13.05,rural_region,Melaka_hinterland,Melaka
node/5794892070,Cowboy Town,Theme Park,tourism=theme_park,2.4453945,102.2078757,14.74,rural_region,Melaka_hinterland,Melaka
node/5795307053,Buff child sculpture,Public Art,tourism=artwork,2.1967984,102.2466736,18.04,rural_region,Melaka_hinterland,Melaka
node/5880851085,Melaka Folks Art Gallery,General Attraction,tourism=attraction,2.1949456,102.2494175,18.13,rural_region,Melaka_hinterland,Melaka
node/5884376285,abandonned building for nice pictures,General Attraction,tourism=attraction,2.1981909,102.2477476,17.85,rural_region,Melaka_hinterland,Melaka
node/5886370386,Muar UNESCO World Heritage Paintings,Public Art,tourism=artwork,2.0486374,102.5696857,44.95,rural_region,Melaka_hinterland,Melaka
node/5923733886,Old Dutch House,Monument,historic=monument,2.0429618,102.5641709,45.02,rural_region,Melaka_hinterland,Melaka
node/6038536785,crown of johor,General Attraction,tourism=attraction,2.0432644,102.5667263,45.18,rural_region,Melaka_hinterland,Melaka
node/6053636615,Gunung Tampin Utara,Mountain / Peak,natural=peak,2.508527,102.2115651,20.18,rural_region,Melaka_hinterland,Melaka
node/6053692109,TM Bukit Tampin,Mountain / Peak,natural=peak,2.4917017,102.2091253,18.71,rural_region,Melaka_hinterland,Melaka
node/6054158638,Gunung Datuk,Mountain / Peak,natural=peak,2.5508657,102.1825679,25.87,rural_region,Melaka_hinterland,Melaka
node/6097098521,Malacca Butterfly & Reptile Sanctuary,Zoo / Wildlife Park,tourism=zoo,2.299735,102.3117188,5.74,rural_region,Melaka_hinterland,Melaka
node/6097143531,Night Safari,Zoo / Wildlife Park,tourism=zoo,2.2766458,102.2989169,8.16,rural_region,Melaka_hinterland,Melaka
node/6113792459,Aeroplane,Monument,historic=monument,2.2275096,102.2661822,14.13,rural_region,Melaka_hinterland,Melaka
node/6146818700,Gunung Tampin Selatan,Mountain / Peak,natural=peak,2.5032767,102.2149424,19.49,rural_region,Melaka_hinterland,Melaka
node/6192271886,Streetart,Public Art,tourism=artwork,2.1989814,102.2480308,17.76,rural_region,Melaka_hinterland,Melaka
node/6205013102,Gunung Angsi,Viewpoint / Scenic Spot,tourism=viewpoint,2.6985891,102.0480452,47.81,rural_region,Melaka_hinterland,Melaka
node/6206867519,Gunung Jono,Mountain / Peak,natural=peak,2.6651159,102.2030726,36.66,rural_region,Melaka_hinterland,Melaka
node/6209821633,Gunung Pasir,Mountain / Peak,natural=peak,2.6369943,102.1756094,34.78,rural_region,Melaka_hinterland,Melaka
node/6209835317,Bukit Senaling,Mountain / Peak,natural=peak,2.6796492,102.2660783,36.85,rural_region,Melaka_hinterland,Melaka
node/6471467385,Trees and Varang Seeing,General Attraction,tourism=attraction,2.2026088,102.2493713,17.33,rural_region,Melaka_hinterland,Melaka
node/6517812687,The Eng Choon Communal Ritual Tomb,Memorial,historic=memorial,2.1985561,102.2571161,17.5,rural_region,Melaka_hinterland,Melaka
node/6572412517,Bukit Melaka,Mountain / Peak,natural=peak,2.1927737,102.2496796,18.36,rural_region,Melaka_hinterland,Melaka
node/6572412672,Silverscapes by Hatten Group,General Attraction,tourism=attraction,2.1823899,102.2630393,19.08,rural_region,Melaka_hinterland,Melaka
node/6572413683,The Elements Mall View,General Attraction,tourism=attraction,2.1826536,102.2655764,19.0,rural_region,Melaka_hinterland,Melaka
node/6572417385,"Melaka, Malaysia Independent Area by Tunku Abdul Rahman",Memorial,historic=memorial,2.1917,102.2503393,18.45,rural_region,Melaka_hinterland,Melaka
node/6616054086,Kee Ann Food Street,General Attraction,tourism=attraction,2.1992909,102.250592,17.63,rural_region,Melaka_hinterland,Melaka
node/6678058920,Swimming Pool Recreational Forest Gunung Tampin,Other (water_park),leisure=water_park,2.4854924,102.2229458,17.33,rural_region,Melaka_hinterland,Melaka
node/6725736685,The ruins of the st Lawrence’s chapel,General Attraction,tourism=attraction,2.2018597,102.2511796,17.34,rural_region,Melaka_hinterland,Melaka
node/6733275264,Gunung Gagak,Mountain / Peak,natural=peak,2.5552954,102.2003419,25.37,rural_region,Melaka_hinterland,Melaka
node/6734827129,Gunung Rembau,Mountain / Peak,natural=peak,2.561159,102.1912087,26.41,rural_region,Melaka_hinterland,Melaka
node/7057503886,Quay,Viewpoint / Scenic Spot,tourism=viewpoint,2.1952226,102.2492439,18.11,rural_region,Melaka_hinterland,Melaka
node/7097469885,Sunset View,General Attraction,tourism=attraction,2.0464847,102.5504584,43.74,rural_region,Melaka_hinterland,Melaka
node/7134435548,Udara Art Gallery,Art Gallery,tourism=gallery,2.1950666,102.2472274,18.2,rural_region,Melaka_hinterland,Melaka
node/7241659593,Chinese opera,Public Art,tourism=artwork,2.0454864,102.5679012,45.08,rural_region,Melaka_hinterland,Melaka
node/7241795307,Royal Customs and Excise Building,General Attraction,tourism=attraction,2.0475851,102.566071,44.78,rural_region,Melaka_hinterland,Melaka
node/7241872111,the loving sisters,Public Art,tourism=artwork,2.0483709,102.5716181,45.12,rural_region,Melaka_hinterland,Melaka
node/7243735553,Musicians,Public Art,tourism=artwork,2.0460143,102.5645723,44.8,rural_region,Melaka_hinterland,Melaka
node/7277198085,Wah Aik Shoemaker,General Attraction,tourism=attraction,2.1959744,102.2458089,18.15,rural_region,Melaka_hinterland,Melaka
node/7330688347,Pondok Tanjung Emas,Park / Green Space,leisure=park,2.0403674,102.5470119,44.03,rural_region,Melaka_hinterland,Melaka
node/8226751375,Rumah Persinggahan Sultan,Historic Fort/Castle,historic=castle,2.0461164,102.5604914,44.49,rural_region,Melaka_hinterland,Melaka
node/8591792101,Persatuan Peminat Lukisan Dan Kaligrafi Sim,Museum,tourism=museum,2.1945773,102.2564757,17.95,rural_region,Melaka_hinterland,Melaka
node/8608810661,D'PINES VILLAGE,Park / Green Space,leisure=park,2.2157955,102.2185974,17.45,rural_region,Melaka_hinterland,Melaka
node/8745832600,Selamat Jalan Kuala Pilah,Public Art,tourism=artwork,2.7369278,102.2078448,44.23,rural_region,Melaka_hinterland,Melaka
node/8746119471,Selamat Datang Ke Bandar DiRaja Seri Menanti,Public Art,tourism=artwork,2.744601,102.1492432,46.96,rural_region,Melaka_hinterland,Melaka
node/8749209398,Bukit Ayer Paroi,Mountain / Peak,natural=peak,2.6935652,102.0290744,48.63,rural_region,Melaka_hinterland,Melaka
node/8749361255,Bukit Tambun Tulang,Mountain / Peak,natural=peak,2.5018504,102.0314133,34.28,rural_region,Melaka_hinterland,Melaka
node/8749378627,Bukit Mandi Angin,Mountain / Peak,natural=peak,2.4859225,102.0316896,33.42,rural_region,Melaka_hinterland,Melaka
node/8749705028,Bukit Tempurong,Mountain / Peak,natural=peak,2.3753246,102.0333499,29.76,rural_region,Melaka_hinterland,Melaka
node/8749720876,Bukit Batu Puteh,Mountain / Peak,natural=peak,2.6082068,102.030732,41.46,rural_region,Melaka_hinterland,Melaka
node/8750129766,Bukit Tempurong Selatan,Mountain / Peak,natural=peak,2.5589526,102.0330119,37.68,rural_region,Melaka_hinterland,Melaka
node/8750267389,Bukit Kunyit,Mountain / Peak,natural=peak,2.4805658,102.0351362,32.81,rural_region,Melaka_hinterland,Melaka
node/8752282980,Bukit Telok Gong,Mountain / Peak,natural=peak,2.3502375,102.0499638,27.78,rural_region,Melaka_hinterland,Melaka
node/8752669341,Bukit Pedas,Mountain / Peak,natural=peak,2.4497418,102.0558371,29.31,rural_region,Melaka_hinterland,Melaka
node/8752673573,Bukit Pengkalan Kulit,Mountain / Peak,natural=peak,2.4246877,102.0567431,28.27,rural_region,Melaka_hinterland,Melaka
node/8752681900,Bukit Melintang,Mountain / Peak,natural=peak,2.4970173,102.0565545,31.6,rural_region,Melaka_hinterland,Melaka
node/8752697806,Bukit Hitam,Mountain / Peak,natural=peak,2.4283718,102.0590827,28.15,rural_region,Melaka_hinterland,Melaka
node/8752710862,Bukit Chupak,Mountain / Peak,natural=peak,2.6702197,102.0615559,44.38,rural_region,Melaka_hinterland,Melaka
node/8752736232,Bukit Sialang,Mountain / Peak,natural=peak,2.5764321,102.0660921,36.18,rural_region,Melaka_hinterland,Melaka
node/8752923210,Bukit Langsat,Mountain / Peak,natural=peak,2.5802937,102.0713391,36.07,rural_region,Melaka_hinterland,Melaka
node/8755056726,Bukit Patong,Mountain / Peak,natural=peak,2.7059687,102.0801089,46.51,rural_region,Melaka_hinterland,Melaka
node/8755298622,Bukit Bertam,Mountain / Peak,natural=peak,2.4476614,102.0898077,25.75,rural_region,Melaka_hinterland,Melaka
node/8757763158,Bukit Gebok,Mountain / Peak,natural=peak,2.6544905,102.0951265,40.8,rural_region,Melaka_hinterland,Melaka
node/8758175828,Bukit Bangkong,Mountain / Peak,natural=peak,2.5260995,102.0996456,29.65,rural_region,Melaka_hinterland,Melaka
node/8758255660,Pedas Linggi Vista Point (Northbound),Viewpoint / Scenic Spot,tourism=viewpoint,2.4646812,102.1280883,22.96,rural_region,Melaka_hinterland,Melaka
node/8758255661,Pedas Linggi Vista Point (Southbound),Viewpoint / Scenic Spot,tourism=viewpoint,2.5547705,102.0545172,35.53,rural_region,Melaka_hinterland,Melaka
node/8759748710,Bukit Panchor,Mountain / Peak,natural=peak,2.2739911,102.102685,23.5,rural_region,Melaka_hinterland,Melaka
node/8759794472,Bukit Terendak,Mountain / Peak,natural=peak,2.3055891,102.1037055,22.36,rural_region,Melaka_hinterland,Melaka
node/8759799859,Bukit Lenggang Pri,Mountain / Peak,natural=peak,2.7517092,102.1033266,49.72,rural_region,Melaka_hinterland,Melaka
node/8760174475,Bukit Simpang Empat,Mountain / Peak,natural=peak,2.70889,102.11,45.14,rural_region,Melaka_hinterland,Melaka
node/8760541235,Bukit Seraya,Mountain / Peak,natural=peak,2.3992506,102.1152431,21.24,rural_region,Melaka_hinterland,Melaka
node/8760934511,Bukit Datok,Mountain / Peak,natural=peak,2.6387252,102.1206182,37.79,rural_region,Melaka_hinterland,Melaka
node/8760990929,Bukit Ulu Muar,Mountain / Peak,natural=peak,2.6823177,102.1206826,41.98,rural_region,Melaka_hinterland,Melaka
node/8760999897,Bukit Lechak,Mountain / Peak,natural=peak,2.6326912,102.122815,37.09,rural_region,Melaka_hinterland,Melaka
node/8761625760,Bukit Ayer Lanjut,Mountain / Peak,natural=peak,2.4408554,102.1275299,21.66,rural_region,Melaka_hinterland,Melaka
node/8761652744,Bukit Mersawa,Mountain / Peak,natural=peak,2.4463069,102.1277373,21.93,rural_region,Melaka_hinterland,Melaka
node/8776761894,Bukit Semak,Mountain / Peak,natural=peak,2.3653366,102.1320015,18.74,rural_region,Melaka_hinterland,Melaka
node/8776850127,Bukit Sembilan,Mountain / Peak,natural=peak,2.5372589,102.1333426,27.86,rural_region,Melaka_hinterland,Melaka
node/8777001761,Bukit Segambut,Mountain / Peak,natural=peak,2.7233106,102.1342891,45.41,rural_region,Melaka_hinterland,Melaka
node/8777019951,Bukit Maling Maling,Mountain / Peak,natural=peak,2.4506252,102.1353757,21.44,rural_region,Melaka_hinterland,Melaka
node/8777019952,Bukit Belakang Parang,Mountain / Peak,natural=peak,2.5741722,102.1404451,30.59,rural_region,Melaka_hinterland,Melaka
node/8777083393,Bukit Piatu,Mountain / Peak,natural=peak,2.5159293,102.1385407,25.73,rural_region,Melaka_hinterland,Melaka
node/8777095276,Bukit Bunyian,Mountain / Peak,natural=peak,2.4573112,102.1382216,21.57,rural_region,Melaka_hinterland,Melaka
node/8778154564,Bukit Tunggal,Mountain / Peak,natural=peak,2.413553,102.1393964,19.19,rural_region,Melaka_hinterland,Melaka
node/8778182760,Bukit Ayer Menching,Mountain / Peak,natural=peak,2.4421786,102.1394205,20.57,rural_region,Melaka_hinterland,Melaka
node/8778191691,Bukit Bintongan,Mountain / Peak,natural=peak,2.6214539,102.1412162,34.96,rural_region,Melaka_hinterland,Melaka
node/8778213684,Bukit Tempayan,Mountain / Peak,natural=peak,2.2480261,102.143594,20.75,rural_region,Melaka_hinterland,Melaka
node/8778217932,Bukit Samak,Mountain / Peak,natural=peak,2.3045225,102.1411157,18.36,rural_region,Melaka_hinterland,Melaka
node/8778235776,Bukit Tangga,Mountain / Peak,natural=peak,2.3023356,102.1455735,17.96,rural_region,Melaka_hinterland,Melaka
node/8778246023,Bukit Putus,Mountain / Peak,natural=peak,2.4559284,102.1455467,20.81,rural_region,Melaka_hinterland,Melaka
node/8778445079,Bukit Bakul,Mountain / Peak,natural=peak,2.2360244,102.1494198,20.99,rural_region,Melaka_hinterland,Melaka
node/8780772971,Bukit Batu Berdinding,Mountain / Peak,natural=peak,2.4496444,102.1512437,19.9,rural_region,Melaka_hinterland,Melaka
node/8780777363,Bukit Besar,Mountain / Peak,natural=peak,2.5817967,102.1521918,30.56,rural_region,Melaka_hinterland,Melaka
node/8780779436,Bukit Matang Serai,Mountain / Peak,natural=peak,2.7731924,102.1505624,49.9,rural_region,Melaka_hinterland,Melaka
node/8780797082,Bukit Palas,Mountain / Peak,natural=peak,2.3726849,102.1500045,16.85,rural_region,Melaka_hinterland,Melaka
node/8780803258,Bukit Sendok,Mountain / Peak,natural=peak,2.3410992,102.1505302,16.64,rural_region,Melaka_hinterland,Melaka
node/8780829972,Bukit Putus,Mountain / Peak,natural=peak,2.3788755,102.1534753,16.59,rural_region,Melaka_hinterland,Melaka
node/8780875114,Bukit Germuni,Mountain / Peak,natural=peak,2.4739764,102.1558973,21.13,rural_region,Melaka_hinterland,Melaka
node/8780876004,Bukit Pandan,Mountain / Peak,natural=peak,2.4062745,102.1557149,17.21,rural_region,Melaka_hinterland,Melaka
node/8780883740,Bukit Terbakar,Mountain / Peak,natural=peak,2.4370951,102.1562406,18.68,rural_region,Melaka_hinterland,Melaka
node/8780906243,Bukit Apit,Mountain / Peak,natural=peak,2.4022976,102.1589336,16.72,rural_region,Melaka_hinterland,Melaka
node/8780937439,Bukit Dinding,Mountain / Peak,natural=peak,2.46322,102.1612751,19.9,rural_region,Melaka_hinterland,Melaka
node/8780963282,Bukit Nibong,Mountain / Peak,natural=peak,2.5599521,102.1641612,27.8,rural_region,Melaka_hinterland,Melaka
node/8781082147,Bukit Ulu Panjang,Mountain / Peak,natural=peak,2.4284956,102.166146,17.24,rural_region,Melaka_hinterland,Melaka
node/8785255754,Bukit Lenggang Peri,Mountain / Peak,natural=peak,2.6849715,102.1706401,39.92,rural_region,Melaka_hinterland,Melaka
node/8785344511,Bukit Chempedak,Mountain / Peak,natural=peak,2.3417745,102.1706361,14.4,rural_region,Melaka_hinterland,Melaka
node/8785373689,Bukit Gajah Mati,Mountain / Peak,natural=peak,2.4555667,102.1730608,18.35,rural_region,Melaka_hinterland,Melaka
node/8785397890,Bukit Putus,Mountain / Peak,natural=peak,2.3330539,102.1740049,14.12,rural_region,Melaka_hinterland,Melaka
node/8785683168,Bukit Batu Puteh,Mountain / Peak,natural=peak,2.3275063,102.1779531,13.79,rural_region,Melaka_hinterland,Melaka
node/8786230687,Bukit Tujoh,Mountain / Peak,natural=peak,2.3930012,102.1785781,14.31,rural_region,Melaka_hinterland,Melaka
node/8786280553,Bukit Penyalang,Mountain / Peak,natural=peak,2.4522764,102.1829269,17.28,rural_region,Melaka_hinterland,Melaka
node/8786321726,Bukit Tunggal,Mountain / Peak,natural=peak,2.3792913,102.1857776,13.1,rural_region,Melaka_hinterland,Melaka
node/8786324699,Bukit Rambai,Mountain / Peak,natural=peak,2.6444514,102.1853318,35.13,rural_region,Melaka_hinterland,Melaka
node/8786334578,Bukit Samak,Mountain / Peak,natural=peak,2.3485123,102.1882547,12.42,rural_region,Melaka_hinterland,Melaka
node/8786357854,Bukit Batu Ampar,Mountain / Peak,natural=peak,2.46158,102.18971,17.44,rural_region,Melaka_hinterland,Melaka
node/8786357919,Bukit Kuau,Mountain / Peak,natural=peak,2.3546518,102.1889419,12.35,rural_region,Melaka_hinterland,Melaka
node/8786359843,Bukit Busok,Mountain / Peak,natural=peak,2.4101087,102.1920349,13.73,rural_region,Melaka_hinterland,Melaka
node/8786382036,Bukit Undan,Mountain / Peak,natural=peak,2.3163199,102.1897512,12.81,rural_region,Melaka_hinterland,Melaka
node/8789038262,Bukit Payong,Mountain / Peak,natural=peak,2.4667681,102.195315,17.43,rural_region,Melaka_hinterland,Melaka
node/8789067862,Bukit Kelana,Mountain / Peak,natural=peak,2.4796529,102.1951269,18.54,rural_region,Melaka_hinterland,Melaka
node/8789078279,Bukit Tinggi,Mountain / Peak,natural=peak,2.4769025,102.1964096,18.21,rural_region,Melaka_hinterland,Melaka
node/8789131939,Bukit Sepam,Mountain / Peak,natural=peak,2.3986806,102.1995479,12.4,rural_region,Melaka_hinterland,Melaka
node/8789135125,Bukit Payong,Mountain / Peak,natural=peak,2.6504483,102.1987929,35.25,rural_region,Melaka_hinterland,Melaka
node/8789157826,Bukit Machat,Mountain / Peak,natural=peak,2.6552471,102.2007944,35.69,rural_region,Melaka_hinterland,Melaka
node/8789159282,Bukit Jelutong Besar,Mountain / Peak,natural=peak,2.3177537,102.2017021,11.49,rural_region,Melaka_hinterland,Melaka
node/8789427917,Bukit Besar,Mountain / Peak,natural=peak,2.7641565,102.2032584,47.29,rural_region,Melaka_hinterland,Melaka
node/8789621900,Bukit Parit Tinggi,Mountain / Peak,natural=peak,2.7846099,102.2029762,49.51,rural_region,Melaka_hinterland,Melaka
node/8789695303,Bukit Sangkar Puyoh,Mountain / Peak,natural=peak,2.661647,102.2049927,36.23,rural_region,Melaka_hinterland,Melaka
node/8789720853,Bukit Jeram Enggang,Mountain / Peak,natural=peak,2.5925786,102.2091349,28.8,rural_region,Melaka_hinterland,Melaka
node/8789732643,Bukit Tinggi,Mountain / Peak,natural=peak,2.7285501,102.2072574,43.34,rural_region,Melaka_hinterland,Melaka
node/8789773018,Bukit Bertam,Mountain / Peak,natural=peak,2.706687,102.2091487,40.93,rural_region,Melaka_hinterland,Melaka
node/8790786301,Bukit Tampoi,Mountain / Peak,natural=peak,2.3678129,102.2142032,9.74,rural_region,Melaka_hinterland,Melaka
node/8790816419,Bukit Lachak,Mountain / Peak,natural=peak,2.6614339,102.2139376,35.93,rural_region,Melaka_hinterland,Melaka
node/8790827143,Bukit Sialang,Mountain / Peak,natural=peak,2.4553845,102.2146135,15.08,rural_region,Melaka_hinterland,Melaka
node/8791011359,Bukit Ulu Bari,Mountain / Peak,natural=peak,2.5860263,102.2167754,27.83,rural_region,Melaka_hinterland,Melaka
node/8791015236,Bukit Liat,Mountain / Peak,natural=peak,2.6623784,102.2181702,35.9,rural_region,Melaka_hinterland,Melaka
node/8791268310,Bukit Kukus,Mountain / Peak,natural=peak,2.4230288,102.2241139,11.71,rural_region,Melaka_hinterland,Melaka
node/8791397649,Bukit Sebang,Mountain / Peak,natural=peak,2.4430602,102.2270027,13.15,rural_region,Melaka_hinterland,Melaka
node/8794044522,Bukit Menongging,Mountain / Peak,natural=peak,2.6514092,102.2321069,34.35,rural_region,Melaka_hinterland,Melaka
node/8794046570,Bukit Kechil,Mountain / Peak,natural=peak,2.4404367,102.2321069,12.57,rural_region,Melaka_hinterland,Melaka
node/8794246408,Bukit Tiga,Mountain / Peak,natural=peak,2.4178219,102.2337216,10.54,rural_region,Melaka_hinterland,Melaka
node/8794316493,Bukit Tunggal,Mountain / Peak,natural=peak,2.7712555,102.2361061,47.38,rural_region,Melaka_hinterland,Melaka
node/8794353512,Bukit Serampang,Mountain / Peak,natural=peak,2.6315391,102.2374633,32.07,rural_region,Melaka_hinterland,Melaka
node/8794355778,Bukit Umor Lalang,Mountain / Peak,natural=peak,2.6510609,102.2386086,34.16,rural_region,Melaka_hinterland,Melaka
node/8794834934,Bukit Kuala Pilah,Mountain / Peak,natural=peak,2.7441804,102.2435224,44.28,rural_region,Melaka_hinterland,Melaka
node/8794898175,Bukit Sekudong,Mountain / Peak,natural=peak,2.3852269,102.2493978,6.85,rural_region,Melaka_hinterland,Melaka
node/8795058250,Bukit Tinggi,Mountain / Peak,natural=peak,2.6358475,102.2553134,32.17,rural_region,Melaka_hinterland,Melaka
node/8799507465,Bukit Peringgit,Mountain / Peak,natural=peak,2.2222141,102.2569388,14.99,rural_region,Melaka_hinterland,Melaka
node/8800958722,Bukit Panchor,Mountain / Peak,natural=peak,2.3655336,102.2580285,4.97,rural_region,Melaka_hinterland,Melaka
node/8800958723,Bukit Cina,Mountain / Peak,natural=peak,2.1984469,102.257274,17.51,rural_region,Melaka_hinterland,Melaka
node/8802282717,Bukit Goming,Mountain / Peak,natural=peak,2.6643289,102.2617829,35.21,rural_region,Melaka_hinterland,Melaka
node/8806742162,Bukit Tering,Mountain / Peak,natural=peak,2.6377258,102.2663346,32.21,rural_region,Melaka_hinterland,Melaka
node/8807193482,Bukit Johol,Mountain / Peak,natural=peak,2.6142463,102.2688854,29.59,rural_region,Melaka_hinterland,Melaka
node/8807317455,Bukit Lesong Batu,Mountain / Peak,natural=peak,2.2613276,102.2804216,10.1,rural_region,Melaka_hinterland,Melaka
node/8807528884,Bukit Perah,Mountain / Peak,natural=peak,2.705603,102.281937,39.59,rural_region,Melaka_hinterland,Melaka
node/8807541394,Bukit Tangga,Mountain / Peak,natural=peak,2.6320696,102.2847319,31.41,rural_region,Melaka_hinterland,Melaka
node/8808428836,Bukit Manis,Mountain / Peak,natural=peak,2.4610601,102.2887981,12.41,rural_region,Melaka_hinterland,Melaka
node/8808491600,Bukit Berangan,Mountain / Peak,natural=peak,2.2348183,102.2938406,12.83,rural_region,Melaka_hinterland,Melaka
node/8808910111,Bukit Kuau,Mountain / Peak,natural=peak,2.2379755,102.2954661,12.47,rural_region,Melaka_hinterland,Melaka
node/8809536106,Bukit Tempurong,Mountain / Peak,natural=peak,2.5873404,102.3068635,26.4,rural_region,Melaka_hinterland,Melaka
node/8809572777,Bukit Besar,Mountain / Peak,natural=peak,2.3652934,102.3060799,1.83,rural_region,Melaka_hinterland,Melaka
node/8810662711,Bukit Ulu Pondoi,Mountain / Peak,natural=peak,2.4978363,102.3087913,16.47,rural_region,Melaka_hinterland,Melaka
node/8810684291,Bukit Champaral,Mountain / Peak,natural=peak,2.611942,102.3100841,29.15,rural_region,Melaka_hinterland,Melaka
node/8811875074,Bukit Gelugor,Mountain / Peak,natural=peak,2.7980269,102.3195125,49.87,rural_region,Melaka_hinterland,Melaka
node/8811912494,Bukit Kepok,Mountain / Peak,natural=peak,2.2210163,102.3228206,14.56,rural_region,Melaka_hinterland,Melaka
node/8812018218,Bukit Batu Berkarat,Mountain / Peak,natural=peak,2.4042387,102.3267388,6.72,rural_region,Melaka_hinterland,Melaka
node/8812370055,Bukit Jeram,Mountain / Peak,natural=peak,2.528009,102.3350715,20.17,rural_region,Melaka_hinterland,Melaka
node/8814374314,Bukit Kayu Arang,Mountain / Peak,natural=peak,2.3286989,102.3451835,5.55,rural_region,Melaka_hinterland,Melaka
node/8814438049,Bukit Gong,Mountain / Peak,natural=peak,2.2937487,102.3463261,8.1,rural_region,Melaka_hinterland,Melaka
node/8815016120,Bukit Maling,Mountain / Peak,natural=peak,2.665676,102.3503583,35.54,rural_region,Melaka_hinterland,Melaka
node/8817687842,Bukit Keledang,Mountain / Peak,natural=peak,2.4100263,102.3575592,9.24,rural_region,Melaka_hinterland,Melaka
node/8817745663,Bukit Tudong Saji,Mountain / Peak,natural=peak,2.6834617,102.3615584,37.7,rural_region,Melaka_hinterland,Melaka
node/8820073614,Bukit Ramunia,Mountain / Peak,natural=peak,2.5302705,102.3645759,21.29,rural_region,Melaka_hinterland,Melaka
node/8820219665,Bukit Sedanan,Mountain / Peak,natural=peak,2.4170635,102.3653483,10.41,rural_region,Melaka_hinterland,Melaka
node/8820701706,Bukit Putus,Mountain / Peak,natural=peak,2.4875303,102.3663086,16.97,rural_region,Melaka_hinterland,Melaka
node/8821111071,Bukit Tunkai,Mountain / Peak,natural=peak,2.5638829,102.3817098,25.46,rural_region,Melaka_hinterland,Melaka
node/8821188084,Bukit Tinggi,Mountain / Peak,natural=peak,2.5841413,102.3820156,27.58,rural_region,Melaka_hinterland,Melaka
node/8827065536,Bukit Segondol,Mountain / Peak,natural=peak,2.410573,102.3957378,12.59,rural_region,Melaka_hinterland,Melaka
node/8827111126,Bukit Rokan,Mountain / Peak,natural=peak,2.5759434,102.3978808,27.38,rural_region,Melaka_hinterland,Melaka
node/8829698262,Bukit Gedabu,Mountain / Peak,natural=peak,2.4032195,102.4015045,12.74,rural_region,Melaka_hinterland,Melaka
node/8829698368,Bukit Senggeh,Mountain / Peak,natural=peak,2.3934327,102.4013194,12.25,rural_region,Melaka_hinterland,Melaka
node/8829698369,Bukit Seraya,Mountain / Peak,natural=peak,2.3903133,102.4035028,12.34,rural_region,Melaka_hinterland,Melaka
node/8829709384,Bukit Jeram Padang,Mountain / Peak,natural=peak,2.7851544,102.4015635,49.68,rural_region,Melaka_hinterland,Melaka
node/8829709385,Bukit Jeram Padang Selatan,Mountain / Peak,natural=peak,2.7803107,102.4059892,49.28,rural_region,Melaka_hinterland,Melaka
node/8832001426,Bukit Kemendore,Mountain / Peak,natural=peak,2.37924,102.4174046,13.44,rural_region,Melaka_hinterland,Melaka
node/8832649414,Bukit Besar Jelai,Mountain / Peak,natural=peak,2.690042,102.4292332,40.44,rural_region,Melaka_hinterland,Melaka
node/8832654266,Bukit Langsat,Mountain / Peak,natural=peak,2.3769246,102.4247163,14.18,rural_region,Melaka_hinterland,Melaka
node/8832671332,Bukit Bemban,Mountain / Peak,natural=peak,2.447237,102.4299707,18.04,rural_region,Melaka_hinterland,Melaka
node/8832676286,Bukit Batang Melaka,Mountain / Peak,natural=peak,2.4571507,102.432074,18.9,rural_region,Melaka_hinterland,Melaka
node/8835582473,Bukit Punggor,Mountain / Peak,natural=peak,2.467516,102.4334791,19.76,rural_region,Melaka_hinterland,Melaka
node/8835730872,Bukit Batu Hampar,Mountain / Peak,natural=peak,2.4197809,102.4344045,16.83,rural_region,Melaka_hinterland,Melaka
node/8835761036,Bukit Batu Tiga,Mountain / Peak,natural=peak,2.3817055,102.4374676,15.67,rural_region,Melaka_hinterland,Melaka
node/8839236922,Bukit Batu Asahan,Mountain / Peak,natural=peak,2.4024779,102.440056,16.62,rural_region,Melaka_hinterland,Melaka
node/8839368883,Bukit Batu Lebah,Mountain / Peak,natural=peak,2.4078664,102.4413166,16.97,rural_region,Melaka_hinterland,Melaka
node/8839415270,Bukit Tok Saih,Mountain / Peak,natural=peak,2.5398675,102.4500093,26.9,rural_region,Melaka_hinterland,Melaka
node/8839423123,Bukit Kukusan,Mountain / Peak,natural=peak,2.5547547,102.4459195,27.95,rural_region,Melaka_hinterland,Melaka
node/8839636015,Bukit Busut Jantan,Mountain / Peak,natural=peak,2.7465982,102.4520141,47.22,rural_region,Melaka_hinterland,Melaka
node/8841744053,Bukit Nyalas,Mountain / Peak,natural=peak,2.4500866,102.462396,21.2,rural_region,Melaka_hinterland,Melaka
node/8842195527,Bukit Ayer Kuning,Mountain / Peak,natural=peak,2.51703,102.4701705,26.5,rural_region,Melaka_hinterland,Melaka
node/8845990831,Bukit Rompin,Mountain / Peak,natural=peak,2.7121773,102.5039335,46.21,rural_region,Melaka_hinterland,Melaka
node/8846007709,Bukit Lelong,Mountain / Peak,natural=peak,2.437491,102.5102174,25.3,rural_region,Melaka_hinterland,Melaka
node/8846099195,Bukit Bendera,Mountain / Peak,natural=peak,2.3755026,102.5110012,23.61,rural_region,Melaka_hinterland,Melaka
node/8864545080,Kompleks Kraf Melaka,Art Gallery,tourism=gallery,2.2857386,102.3046861,7.16,rural_region,Melaka_hinterland,Melaka
node/8882785999,Bukit Belading,Mountain / Peak,natural=peak,2.3252551,102.5319832,25.92,rural_region,Melaka_hinterland,Melaka
node/8882864445,Bukit Asahan,Mountain / Peak,natural=peak,2.3866418,102.5329542,26.2,rural_region,Melaka_hinterland,Melaka
node/8883290267,Bukit Reban Kambing,Mountain / Peak,natural=peak,2.3347852,102.5414729,26.88,rural_region,Melaka_hinterland,Melaka
node/8883314276,Bukit Tukau,Mountain / Peak,natural=peak,2.3233148,102.5425887,27.12,rural_region,Melaka_hinterland,Melaka
node/8883485378,Bukit Leman,Mountain / Peak,natural=peak,2.2172416,102.5652641,32.96,rural_region,Melaka_hinterland,Melaka
node/8887043387,Bukit Lipat Kajang,Mountain / Peak,natural=peak,2.2117874,102.5682494,33.53,rural_region,Melaka_hinterland,Melaka
node/8889843287,Bukit Bantan,Mountain / Peak,natural=peak,2.6056507,102.5995266,43.76,rural_region,Melaka_hinterland,Melaka
node/8890470192,Bukit Kupong,Mountain / Peak,natural=peak,2.4194486,102.6395774,38.51,rural_region,Melaka_hinterland,Melaka
node/8890480289,Gunung Ledang,Mountain / Peak,natural=peak,2.3732115,102.6078884,34.3,rural_region,Melaka_hinterland,Melaka
node/8891515466,Kuala Sg. Baru Di ❤ Ku,Public Art,tourism=artwork,2.3612217,102.0383949,29.09,rural_region,Melaka_hinterland,Melaka
node/8899877344,Bukit Keledang,Mountain / Peak,natural=peak,2.4617864,102.6453763,40.33,rural_region,Melaka_hinterland,Melaka
node/8903762691,Bukit Sengkang,Mountain / Peak,natural=peak,2.4372424,102.6641545,41.6,rural_region,Melaka_hinterland,Melaka
node/8903883014,Bukit Gempa,Mountain / Peak,natural=peak,2.4297337,102.6662278,41.64,rural_region,Melaka_hinterland,Melaka
node/8910025265,Bukit Pengkalan,Mountain / Peak,natural=peak,2.1344694,102.6922345,49.74,rural_region,Melaka_hinterland,Melaka
node/8914667947,Bukit Jementah,Mountain / Peak,natural=peak,2.449832,102.7090466,46.78,rural_region,Melaka_hinterland,Melaka
node/8927085932,Selamat Datang ke Port Dickson,Public Art,tourism=artwork,2.3986978,101.9814141,35.81,rural_region,Melaka_hinterland,Melaka
node/8945893688,#Sungai Udang,Monument,historic=monument,2.2828108,102.1344608,19.85,rural_region,Melaka_hinterland,Melaka
node/9159387315,"Little India, Malacca",General Attraction,tourism=attraction,2.1960327,102.2513358,17.95,rural_region,Melaka_hinterland,Melaka
node/9172128014,Homestay Tanjung Bidara,General Attraction,tourism=attraction,2.3338173,102.086898,23.74,rural_region,Melaka_hinterland,Melaka
node/9737952430,Pulau Intan,Viewpoint / Scenic Spot,tourism=viewpoint,2.4031188,101.8537014,49.93,rural_region,Melaka_hinterland,Melaka
node/9748030889,Pusat Edu-Ecotourism Sungai Menyala,Nature Reserve,leisure=nature_reserve,2.4944972,101.8893265,48.37,rural_region,Melaka_hinterland,Melaka
node/9853150893,Bukit Cinta,Mountain / Peak,natural=peak,2.4314006,102.69526,44.84,rural_region,Melaka_hinterland,Melaka
node/10064479040,IM Orchard and Glamping,Camp Site,tourism=camp_site,2.6047444,102.1857824,31.04,rural_region,Melaka_hinterland,Melaka
node/10076140394,Fotografi Panorama,Viewpoint / Scenic Spot,tourism=viewpoint,2.1926494,102.249009,18.39,rural_region,Melaka_hinterland,Melaka
node/10076179188,Visit Melaka Sign,General Attraction,tourism=attraction,2.1907712,102.2483797,18.61,rural_region,Melaka_hinterland,Melaka
node/10239738687,Puncak 701,Mountain / Peak,natural=peak,2.543513,102.2056362,23.94,rural_region,Melaka_hinterland,Melaka
node/10239738914,Puncak 705,Mountain / Peak,natural=peak,2.5148507,102.2022405,21.31,rural_region,Melaka_hinterland,Melaka
node/10259799826,Riggers Hill,Mountain / Peak,natural=peak,2.712518,102.0400286,49.59,rural_region,Melaka_hinterland,Melaka
node/10259799911,Waterfall View,Viewpoint / Scenic Spot,tourism=viewpoint,2.7033846,102.0480484,48.24,rural_region,Melaka_hinterland,Melaka
node/10964081190,Coach MY airplane,General Attraction,tourism=attraction,2.4435087,102.2036481,14.92,rural_region,Melaka_hinterland,Melaka
node/11011353606,Various Portrait Murals,Public Art,tourism=artwork,2.1964209,102.2485374,18.01,rural_region,Melaka_hinterland,Melaka
node/11011358405,Kiehl’s Colourful Mural Wall,Public Art,tourism=artwork,2.1952932,102.2489855,18.11,rural_region,Melaka_hinterland,Melaka
node/11011358505,Murals Along This Side of The River,General Attraction,tourism=attraction,2.1950917,102.2493953,18.12,rural_region,Melaka_hinterland,Melaka
node/11011358507,Murals,Public Art,tourism=artwork,2.1964581,102.2481876,18.02,rural_region,Melaka_hinterland,Melaka
node/11011358706,Colourful Mural,Public Art,tourism=artwork,2.2003146,102.2510853,17.51,rural_region,Melaka_hinterland,Melaka
node/11011476605,Loads of murals along this side of the river,Public Art,tourism=artwork,2.2005684,102.2477842,17.6,rural_region,Melaka_hinterland,Melaka
node/11011476705,Murals all along here,Public Art,tourism=artwork,2.1977451,102.2484319,17.87,rural_region,Melaka_hinterland,Melaka
node/11011476706,Mural,Public Art,tourism=artwork,2.1958776,102.2491094,18.05,rural_region,Melaka_hinterland,Melaka
node/11011694906,Burger Mural,Public Art,tourism=artwork,2.1960247,102.2495468,18.02,rural_region,Melaka_hinterland,Melaka
node/11011773106,3D Car Figurines,Public Art,tourism=artwork,2.1964234,102.2506461,17.94,rural_region,Melaka_hinterland,Melaka
node/11013379507,Best Sunset Point (Besides The Mosque),Viewpoint / Scenic Spot,tourism=viewpoint,2.1809162,102.243861,19.81,rural_region,Melaka_hinterland,Melaka
node/11144104284,Gua Kelambu,Cave,natural=cave_entrance,2.4025308,102.435759,16.17,rural_region,Melaka_hinterland,Melaka
node/11144104285,Gua Tiga Tingkat,Cave,natural=cave_entrance,2.4030721,102.4364054,16.26,rural_region,Melaka_hinterland,Melaka
node/11144104287,Gua Reban,Cave,natural=cave_entrance,2.4024966,102.4361975,16.22,rural_region,Melaka_hinterland,Melaka
node/11144347349,Bukit Gapis,Mountain / Peak,natural=peak,2.4537411,102.4525201,20.5,rural_region,Melaka_hinterland,Melaka
node/11148381119,Bukit Jementah,Viewpoint / Scenic Spot,tourism=viewpoint,2.4293411,102.6906373,44.29,rural_region,Melaka_hinterland,Melaka
node/11171005616,Dewan Besar,Park / Green Space,leisure=park,2.2218427,102.2737079,14.55,rural_region,Melaka_hinterland,Melaka
node/11171005617,Makmal Komputer,Park / Green Space,leisure=park,2.2225058,102.2743827,14.46,rural_region,Melaka_hinterland,Melaka
node/11200084448,Bukit Sikai,Mountain / Peak,natural=peak,2.6708573,102.1742432,38.32,rural_region,Melaka_hinterland,Melaka
node/11215212734,Kem Lubuk Kuali,Camp Site,tourism=camp_site,2.6082805,102.1250023,34.68,rural_region,Melaka_hinterland,Melaka
node/11215212754,Tugu Keris,Public Art,tourism=artwork,2.6021031,102.123,34.24,rural_region,Melaka_hinterland,Melaka
node/11215514718,Bukit Rambai,Mountain / Peak,natural=peak,2.6446921,102.1817189,35.3,rural_region,Melaka_hinterland,Melaka
node/11217192999,Kem Pangkin,Camp Site,tourism=camp_site,2.6667845,102.1970679,37.03,rural_region,Melaka_hinterland,Melaka
node/11217246525,Kem Sri Pilah,Camp Site,tourism=camp_site,2.6698081,102.1829152,37.87,rural_region,Melaka_hinterland,Melaka
node/11217319365,Bukit Ulu Pilah,Mountain / Peak,natural=peak,2.6426939,102.1936541,34.62,rural_region,Melaka_hinterland,Melaka
node/11636600627,Ruins of Bastion Maurits,Historic Ruins,historic=ruins,2.1915108,102.2485057,18.53,rural_region,Melaka_hinterland,Melaka
node/11636679007,St. Paul,Public Art,tourism=artwork,2.1927034,102.2493285,18.37,rural_region,Melaka_hinterland,Melaka
node/11637093115,Tiger Mural,Public Art,tourism=artwork,2.1961734,102.2503624,17.97,rural_region,Melaka_hinterland,Melaka
node/11637223069,Mural,Public Art,tourism=artwork,2.1964076,102.2470464,18.06,rural_region,Melaka_hinterland,Melaka
node/11637227940,The Father of Bodybuilders in Malaysia,Public Art,tourism=artwork,2.1968162,102.2466432,18.04,rural_region,Melaka_hinterland,Melaka
node/11637227941,Dragon,Public Art,tourism=artwork,2.1968187,102.2466177,18.04,rural_region,Melaka_hinterland,Melaka
node/11637227942,Elephant,Public Art,tourism=artwork,2.1968321,102.2466164,18.03,rural_region,Melaka_hinterland,Melaka
node/11727949434,Pakat Pasang Pakat Surut,Viewpoint / Scenic Spot,tourism=viewpoint,2.4044629,101.8578355,49.5,rural_region,Melaka_hinterland,Melaka
node/11822035429,Taman Kayangan,Viewpoint / Scenic Spot,tourism=viewpoint,2.7874757,102.3969562,49.82,rural_region,Melaka_hinterland,Melaka
node/11873426169,Peak Bukit Parit Tinggi,Mountain / Peak,natural=peak,2.7857147,102.2033599,49.62,rural_region,Melaka_hinterland,Melaka
node/11887882141,Kota Biawak Busuk,Memorial,historic=memorial,2.0511566,102.5702772,44.79,rural_region,Melaka_hinterland,Melaka
node/11887898412,Tapak Sejarah Kota Buruk,Memorial,historic=memorial,2.1157176,102.6050614,42.75,rural_region,Melaka_hinterland,Melaka
node/11899742356,Melaka UNESCO World Heritage Site Sign,Public Art,tourism=artwork,2.1955029,102.2502174,18.05,rural_region,Melaka_hinterland,Melaka
node/11899742391,Welcome To Melaka Sign,General Attraction,tourism=attraction,2.1943672,102.2489433,18.21,rural_region,Melaka_hinterland,Melaka
node/11903260169,Malim Night Market,General Attraction,tourism=attraction,2.24014,102.2327957,14.32,rural_region,Melaka_hinterland,Melaka
node/11987288890,Muzium Sejarah dan Ethnografi,Museum,tourism=museum,2.1937838,102.2490936,18.27,rural_region,Melaka_hinterland,Melaka
node/11987376589,Muzium Belia Melaka,Museum,tourism=museum,2.1946088,102.2494702,18.17,rural_region,Melaka_hinterland,Melaka
node/11987388139,Pahlawan Walk,General Attraction,tourism=attraction,2.1901876,102.2485032,18.67,rural_region,Melaka_hinterland,Melaka
node/12157188345,Bukit Gombeh,Mountain / Peak,natural=peak,2.6366,102.2255,32.93,rural_region,Melaka_hinterland,Melaka
node/12162304383,Istana Melaka,Historic Fort/Castle,historic=castle,2.2404804,102.2838822,12.31,rural_region,Melaka_hinterland,Melaka
node/12194610325,Bukit 800,Mountain / Peak,natural=peak,2.3653542,102.5737097,30.46,rural_region,Melaka_hinterland,Melaka
node/12455522617,Malaya Independence Memorial,Monument,historic=monument,2.1912661,102.2500714,18.5,rural_region,Melaka_hinterland,Melaka
node/12464844214,Bukit Radu,Mountain / Peak,natural=peak,2.6626999,102.2648942,34.99,rural_region,Melaka_hinterland,Melaka
node/12464958278,Bukit Tumang,Mountain / Peak,natural=peak,2.592232,102.2207987,28.34,rural_region,Melaka_hinterland,Melaka
node/12470601407,Kem Ultra,Camp Site,tourism=camp_site,2.5307559,102.2124436,22.33,rural_region,Melaka_hinterland,Melaka
node/12528275248,Bukit Kloboian,Mountain / Peak,natural=peak,2.652739,102.225808,34.66,rural_region,Melaka_hinterland,Melaka
node/12528275249,Bukit Jeram Musat,Mountain / Peak,natural=peak,2.6571362,102.2229579,35.21,rural_region,Melaka_hinterland,Melaka
node/12564826863,Bukit Langsat,Mountain / Peak,natural=peak,2.3025236,102.0949662,23.38,rural_region,Melaka_hinterland,Melaka
node/12606351554,Bukit Tujoh,Mountain / Peak,natural=peak,2.666505,102.112654,40.89,rural_region,Melaka_hinterland,Melaka
node/12606378045,Bukit Boyan,Mountain / Peak,natural=peak,2.649489,102.098297,40.14,rural_region,Melaka_hinterland,Melaka
node/12633158584,The Jetty (Ruins),General Attraction,tourism=attraction,2.1862442,102.2476631,19.11,rural_region,Melaka_hinterland,Melaka
node/12704772902,Shore Sky Tower,Monument,historic=monument,2.202626,102.249587,17.32,rural_region,Melaka_hinterland,Melaka
node/12814329199,Jeram Gunung Pasir,Picnic / Recreation Site,tourism=picnic_site,2.6536773,102.1586426,37.24,rural_region,Melaka_hinterland,Melaka
node/12823701623,Bukit Tempurung,Mountain / Peak,natural=peak,2.6940689,102.1543979,41.54,rural_region,Melaka_hinterland,Melaka
node/12916918902,Dutch Square (Red Square) Melaka,General Attraction,tourism=attraction,2.1944224,102.249064,18.2,rural_region,Melaka_hinterland,Melaka
node/12976129630,Bukit Shaikh Seman,Mountain / Peak,natural=peak,2.5871884,102.4382653,30.52,rural_region,Melaka_hinterland,Melaka
node/12998820159,Bukit Besar,Mountain / Peak,natural=peak,2.6717934,102.2368544,36.46,rural_region,Melaka_hinterland,Melaka
node/13057614881,Christ The Redeemer,Public Art,tourism=artwork,2.1835391,102.2672492,18.86,rural_region,Melaka_hinterland,Melaka
node/13374574977,Bukit UTeM,Mountain / Peak,natural=peak,2.3106564,102.3158772,4.72,rural_region,Melaka_hinterland,Melaka
node/13387831182,Bukit Paya Rotan,Mountain / Peak,natural=peak,2.7587133,102.447896,48.33,rural_region,Melaka_hinterland,Melaka
node/13462472745,Cross Street Bar,General Attraction,tourism=attraction,2.1966949,102.2498858,17.93,rural_region,Melaka_hinterland,Melaka
node/13518302746,Incredible murals,General Attraction,tourism=attraction,2.0476446,102.5671558,44.85,rural_region,Melaka_hinterland,Melaka
node/13518302747,Lane full of murals,General Attraction,tourism=attraction,2.048453,102.5681536,44.86,rural_region,Melaka_hinterland,Melaka
node/13565867815,k7 Melaka Art Gallery,Art Gallery,tourism=gallery,2.2087401,102.2424913,16.96,rural_region,Melaka_hinterland,Melaka
node/13607519304,Padang Kawad UTeM,Park / Green Space,leisure=park,2.3098851,102.3219939,5.09,rural_region,Melaka_hinterland,Melaka
node/13689085168,Malacca Stories Hall,Museum,tourism=museum,2.2008848,102.2465301,17.61,rural_region,Melaka_hinterland,Melaka
node/13697917486,Bukit Lontek,Mountain / Peak,natural=peak,2.67614,102.2082089,37.67,rural_region,Melaka_hinterland,Melaka
node/13700552584,Mudskippers,Viewpoint / Scenic Spot,tourism=viewpoint,2.1808845,102.2560117,19.43,rural_region,Melaka_hinterland,Melaka
node/13700678945,Bukit Janjut,Mountain / Peak,natural=peak,2.5618773,102.1653749,27.91,rural_region,Melaka_hinterland,Melaka
node/13736712687,Melaka Distillery Experience,General Attraction,tourism=attraction,2.2000067,102.2606741,17.24,rural_region,Melaka_hinterland,Melaka
node/13823002461,Bukit Pati Buai,Mountain / Peak,natural=peak,2.7522199,102.1075567,49.57,rural_region,Melaka_hinterland,Melaka
node/13860126732,Taman Rekreasi Komuniti Tebat Kering,Park / Green Space,leisure=park,2.7356046,102.2488172,43.25,rural_region,Melaka_hinterland,Melaka
node/13860190733,Taman Rekreasi Bukit Pilah,Park / Green Space,leisure=park,2.7414735,102.2444159,43.97,rural_region,Melaka_hinterland,Melaka
node/13860557191,Malek,Park / Green Space,leisure=park,2.3026592,102.2160057,10.71,rural_region,Melaka_hinterland,Melaka
node/13860571980,1035-1 Hamim Marhaban,Park / Green Space,leisure=park,2.3026582,102.215611,10.75,rural_region,Melaka_hinterland,Melaka
node/13900546101,Mocity Cosmic Park,Theme Park,tourism=theme_park,2.2121892,102.208946,18.36,rural_region,Melaka_hinterland,Melaka
node/13900982231,Malaysia China Wangkang Museum,Museum,tourism=museum,2.1892319,102.2581619,18.47,rural_region,Melaka_hinterland,Melaka
node/13917690111,Bukit Sialang,Mountain / Peak,natural=peak,2.5672377,102.0791673,34.43,rural_region,Melaka_hinterland,Melaka
way/24229706,Taman Tanjung Ketapang,Park / Green Space,leisure=park,2.0401874,102.5471829,44.06,rural_region,Melaka_hinterland,Melaka
way/30022752,Dataran Ledang,Park / Green Space,leisure=park,2.2678504,102.5380822,27.98,rural_region,Melaka_hinterland,Melaka
way/39324360,Taman Bunga Raya,Park / Green Space,leisure=park,2.2685044,102.5363802,27.78,rural_region,Melaka_hinterland,Melaka
way/103769547,Jambatan Tan Kim Seng,General Attraction,tourism=attraction,2.1946004,102.2485249,18.2,rural_region,Melaka_hinterland,Melaka
way/103942675,Tan Beng Swee Clock Tower,Monument,historic=monument,2.1943127,102.2488707,18.22,rural_region,Melaka_hinterland,Melaka
way/105110213,Menara Taming Sari,General Attraction,tourism=attraction,2.1909757,102.2472585,18.63,rural_region,Melaka_hinterland,Melaka
way/170829526,Muzium UMNO Melaka,Museum,tourism=museum,2.1919367,102.248874,18.47,rural_region,Melaka_hinterland,Melaka
way/170829528,Galeri Warisan Kota Melaka,Art Gallery,tourism=gallery,2.1933684,102.24816,18.34,rural_region,Melaka_hinterland,Melaka
way/170829530,Muzium Islam Melaka,Museum,tourism=museum,2.1924328,102.2486716,18.43,rural_region,Melaka_hinterland,Melaka
way/170829535,Saint Paul's Church,Historic Ruins,historic=ruins,2.192649,102.2496211,18.37,rural_region,Melaka_hinterland,Melaka
way/170829541,Muzium Senibina Malaysia,Museum,tourism=museum,2.1927065,102.2485396,18.4,rural_region,Melaka_hinterland,Melaka
way/170830684,Muzium Samudera,Museum,tourism=museum,2.1917946,102.2464006,18.57,rural_region,Melaka_hinterland,Melaka
way/170830686,Muzium Jabatan Kastam Diraja Malaysia,Museum,tourism=museum,2.192609,102.2470723,18.46,rural_region,Melaka_hinterland,Melaka
way/193052160,Rambai Jaya Park,Park / Green Space,leisure=park,2.2621041,102.1856115,16.03,rural_region,Melaka_hinterland,Melaka
way/197933039,Dutch Square,General Attraction,tourism=attraction,2.1942106,102.2493922,18.21,rural_region,Melaka_hinterland,Melaka
way/244141383,Muzium Tentera Laut Diraja Malaysia,Museum,tourism=museum,2.1913725,102.2467136,18.61,rural_region,Melaka_hinterland,Melaka
way/286023454,Makam Hang Jebat,Memorial,historic=memorial,2.1966144,102.2487076,17.98,rural_region,Melaka_hinterland,Melaka
way/321953099,Muzium Dunia Melayu Dunia Islam,Museum,tourism=museum,2.191661,102.2497957,18.47,rural_region,Melaka_hinterland,Melaka
way/321953100,Proclamation of Independence Memorial,Museum,tourism=museum,2.1919115,102.2508918,18.41,rural_region,Melaka_hinterland,Melaka
way/354761088,Stadthuys,Museum,tourism=museum,2.1939298,102.2493511,18.24,rural_region,Melaka_hinterland,Melaka
way/388809876,Bastion Middleburg,General Attraction,tourism=attraction,2.1940802,102.2481554,18.27,rural_region,Melaka_hinterland,Melaka
way/444549043,Dataran Gemas,General Attraction,tourism=attraction,2.5819268,102.6156855,43.53,rural_region,Melaka_hinterland,Melaka
way/478327207,Dataran Keris,Park / Green Space,leisure=park,2.3832831,102.2097141,10.69,rural_region,Melaka_hinterland,Melaka
way/505977370,Hutan Rekreasi Ayer Keroh,Nature Reserve,leisure=nature_reserve,2.2840226,102.299077,7.34,rural_region,Melaka_hinterland,Melaka
way/506162443,Jalan Hang Jebat,General Attraction,tourism=attraction,2.1953172,102.2479599,18.15,rural_region,Melaka_hinterland,Melaka
way/506605712,Melaka Wonderland Theme Park & Resort,Theme Park,tourism=theme_park,2.2819847,102.2954372,7.58,rural_region,Melaka_hinterland,Melaka
way/506609970,Taman Rimba,Park / Green Space,leisure=park,2.2789181,102.2852084,8.07,rural_region,Melaka_hinterland,Melaka
way/506629932,Taman Krubong Jaya Park,Park / Green Space,leisure=park,2.3031697,102.242864,8.21,rural_region,Melaka_hinterland,Melaka
way/506629942,Taman Krubong Jaya Playground,Park / Green Space,leisure=park,2.3006885,102.245134,8.2,rural_region,Melaka_hinterland,Melaka
way/506635993,Krubong Perdana Park,Park / Green Space,leisure=park,2.324658,102.2428386,6.95,rural_region,Melaka_hinterland,Melaka
way/507524344,Seri Mangga Park,Park / Green Space,leisure=park,2.2287886,102.2208848,16.09,rural_region,Melaka_hinterland,Melaka
way/526233867,Taman Rekreasi Gemas,Park / Green Space,leisure=park,2.5814396,102.60608,42.64,rural_region,Melaka_hinterland,Melaka
way/558187198,Sentosa Temple Park,Park / Green Space,leisure=park,2.2333537,102.2723629,13.33,rural_region,Melaka_hinterland,Melaka
way/569704551,Melang Helang Park,Park / Green Space,leisure=park,2.7406467,102.2253817,44.22,rural_region,Melaka_hinterland,Melaka
way/571551066,Balairong Seri Istana Seri Menanti,Historic Fort/Castle,historic=castle,2.7019639,102.1579178,42.2,rural_region,Melaka_hinterland,Melaka
way/571551068,Istana Seri Menanti,Historic Fort/Castle,historic=castle,2.7021926,102.1585918,42.2,rural_region,Melaka_hinterland,Melaka
way/571551071,Istana Besar Seri Menanti,Historic Fort/Castle,historic=castle,2.7012666,102.1576909,42.14,rural_region,Melaka_hinterland,Melaka
way/572161330,Perkampungan Budaya Terachi,Park / Green Space,leisure=park,2.7456196,102.1493664,47.07,rural_region,Melaka_hinterland,Melaka
way/574727360,Gold Coast International Resort,Other (water_park),leisure=water_park,2.2425177,102.3046182,11.96,rural_region,Melaka_hinterland,Melaka
way/574727361,Bayou Lagon Park Resort,Other (water_park),leisure=water_park,2.2422884,102.3063265,12.0,rural_region,Melaka_hinterland,Melaka
way/588476070,PD Ostrich Show Farm,Park / Green Space,leisure=park,2.4466883,101.8621325,49.82,rural_region,Melaka_hinterland,Melaka
way/588476071,PD Ostrich Park,Park / Green Space,leisure=park,2.4463681,101.8621672,49.81,rural_region,Melaka_hinterland,Melaka
way/591307909,Taman Asean park,Park / Green Space,leisure=park,2.2343802,102.2193334,15.67,rural_region,Melaka_hinterland,Melaka
way/591308752,Taman Seri Pandan,Park / Green Space,leisure=park,2.2159504,102.2288705,16.87,rural_region,Melaka_hinterland,Melaka
way/599113639,Kota A Famosa,Historic Fort/Castle,historic=castle,2.1924036,102.2496186,18.4,rural_region,Melaka_hinterland,Melaka
way/599113640,Porta de Santiago,Historic Fort/Castle,historic=castle,2.1918801,102.2502377,18.43,rural_region,Melaka_hinterland,Melaka
way/599121850,Muzium Istana Kesultanan Melayu Melaka,Museum,tourism=museum,2.1928186,102.2504401,18.32,rural_region,Melaka_hinterland,Melaka
way/599121851,Muzium Yang di-Pertua Negeri Melaka,Museum,tourism=museum,2.1930912,102.2498548,18.32,rural_region,Melaka_hinterland,Melaka
way/599121856,Taman Larangan,Park / Green Space,leisure=park,2.1923439,102.2511414,18.35,rural_region,Melaka_hinterland,Melaka
way/609755682,Kompleks Megalit Pengkalan Kempas,Archaeological Site,historic=archaeological_site,2.4499627,102.0148715,33.57,rural_region,Melaka_hinterland,Melaka
way/610242612,Hutan Simpan Kekal Bukit Beruang,Other (wood),natural=wood,2.2463124,102.2832818,11.68,rural_region,Melaka_hinterland,Melaka
way/612129311,A Famosa Water Park,Theme Park,tourism=theme_park,2.4282461,102.2123425,13.06,rural_region,Melaka_hinterland,Melaka
way/616096856,Taman Rekreasi Datuk Wira Poh Ah Tiam Machap,Park / Green Space,leisure=park,2.3785507,102.3282464,4.46,rural_region,Melaka_hinterland,Melaka
way/622915522,Taman Masjid,Park / Green Space,leisure=park,2.6700363,101.9945995,49.17,rural_region,Melaka_hinterland,Melaka
way/622917435,Dataran Rembau,Park / Green Space,leisure=park,2.5884975,102.0946814,34.98,rural_region,Melaka_hinterland,Melaka
way/636261747,Dataran Awam Merlimau,Park / Green Space,leisure=park,2.1649625,102.4312767,25.22,rural_region,Melaka_hinterland,Melaka
way/638292033,Tanjung Minyak Jaya Park,Park / Green Space,leisure=park,2.2629139,102.194659,15.19,rural_region,Melaka_hinterland,Melaka
way/640244257,Taman Perdana,Park / Green Space,leisure=park,2.0506692,102.5896367,46.3,rural_region,Melaka_hinterland,Melaka
way/640893521,Park Taman Mas Merah,Park / Green Space,leisure=park,2.0667739,102.5978481,45.68,rural_region,Melaka_hinterland,Melaka
way/649754915,World's Bee Museum,Museum,tourism=museum,2.3000587,102.311448,5.7,rural_region,Melaka_hinterland,Melaka
way/649775152,Melaka Bird Park,Zoo / Wildlife Park,tourism=zoo,2.2851696,102.294349,7.24,rural_region,Melaka_hinterland,Melaka
way/665219775,Lorong Artistik,Public Art,tourism=artwork,2.4669484,102.2309652,15.1,rural_region,Melaka_hinterland,Melaka
way/665404584,Pinggiran Senawang 1 Park,Park / Green Space,leisure=park,2.6531477,101.9967116,47.66,rural_region,Melaka_hinterland,Melaka
way/665405440,Pinggiran Senawang 3 Park,Park / Green Space,leisure=park,2.6481669,101.9959368,47.33,rural_region,Melaka_hinterland,Melaka
way/665405743,Pinggiran Senawang 4 Park,Park / Green Space,leisure=park,2.6537578,102.0007078,47.39,rural_region,Melaka_hinterland,Melaka
way/679255021,Taman Asean Park2,Park / Green Space,leisure=park,2.2337627,102.2175233,15.84,rural_region,Melaka_hinterland,Melaka
way/679255024,Asean Park,Park / Green Space,leisure=park,2.2363604,102.2212686,15.37,rural_region,Melaka_hinterland,Melaka
way/685550032,Playground,Park / Green Space,leisure=park,2.2003458,102.3061483,16.65,rural_region,Melaka_hinterland,Melaka
way/717459538,Stadium Park,Park / Green Space,leisure=park,2.0365156,102.5693292,45.94,rural_region,Melaka_hinterland,Melaka
way/717465229,Laman Maharani,Park / Green Space,leisure=park,2.0490276,102.5678339,44.78,rural_region,Melaka_hinterland,Melaka
way/717813920,Taman Tiara Park,Park / Green Space,leisure=park,2.2711179,102.5586806,30.05,rural_region,Melaka_hinterland,Melaka
way/718415633,Muar Clock Tower Park,Park / Green Space,leisure=park,2.0488387,102.5688468,44.88,rural_region,Melaka_hinterland,Melaka
way/718872514,Taman Rekreasi Tampin,Park / Green Space,leisure=park,2.4718651,102.2267342,15.81,rural_region,Melaka_hinterland,Melaka
way/723953239,Dataran Tanjung,Park / Green Space,leisure=park,2.0474381,102.5546833,43.96,rural_region,Melaka_hinterland,Melaka
way/730851971,Dataran Bukit Pasir,Park / Green Space,leisure=park,2.0991664,102.6384351,46.82,rural_region,Melaka_hinterland,Melaka
way/730851972,Park Sakeh Baru,Park / Green Space,leisure=park,2.053682,102.5902593,46.11,rural_region,Melaka_hinterland,Melaka
way/733800065,Taman TMU Park,Park / Green Space,leisure=park,2.2680815,102.1963076,14.69,rural_region,Melaka_hinterland,Melaka
way/733801444,Taman Cheng Perdana,Park / Green Space,leisure=park,2.2808507,102.2067728,12.9,rural_region,Melaka_hinterland,Melaka
way/739544577,Tanjung Emas,Park / Green Space,leisure=park,2.0474813,102.5522706,43.79,rural_region,Melaka_hinterland,Melaka
way/857108706,Rumah Lama Alsaeed,General Attraction,tourism=attraction,2.0599986,102.5748777,44.41,rural_region,Melaka_hinterland,Melaka
way/893203224,Bertam Impian Park,Park / Green Space,leisure=park,2.2933152,102.1730058,15.45,rural_region,Melaka_hinterland,Melaka
way/904616547,New TMU Park,Park / Green Space,leisure=park,2.2688842,102.1990071,14.4,rural_region,Melaka_hinterland,Melaka
way/905284499,Muzium Penjara Malaysia,Museum,tourism=museum,2.1883991,102.2628098,18.44,rural_region,Melaka_hinterland,Melaka
way/913068545,Taman Buaya Melaka,Zoo / Wildlife Park,tourism=zoo,2.277299,102.2970842,8.09,rural_region,Melaka_hinterland,Melaka
way/943535236,Kem PLKN Warisan,Camp Site,tourism=camp_site,2.4190828,102.041454,29.73,rural_region,Melaka_hinterland,Melaka
way/945759715,Jonker Walk,General Attraction,tourism=attraction,2.1966571,102.2465644,18.06,rural_region,Melaka_hinterland,Melaka
way/945813625,Kota St. John,Historic Fort/Castle,historic=castle,2.1893558,102.2642584,18.3,rural_region,Melaka_hinterland,Melaka
way/946140694,1 Krubong Leisure Park,Park / Green Space,leisure=park,2.313465,102.2449169,7.35,rural_region,Melaka_hinterland,Melaka
way/962458408,Padang Serbaguna Tampin,Park / Green Space,leisure=park,2.4707347,102.2253549,15.78,rural_region,Melaka_hinterland,Melaka
way/962471713,Taman Tasik Tampin,Park / Green Space,leisure=park,2.4786146,102.2140878,17.19,rural_region,Melaka_hinterland,Melaka
way/962498610,Taman Rekreasi Indah,Park / Green Space,leisure=park,2.478926,102.2447878,15.59,rural_region,Melaka_hinterland,Melaka
way/962502031,Taman Rekreasi Ametis,Park / Green Space,leisure=park,2.4821013,102.2281962,16.72,rural_region,Melaka_hinterland,Melaka
way/962509843,Taman Rekreasi Gunung Mas,Park / Green Space,leisure=park,2.4899678,102.2308122,17.36,rural_region,Melaka_hinterland,Melaka
way/962798322,Taman Rekreasi Bandar Satelit Sebang,Park / Green Space,leisure=park,2.4617077,102.2374571,14.23,rural_region,Melaka_hinterland,Melaka
way/962827009,Dataran Tampin,Park / Green Space,leisure=park,2.4712664,102.224514,15.88,rural_region,Melaka_hinterland,Melaka
way/963589687,Playground Kompleks Arena Dataran Tampin,Park / Green Space,leisure=park,2.4724438,102.2227424,16.09,rural_region,Melaka_hinterland,Melaka
way/963598503,Taman Rekreasi Bukit Ria,Park / Green Space,leisure=park,2.4658507,102.2399191,14.51,rural_region,Melaka_hinterland,Melaka
way/992743886,Dataran Akademik,Park / Green Space,leisure=park,2.3320801,102.089339,23.49,rural_region,Melaka_hinterland,Melaka
way/1062635962,UK Fun Park,Theme Park,tourism=theme_park,2.2134303,102.1928255,19.3,rural_region,Melaka_hinterland,Melaka
way/1202019736,Bukit Batu Lebah Forest Eco Park,Other (chalet),tourism=chalet,2.3993789,102.4297495,15.43,rural_region,Melaka_hinterland,Melaka
way/1210499629,Rekreasi Rimba Sungai Talan,Nature Reserve,leisure=nature_reserve,2.6026717,102.1230982,34.29,rural_region,Melaka_hinterland,Melaka
way/1223999082,Taman Seribu Bunga,Park / Green Space,leisure=park,2.2681358,102.29742,9.11,rural_region,Melaka_hinterland,Melaka
way/1224403290,Zoo Melaka,Zoo / Wildlife Park,tourism=zoo,2.2776388,102.3017179,8.05,rural_region,Melaka_hinterland,Melaka
way/1224442872,Dataran Ayer Keroh,Park / Green Space,leisure=park,2.2737694,102.2984694,8.48,rural_region,Melaka_hinterland,Melaka
way/1242593907,Malaysia Heritage Studios,Theme Park,tourism=theme_park,2.2820255,102.3035141,7.57,rural_region,Melaka_hinterland,Melaka
way/1249362221,Taman Permainan Bukit Seri Senawang,Park / Green Space,leisure=park,2.6672885,101.9936127,49.02,rural_region,Melaka_hinterland,Melaka
way/1251888429,Muzium Sastera Melaka,Museum,tourism=museum,2.1937733,102.2495958,18.25,rural_region,Melaka_hinterland,Melaka
way/1252223239,St Peter's Catholic Church,General Attraction,tourism=attraction,2.2023226,102.2532426,17.22,rural_region,Melaka_hinterland,Melaka
way/1293044456,Muzium Pendidikan,Museum,tourism=museum,2.1939931,102.2498662,18.22,rural_region,Melaka_hinterland,Melaka
way/1293044472,Taman Warisan Dunia Jonker Walk,Park / Green Space,leisure=park,2.1969082,102.2467449,18.02,rural_region,Melaka_hinterland,Melaka
way/1293044482,Musical Fountain,General Attraction,tourism=attraction,2.199693,102.2484721,17.67,rural_region,Melaka_hinterland,Melaka
way/1293044485,Muzium Rakyat,Museum,tourism=museum,2.1916686,102.2491902,18.49,rural_region,Melaka_hinterland,Melaka
way/1293060214,Bastion Victoria,General Attraction,tourism=attraction,2.1956448,102.2504398,18.03,rural_region,Melaka_hinterland,Melaka
way/1314692839,Muzium Kapal Selam,Museum,tourism=museum,2.2110072,102.1972863,19.21,rural_region,Melaka_hinterland,Melaka
way/1385100976,Muzium DiRaja Istana Lama Seri Menanti,Museum,tourism=museum,2.6979566,102.1571345,41.82,rural_region,Melaka_hinterland,Melaka
way/1390930366,Taman Eko Rimba Gunung Datuk,Picnic / Recreation Site,tourism=picnic_site,2.543783,102.1696166,25.96,rural_region,Melaka_hinterland,Melaka
way/1418818807,Hang Li Poh's Well,General Attraction,tourism=attraction,2.1957909,102.2552653,17.85,rural_region,Melaka_hinterland,Melaka
way/1419186257,Seng Cheong Society 1928 Old Building,General Attraction,tourism=attraction,2.1983516,102.2434632,17.99,rural_region,Melaka_hinterland,Melaka
way/1419889651,Chee Ancestral Mansion,Monument,historic=monument,2.1959983,102.2449315,18.18,rural_region,Melaka_hinterland,Melaka
way/1419914017,Melaka Anti Japanese Memorial,Monument,historic=monument,2.1956409,102.2554269,17.86,rural_region,Melaka_hinterland,Melaka
way/1420921402,Galeri Warisan Portugis,Museum,tourism=museum,2.1839597,102.2665499,18.83,rural_region,Melaka_hinterland,Melaka
way/1422597716,Hang Kasturi Tomb,General Attraction,tourism=attraction,2.1972765,102.246083,18.01,rural_region,Melaka_hinterland,Melaka
way/1451019107,Avocado Village,Camp Site,tourism=camp_site,2.2781349,102.4812792,21.67,rural_region,Melaka_hinterland,Melaka
way/1496839418,Kem Benteng Negara,Camp Site,tourism=camp_site,2.1702943,102.5032633,30.16,rural_region,Melaka_hinterland,Melaka
way/1518657437,Lister Memorial Arch,Park / Green Space,leisure=park,2.7416777,102.2484566,43.93,rural_region,Melaka_hinterland,Melaka
way/1518681302,Taman Rekreasi Jalan Bukit,Park / Green Space,leisure=park,2.7418287,102.2464953,43.97,rural_region,Melaka_hinterland,Melaka
way/1528552209,Wet World Pedas Waterpark & Hotspring,Other (water_park),leisure=water_park,2.6318646,102.0547291,41.53,rural_region,Melaka_hinterland,Melaka
way/1546033893,Laman Hikmah,Park / Green Space,leisure=park,2.3087952,102.3200025,5.09,rural_region,Melaka_hinterland,Melaka
