osm_id,attraction_name,category,raw_osm_tag,lat,lon,distance_km,query_type,reference_point,reference_state
node/1456303681,Aquaria KLCC,Other (aquarium; attraction),tourism=aquarium; attraction,3.1533436,101.7130586,10.69,hospital_radius,Alhaya Fertility Centre,Wilayah Persekutuan
node/1524273574,Muzium Petaling Jaya,Museum,tourism=museum,3.1053254,101.6503601,8.13,hospital_radius,Alhaya Fertility Centre,Wilayah Persekutuan
node/1524820466,Bukit Gasing - Puchong view,Viewpoint / Scenic Spot,tourism=viewpoint,3.0914515,101.6580206,9.89,hospital_radius,Alhaya Fertility Centre,Wilayah Persekutuan
node/1686530074,Ramayana Cave,Cave,natural=cave_entrance,3.2388785,101.6816906,10.3,hospital_radius,Alhaya Fertility Centre,Wilayah Persekutuan
node/1686538694,Dark Cave,Cave,natural=cave_entrance,3.2380616,101.684027,10.41,hospital_radius,Alhaya Fertility Centre,Wilayah Persekutuan
node/1696988220,Traditional House,Museum,tourism=museum,3.2358985,101.6284947,7.29,hospital_radius,Alhaya Fertility Centre,Wilayah Persekutuan
node/1738872865,Kolam Air Panas Selayang,General Attraction,tourism=attraction,3.2586707,101.6463232,10.21,hospital_radius,Alhaya Fertility Centre,Wilayah Persekutuan
node/1769203931,Isi Rimba,Camp Site,tourism=camp_site,3.2262323,101.7812005,19.08,hospital_radius,Alhaya Fertility Centre,Wilayah Persekutuan
node/1819670408,NN Gallery Sdn Bhd,Public Art,tourism=artwork,3.1509823,101.7483333,14.59,hospital_radius,Alhaya Fertility Centre,Wilayah Persekutuan
node/1919710738,Upside Down House,General Attraction,tourism=attraction,3.1514614,101.7027596,9.61,hospital_radius,Alhaya Fertility Centre,Wilayah Persekutuan
node/1919715404,Galeri Interaktif NRE,Museum,tourism=museum,3.1500612,101.7024185,9.61,hospital_radius,Alhaya Fertility Centre,Wilayah Persekutuan
node/2024347320,Laman Comanwel,Monument,historic=monument,3.1014432,101.5970437,8.1,hospital_radius,Alhaya Fertility Centre,Wilayah Persekutuan
node/2111684207,Bukit Tabur East,Mountain / Peak,natural=peak,3.2322805,101.7569321,16.81,hospital_radius,Alhaya Fertility Centre,Wilayah Persekutuan
node/2121121084,Bukit Kiara,Mountain / Peak,natural=peak,3.158462,101.6360029,2.4,hospital_radius,Alhaya Fertility Centre,Wilayah Persekutuan
node/2462612652,Bukit Kutu,Mountain / Peak,natural=peak,3.099553,101.6631358,9.38,hospital_radius,Alhaya Fertility Centre,Wilayah Persekutuan
node/2495120940,Bukit Tabur West,Mountain / Peak,natural=peak,3.2369716,101.7387991,15.24,hospital_radius,Alhaya Fertility Centre,Wilayah Persekutuan
node/2517533554,Petronas Towers Viewpoint #2,Viewpoint / Scenic Spot,tourism=viewpoint,3.1561762,101.7137639,10.71,hospital_radius,Alhaya Fertility Centre,Wilayah Persekutuan
node/2911346279,Lord Murugan Statue,Monument,historic=monument,3.2374772,101.6839815,10.36,hospital_radius,Alhaya Fertility Centre,Wilayah Persekutuan
node/2921494089,Bukit Tadun,Mountain / Peak,natural=peak,3.2535621,101.5453876,12.24,hospital_radius,Alhaya Fertility Centre,Wilayah Persekutuan
node/3775055830,Muzium UiTM & Galeri Seni,Museum,tourism=museum,3.0658637,101.5059245,17.12,hospital_radius,Alhaya Fertility Centre,Wilayah Persekutuan
node/3865639558,Midway Station,Viewpoint / Scenic Spot,tourism=viewpoint,3.092344,101.770474,19.02,hospital_radius,Alhaya Fertility Centre,Wilayah Persekutuan
node/3865639637,Station,Viewpoint / Scenic Spot,tourism=viewpoint,3.092258,101.771258,19.1,hospital_radius,Alhaya Fertility Centre,Wilayah Persekutuan
node/4080167640,Bukit Gasing - KL view,Viewpoint / Scenic Spot,tourism=viewpoint,3.0917034,101.6596913,9.95,hospital_radius,Alhaya Fertility Centre,Wilayah Persekutuan
node/4130096411,Bukit Sungai Putih,Mountain / Peak,natural=peak,3.1115645,101.7790407,19.02,hospital_radius,Alhaya Fertility Centre,Wilayah Persekutuan
node/4162642481,Bukit Gasing,Mountain / Peak,natural=peak,3.091547,101.6593639,9.95,hospital_radius,Alhaya Fertility Centre,Wilayah Persekutuan
node/4277826893,Medan Pasar Clock Tower,Public Art,tourism=artwork,3.1473921,101.6959442,9.0,hospital_radius,Alhaya Fertility Centre,Wilayah Persekutuan
node/4283481889,Kuala Lumpur City Gallery,Museum,tourism=museum,3.1472239,101.693407,8.74,hospital_radius,Alhaya Fertility Centre,Wilayah Persekutuan
node/4327707896,Little India,General Attraction,tourism=attraction,3.1290537,101.6840403,8.65,hospital_radius,Alhaya Fertility Centre,Wilayah Persekutuan
node/4329258589,Muzium Polis Diraja Malaysia,Museum,tourism=museum,3.1409386,101.6889136,8.51,hospital_radius,Alhaya Fertility Centre,Wilayah Persekutuan
node/4354929690,Rumah Sewa Elliani,General Attraction,tourism=attraction,3.0920233,101.6022083,8.98,hospital_radius,Alhaya Fertility Centre,Wilayah Persekutuan
node/4370114190,Street Art,Public Art,tourism=artwork,3.1566469,101.7096115,10.25,hospital_radius,Alhaya Fertility Centre,Wilayah Persekutuan
node/4383463094,Layang-Layang Recreation Park,Picnic / Recreation Site,tourism=picnic_site,3.2287395,101.6500239,7.3,hospital_radius,Alhaya Fertility Centre,Wilayah Persekutuan
node/4400794173,KL Tower Mini Zoo,Zoo / Wildlife Park,tourism=zoo,3.1526407,101.7035046,9.66,hospital_radius,Alhaya Fertility Centre,Wilayah Persekutuan
node/4441341338,Puncak Seni,Mountain / Peak,natural=peak,3.103257,101.505744,14.61,hospital_radius,Alhaya Fertility Centre,Wilayah Persekutuan
node/4450182216,Hanuman Statue,Monument,historic=monument,3.2382656,101.6817201,10.25,hospital_radius,Alhaya Fertility Centre,Wilayah Persekutuan
node/4466392596,FRIM Sign,Public Art,tourism=artwork,3.2272888,101.6364724,6.56,hospital_radius,Alhaya Fertility Centre,Wilayah Persekutuan
node/4467291298,Perah Camp Site,Camp Site,tourism=camp_site,3.2316627,101.6264598,6.79,hospital_radius,Alhaya Fertility Centre,Wilayah Persekutuan
node/4493669507,Puncak Denai Tiga Puteri,Mountain / Peak,natural=peak,3.175777,101.5995537,2.16,hospital_radius,Alhaya Fertility Centre,Wilayah Persekutuan
node/4509938191,Memorial Tunku Abdul Rahman PUTRA,Memorial,historic=memorial,3.1565555,101.6904481,8.16,hospital_radius,Alhaya Fertility Centre,Wilayah Persekutuan
node/4519924691,Ushamax Sdn Bhd,Public Art,tourism=artwork,3.094949,101.5872445,9.15,hospital_radius,Alhaya Fertility Centre,Wilayah Persekutuan
node/4525948489,Herbarium,Museum,tourism=museum,3.1468405,101.6869418,8.07,hospital_radius,Alhaya Fertility Centre,Wilayah Persekutuan
node/4528144692,furniture second,Public Art,tourism=artwork,3.1141644,101.5893305,7.11,hospital_radius,Alhaya Fertility Centre,Wilayah Persekutuan
node/4537538374,Bukit Wawasan,Mountain / Peak,natural=peak,3.0151977,101.636771,17.46,hospital_radius,Alhaya Fertility Centre,Wilayah Persekutuan
node/4596204689,Itsy Bitsy,General Attraction,tourism=attraction,3.0653534,101.4841855,18.99,hospital_radius,Alhaya Fertility Centre,Wilayah Persekutuan
node/4609020207,I♥KL,Public Art,tourism=artwork,3.1473654,101.6931443,8.7,hospital_radius,Alhaya Fertility Centre,Wilayah Persekutuan
node/4640031472,PUJ 2 Park,Park / Green Space,leisure=park,3.0235218,101.680048,17.78,hospital_radius,Alhaya Fertility Centre,Wilayah Persekutuan
node/4651277890,Camp Ground,Camp Site,tourism=camp_site,3.1536967,101.7027097,9.55,hospital_radius,Alhaya Fertility Centre,Wilayah Persekutuan
node/4661264031,Jadi Batik Gallery,Art Gallery,tourism=gallery,3.1457108,101.7190427,11.52,hospital_radius,Alhaya Fertility Centre,Wilayah Persekutuan
node/4703275089,ILHAM Gallery,Art Gallery,tourism=gallery,3.1591109,101.7188203,11.22,hospital_radius,Alhaya Fertility Centre,Wilayah Persekutuan
node/4770727112,Wei-Ling Gallery,Art Gallery,tourism=gallery,3.1358904,101.691433,9.0,hospital_radius,Alhaya Fertility Centre,Wilayah Persekutuan
node/4770741269,Galeri Petronas,Art Gallery,tourism=gallery,3.1579451,101.7120305,10.49,hospital_radius,Alhaya Fertility Centre,Wilayah Persekutuan
node/4780331321,Taman Eko Rimba Sungai Tua,Camp Site,tourism=camp_site,3.31505,101.6990781,18.34,hospital_radius,Alhaya Fertility Centre,Wilayah Persekutuan
node/4816630727,Bukit Besi Alam Damai Cheras,Viewpoint / Scenic Spot,tourism=viewpoint,3.0711687,101.7308715,16.71,hospital_radius,Alhaya Fertility Centre,Wilayah Persekutuan
node/4817168621,Taksu Gallery,Museum,tourism=museum,3.1720659,101.7326832,12.68,hospital_radius,Alhaya Fertility Centre,Wilayah Persekutuan
node/4823046824,Malaysia Chocolate Museum,Museum,tourism=museum,3.155743,101.568956,5.76,hospital_radius,Alhaya Fertility Centre,Wilayah Persekutuan
node/4863370048,Metal Dancer,Public Art,tourism=artwork,3.1300964,101.6844412,8.63,hospital_radius,Alhaya Fertility Centre,Wilayah Persekutuan
node/5167417721,Light City,General Attraction,tourism=attraction,3.0649362,101.4831975,19.1,hospital_radius,Alhaya Fertility Centre,Wilayah Persekutuan
node/5224380439,Progress,Public Art,tourism=artwork,3.1492265,101.6847787,7.76,hospital_radius,Alhaya Fertility Centre,Wilayah Persekutuan
node/5224380440,Menuju Keamanan,Public Art,tourism=artwork,3.1493461,101.6844339,7.72,hospital_radius,Alhaya Fertility Centre,Wilayah Persekutuan
node/5224380567,Barong-Barong,Public Art,tourism=artwork,3.1493105,101.6846374,7.74,hospital_radius,Alhaya Fertility Centre,Wilayah Persekutuan
node/5224380568,Pertumbuhan,Public Art,tourism=artwork,3.1495175,101.684729,7.74,hospital_radius,Alhaya Fertility Centre,Wilayah Persekutuan
node/5316288322,River of Life,Viewpoint / Scenic Spot,tourism=viewpoint,3.1472253,101.695192,8.92,hospital_radius,Alhaya Fertility Centre,Wilayah Persekutuan
node/5340618123,Peak Garden (North Hummock),Viewpoint / Scenic Spot,tourism=viewpoint,3.1284187,101.4843053,15.63,hospital_radius,Alhaya Fertility Centre,Wilayah Persekutuan
node/5421933326,Bukit Apek,Camp Site,tourism=camp_site,3.1028937,101.7729749,18.76,hospital_radius,Alhaya Fertility Centre,Wilayah Persekutuan
node/5565694121,Laman Seni,General Attraction,tourism=attraction,3.068114,101.4893356,18.35,hospital_radius,Alhaya Fertility Centre,Wilayah Persekutuan
node/5568194821,Bolder Ventures,General Attraction,tourism=attraction,3.04515,101.6048428,14.09,hospital_radius,Alhaya Fertility Centre,Wilayah Persekutuan
node/5602360528,Bukit Kembara,Mountain / Peak,natural=peak,3.1627534,101.7769153,17.62,hospital_radius,Alhaya Fertility Centre,Wilayah Persekutuan
node/5606150531,Bukit Besi,Mountain / Peak,natural=peak,3.070549,101.7306948,16.74,hospital_radius,Alhaya Fertility Centre,Wilayah Persekutuan
node/5678926520,99 Wonderland Park LED Park,Theme Park,tourism=theme_park,3.236466,101.6644455,8.88,hospital_radius,Alhaya Fertility Centre,Wilayah Persekutuan
node/5729567223,Old KL Train Station,General Attraction,tourism=attraction,3.1397613,101.6933554,9.02,hospital_radius,Alhaya Fertility Centre,Wilayah Persekutuan
node/5729590222,Cockerel,Public Art,tourism=artwork,3.1452949,101.6988409,9.38,hospital_radius,Alhaya Fertility Centre,Wilayah Persekutuan
node/5787646853,Goldsmith,Public Art,tourism=artwork,3.1416172,101.6972202,9.34,hospital_radius,Alhaya Fertility Centre,Wilayah Persekutuan
node/5791210709,BRP Park Sungai Buloh,Park / Green Space,leisure=park,3.2296497,101.5568695,9.44,hospital_radius,Alhaya Fertility Centre,Wilayah Persekutuan
node/5811424656,Bukit Sapu Tangan,Mountain / Peak,natural=peak,3.1145919,101.4983917,14.74,hospital_radius,Alhaya Fertility Centre,Wilayah Persekutuan
node/5831817389,Street Art - Birds,Public Art,tourism=artwork,3.1414448,101.6975831,9.38,hospital_radius,Alhaya Fertility Centre,Wilayah Persekutuan
node/5839389988,Menara Kuala Lumpur,General Attraction,tourism=attraction,3.152859,101.7037604,9.69,hospital_radius,Alhaya Fertility Centre,Wilayah Persekutuan
node/5892806555,Station 1,Viewpoint / Scenic Spot,tourism=viewpoint,3.0885245,101.7712794,19.29,hospital_radius,Alhaya Fertility Centre,Wilayah Persekutuan
node/5894362782,Gold Station,Viewpoint / Scenic Spot,tourism=viewpoint,3.0949085,101.7708323,18.92,hospital_radius,Alhaya Fertility Centre,Wilayah Persekutuan
node/5896594836,Kuala Lumpur Cenotaph,Memorial,historic=memorial,3.1500118,101.6837554,7.62,hospital_radius,Alhaya Fertility Centre,Wilayah Persekutuan
node/5900763516,Station 2,Viewpoint / Scenic Spot,tourism=viewpoint,3.0902202,101.7716613,19.24,hospital_radius,Alhaya Fertility Centre,Wilayah Persekutuan
node/6128154631,Laman Seni Seksyen 2,General Attraction,tourism=attraction,3.071079,101.5084564,16.52,hospital_radius,Alhaya Fertility Centre,Wilayah Persekutuan
node/6197947485,Panas-Panas,Public Art,tourism=artwork,3.1472782,101.6968442,9.1,hospital_radius,Alhaya Fertility Centre,Wilayah Persekutuan
node/6239045146,Station 3b,Viewpoint / Scenic Spot,tourism=viewpoint,3.096371,101.7726961,19.04,hospital_radius,Alhaya Fertility Centre,Wilayah Persekutuan
node/6246346788,Petronas Towers Viewpoint #1,Viewpoint / Scenic Spot,tourism=viewpoint,3.1589465,101.710888,10.35,hospital_radius,Alhaya Fertility Centre,Wilayah Persekutuan
node/6259611407,Viewpoint of KL TV Tower between 2 buildings,Viewpoint / Scenic Spot,tourism=viewpoint,3.1400969,101.705436,10.25,hospital_radius,Alhaya Fertility Centre,Wilayah Persekutuan
node/6271541624,Bukit Robson,Mountain / Peak,natural=peak,3.1196361,101.6878931,9.6,hospital_radius,Alhaya Fertility Centre,Wilayah Persekutuan
node/6367206585,Malaysia Cartoon & Comic House,Museum,tourism=museum,3.1468066,101.68668,8.04,hospital_radius,Alhaya Fertility Centre,Wilayah Persekutuan
node/6807862813,Bukit Peninjau,Mountain / Peak,natural=peak,3.27252,101.6072101,11.34,hospital_radius,Alhaya Fertility Centre,Wilayah Persekutuan
node/6807862814,Bukit Hulu Muncung,Mountain / Peak,natural=peak,3.2772442,101.5854491,12.36,hospital_radius,Alhaya Fertility Centre,Wilayah Persekutuan
node/7004195463,Budiman Peak Lookout Point,Viewpoint / Scenic Spot,tourism=viewpoint,3.1387986,101.4853306,15.21,hospital_radius,Alhaya Fertility Centre,Wilayah Persekutuan
node/7021562916,SS5 Playground & Basketball Court,Park / Green Space,leisure=park,3.1015545,101.6034326,7.91,hospital_radius,Alhaya Fertility Centre,Wilayah Persekutuan
node/7074076085,MyBatik,Public Art,tourism=artwork,3.1571811,101.7444578,14.08,hospital_radius,Alhaya Fertility Centre,Wilayah Persekutuan
node/7132902788,双溪威新村 Kg. Baru Sg. Way,Monument,historic=monument,3.0871453,101.6234694,9.35,hospital_radius,Alhaya Fertility Centre,Wilayah Persekutuan
node/7176829770,Aveling Steam Roller,Memorial,historic=memorial,3.1510993,101.6939195,8.67,hospital_radius,Alhaya Fertility Centre,Wilayah Persekutuan
node/7192886087,Mini Stonehenge,General Attraction,tourism=attraction,3.1404039,101.6877368,8.42,hospital_radius,Alhaya Fertility Centre,Wilayah Persekutuan
node/7217517474,Muzium Seni Kraf Orang Asli,Museum,tourism=museum,3.1377468,101.6885316,8.62,hospital_radius,Alhaya Fertility Centre,Wilayah Persekutuan
node/7221496859,Planetarium Negara,Museum,tourism=museum,3.139486,101.6893032,8.62,hospital_radius,Alhaya Fertility Centre,Wilayah Persekutuan
node/7317759115,Alludin Kettle,Public Art,tourism=artwork,3.1473685,101.7101531,10.52,hospital_radius,Alhaya Fertility Centre,Wilayah Persekutuan
node/7333847978,Child With Tiger On Head,Public Art,tourism=artwork,3.1481877,101.6990715,9.31,hospital_radius,Alhaya Fertility Centre,Wilayah Persekutuan
node/7333889397,Keris,Public Art,tourism=artwork,3.1469817,101.7001643,9.46,hospital_radius,Alhaya Fertility Centre,Wilayah Persekutuan
node/7365813597,Memorial Tun Hussein Onn,Memorial,historic=memorial,3.1556829,101.6909263,8.23,hospital_radius,Alhaya Fertility Centre,Wilayah Persekutuan
node/7365813622,Memorial Negarawan,Memorial,historic=memorial,3.1550985,101.6912271,8.27,hospital_radius,Alhaya Fertility Centre,Wilayah Persekutuan
node/7425652902,Jalan Alor Street Art,Public Art,tourism=artwork,3.147219,101.7092281,10.42,hospital_radius,Alhaya Fertility Centre,Wilayah Persekutuan
node/7490098550,Couple On The Bridge,Public Art,tourism=artwork,3.1415326,101.6976537,9.39,hospital_radius,Alhaya Fertility Centre,Wilayah Persekutuan
node/7490098551,Man Playing Instrument,Public Art,tourism=artwork,3.1415538,101.6976998,9.39,hospital_radius,Alhaya Fertility Centre,Wilayah Persekutuan
node/7490098552,Playing Children,Public Art,tourism=artwork,3.1415866,101.6976976,9.39,hospital_radius,Alhaya Fertility Centre,Wilayah Persekutuan
node/7490098553,Calligraphist At Work,Public Art,tourism=artwork,3.1416196,101.6976954,9.39,hospital_radius,Alhaya Fertility Centre,Wilayah Persekutuan
node/7490098554,Seductive Woman,Public Art,tourism=artwork,3.1416652,101.6976923,9.39,hospital_radius,Alhaya Fertility Centre,Wilayah Persekutuan
node/7490098555,Hairdresser,Public Art,tourism=artwork,3.1417632,101.6977023,9.38,hospital_radius,Alhaya Fertility Centre,Wilayah Persekutuan
node/7490098558,Streetlife,Public Art,tourism=artwork,3.1417645,101.6977217,9.39,hospital_radius,Alhaya Fertility Centre,Wilayah Persekutuan
node/7496171410,Children Rope Skipping,Public Art,tourism=artwork,3.1417662,101.6977464,9.39,hospital_radius,Alhaya Fertility Centre,Wilayah Persekutuan
node/7518759702,Bukit Sri Bintang - Peak 1,Mountain / Peak,natural=peak,3.1805594,101.6422587,2.84,hospital_radius,Alhaya Fertility Centre,Wilayah Persekutuan
node/7592108385,Klang Gates Quartz Ridge,General Attraction,tourism=attraction,3.2331569,101.754299,16.58,hospital_radius,Alhaya Fertility Centre,Wilayah Persekutuan
node/7741143506,Nickelodeon Lost Lagoon,General Attraction,tourism=attraction,3.06788,101.6066929,11.55,hospital_radius,Alhaya Fertility Centre,Wilayah Persekutuan
node/7741143507,Wildlife Park,General Attraction,tourism=attraction,3.0693128,101.6056527,11.41,hospital_radius,Alhaya Fertility Centre,Wilayah Persekutuan
node/7741143508,Water Park,General Attraction,tourism=attraction,3.0708102,101.6069327,11.23,hospital_radius,Alhaya Fertility Centre,Wilayah Persekutuan
node/7741143509,Amusement Park,General Attraction,tourism=attraction,3.071915,101.6045091,11.14,hospital_radius,Alhaya Fertility Centre,Wilayah Persekutuan
node/7741143510,Scream Park,General Attraction,tourism=attraction,3.0709347,101.6055659,11.23,hospital_radius,Alhaya Fertility Centre,Wilayah Persekutuan
node/7741143511,X Park,General Attraction,tourism=attraction,3.0684828,101.608392,11.47,hospital_radius,Alhaya Fertility Centre,Wilayah Persekutuan
node/7844909626,Bukit Takun,Mountain / Peak,natural=peak,3.3031104,101.6340323,14.78,hospital_radius,Alhaya Fertility Centre,Wilayah Persekutuan
node/7916749285,Ketumbar Hill KL viewpoint,Viewpoint / Scenic Spot,tourism=viewpoint,3.0991489,101.7517134,16.82,hospital_radius,Alhaya Fertility Centre,Wilayah Persekutuan
node/7924539685,Wild boar sightseeing,General Attraction,tourism=attraction,3.1004266,101.7563716,17.21,hospital_radius,Alhaya Fertility Centre,Wilayah Persekutuan
node/7996342620,Berjaya Times Square Theme Park,Theme Park,tourism=theme_park,3.1421651,101.7105637,10.72,hospital_radius,Alhaya Fertility Centre,Wilayah Persekutuan
node/8157413022,Bukit Dinding,Mountain / Peak,natural=peak,3.1900974,101.7509602,14.86,hospital_radius,Alhaya Fertility Centre,Wilayah Persekutuan
node/8157456026,Bukit Lanjan,Mountain / Peak,natural=peak,3.1778064,101.6121485,1.02,hospital_radius,Alhaya Fertility Centre,Wilayah Persekutuan
node/8277169289,Landslide Incident Bukit Antarabangsa,General Attraction,tourism=attraction,3.1868738,101.7696,16.87,hospital_radius,Alhaya Fertility Centre,Wilayah Persekutuan
node/8353801611,Peak of Kingsley Hill,Mountain / Peak,natural=peak,3.0057709,101.5765375,18.97,hospital_radius,Alhaya Fertility Centre,Wilayah Persekutuan
node/8379958565,Istana Bukit Kayangan,Historic Fort/Castle,historic=castle,3.0717917,101.5340322,14.49,hospital_radius,Alhaya Fertility Centre,Wilayah Persekutuan
node/8539465997,Buona Fortuna,Public Art,tourism=artwork,3.1417062,101.7181214,11.54,hospital_radius,Alhaya Fertility Centre,Wilayah Persekutuan
node/8546160601,Forest in the City,Park / Green Space,leisure=park,3.1465611,101.7116403,10.7,hospital_radius,Alhaya Fertility Centre,Wilayah Persekutuan
node/9120196841,Mutiara Damansara view from hill,Viewpoint / Scenic Spot,tourism=viewpoint,3.1591564,101.6337845,2.16,hospital_radius,Alhaya Fertility Centre,Wilayah Persekutuan
node/9120196843,Kuala Lumpur viewpoint,Viewpoint / Scenic Spot,tourism=viewpoint,3.1656923,101.6395714,2.42,hospital_radius,Alhaya Fertility Centre,Wilayah Persekutuan
node/9120196844,Stream view,Viewpoint / Scenic Spot,tourism=viewpoint,3.1610739,101.6348467,2.14,hospital_radius,Alhaya Fertility Centre,Wilayah Persekutuan
node/9120196847,Starbuczs Swing,Viewpoint / Scenic Spot,tourism=viewpoint,3.1615239,101.6354981,2.17,hospital_radius,Alhaya Fertility Centre,Wilayah Persekutuan
node/9196355756,Muzium Geologi,Museum,tourism=museum,3.1222885,101.6524093,6.61,hospital_radius,Alhaya Fertility Centre,Wilayah Persekutuan
node/9223958892,Gunung Berapi,General Attraction,tourism=attraction,3.0691112,101.6067643,11.42,hospital_radius,Alhaya Fertility Centre,Wilayah Persekutuan
node/9312678989,Golden Rooster Fountain,Public Art,tourism=artwork,3.0507463,101.6712977,14.61,hospital_radius,Alhaya Fertility Centre,Wilayah Persekutuan
node/9572727988,Memorial Lim Lian Geok,Museum,tourism=museum,3.1370454,101.7012022,9.94,hospital_radius,Alhaya Fertility Centre,Wilayah Persekutuan
node/9646411465,Guan Yin,Public Art,tourism=artwork,3.0636094,101.7122013,15.85,hospital_radius,Alhaya Fertility Centre,Wilayah Persekutuan
node/9801012198,TJ Aquarium & Pets Shop,Aquarium,tourism=aquarium,3.1943695,101.6800301,7.31,hospital_radius,Alhaya Fertility Centre,Wilayah Persekutuan
node/9839016996,Historical Museum of Traditional Chinese Medicine in Malaysia,Museum,tourism=museum,3.1433007,101.70001,9.57,hospital_radius,Alhaya Fertility Centre,Wilayah Persekutuan
node/9903396583,Galeri Budi,Art Gallery,tourism=gallery,3.155541,101.6963397,8.82,hospital_radius,Alhaya Fertility Centre,Wilayah Persekutuan
node/9924537174,Globe,Memorial,historic=memorial,3.054691,101.6894443,15.16,hospital_radius,Alhaya Fertility Centre,Wilayah Persekutuan
node/9924537176,Prisms by Axiata,Memorial,historic=memorial,3.0534434,101.6926562,15.46,hospital_radius,Alhaya Fertility Centre,Wilayah Persekutuan
node/9929419254,Kembara Khalifah Travel Sdn. Bhd.,Park / Green Space,leisure=park,3.1591038,101.5736314,5.15,hospital_radius,Alhaya Fertility Centre,Wilayah Persekutuan
node/9963596280,Tugu Tunku Abdul Rahman,Public Art,tourism=artwork,3.1488952,101.6796648,7.23,hospital_radius,Alhaya Fertility Centre,Wilayah Persekutuan
node/10035485588,Petrosains,Museum,tourism=museum,3.1575283,101.7118699,10.48,hospital_radius,Alhaya Fertility Centre,Wilayah Persekutuan
node/10074451201,World Peace Gong,Monument,historic=monument,3.1515234,101.7025143,9.58,hospital_radius,Alhaya Fertility Centre,Wilayah Persekutuan
node/10085897739,Bukit TM,Mountain / Peak,natural=peak,3.2010831,101.7397813,13.88,hospital_radius,Alhaya Fertility Centre,Wilayah Persekutuan
node/10120040048,Bukit Mesian,Mountain / Peak,natural=peak,3.1142937,101.4915182,15.45,hospital_radius,Alhaya Fertility Centre,Wilayah Persekutuan
node/10186082254,The Light Forest,Public Art,tourism=artwork,3.1412748,101.7184736,11.59,hospital_radius,Alhaya Fertility Centre,Wilayah Persekutuan
node/10186252232,The Light Forest,Public Art,tourism=artwork,3.1412073,101.7186445,11.61,hospital_radius,Alhaya Fertility Centre,Wilayah Persekutuan
node/10196279572,Bukit Batu Chondong,Mountain / Peak,natural=peak,3.2206636,101.787111,19.52,hospital_radius,Alhaya Fertility Centre,Wilayah Persekutuan
node/10196320833,Bukit Pau,Viewpoint / Scenic Spot,tourism=viewpoint,3.2353652,101.774617,18.75,hospital_radius,Alhaya Fertility Centre,Wilayah Persekutuan
node/10219963047,Bukit Lagong,Mountain / Peak,natural=peak,3.2514511,101.6096145,8.99,hospital_radius,Alhaya Fertility Centre,Wilayah Persekutuan
node/10220096079,Bukit Unyang,Mountain / Peak,natural=peak,3.3247477,101.627301,17.11,hospital_radius,Alhaya Fertility Centre,Wilayah Persekutuan
node/10222768945,Bukit Tabur Extra,Viewpoint / Scenic Spot,tourism=viewpoint,3.227639,101.7692113,17.88,hospital_radius,Alhaya Fertility Centre,Wilayah Persekutuan
node/10223170406,Bukit Serdang,Viewpoint / Scenic Spot,tourism=viewpoint,3.0192425,101.689323,18.63,hospital_radius,Alhaya Fertility Centre,Wilayah Persekutuan
node/10223170407,Sunrise Peak 2,Viewpoint / Scenic Spot,tourism=viewpoint,3.0181456,101.6891795,18.74,hospital_radius,Alhaya Fertility Centre,Wilayah Persekutuan
node/10223170408,Sunrise Peak 1,Viewpoint / Scenic Spot,tourism=viewpoint,3.0172617,101.6894343,18.84,hospital_radius,Alhaya Fertility Centre,Wilayah Persekutuan
node/10223170409,Highway Lookout Point,Viewpoint / Scenic Spot,tourism=viewpoint,3.0128703,101.6846935,19.07,hospital_radius,Alhaya Fertility Centre,Wilayah Persekutuan
node/10223537878,Bukit Ketumbar,Mountain / Peak,natural=peak,3.0983473,101.7541983,17.11,hospital_radius,Alhaya Fertility Centre,Wilayah Persekutuan
node/10237972650,Bukit Beruang,Mountain / Peak,natural=peak,3.2408895,101.6172051,7.76,hospital_radius,Alhaya Fertility Centre,Wilayah Persekutuan
node/10249179321,Trailhead Rawang Bypass,General Attraction,tourism=attraction,3.3260383,101.5964837,17.4,hospital_radius,Alhaya Fertility Centre,Wilayah Persekutuan
node/10249179322,Trailhead Rawang Bypass,General Attraction,tourism=attraction,3.3195235,101.5948342,16.71,hospital_radius,Alhaya Fertility Centre,Wilayah Persekutuan
node/10249179323,Rawang Bypass Viewpoint,Viewpoint / Scenic Spot,tourism=viewpoint,3.3190254,101.5990198,16.59,hospital_radius,Alhaya Fertility Centre,Wilayah Persekutuan
node/10267973383,Shan Shui (Hill Water) Station,General Attraction,tourism=attraction,3.0918619,101.7759258,19.58,hospital_radius,Alhaya Fertility Centre,Wilayah Persekutuan
node/10287243385,SUKE view,Viewpoint / Scenic Spot,tourism=viewpoint,3.0999365,101.7563773,17.24,hospital_radius,Alhaya Fertility Centre,Wilayah Persekutuan
node/10287243386,Steel Tower View,Viewpoint / Scenic Spot,tourism=viewpoint,3.0970041,101.7557158,17.33,hospital_radius,Alhaya Fertility Centre,Wilayah Persekutuan
node/10586972276,Oh My Maya Peak,Viewpoint / Scenic Spot,tourism=viewpoint,3.0975378,101.7521085,16.95,hospital_radius,Alhaya Fertility Centre,Wilayah Persekutuan
node/10594433073,Bukit Tabur Far East Viewpoint,Viewpoint / Scenic Spot,tourism=viewpoint,3.2309597,101.7605451,17.12,hospital_radius,Alhaya Fertility Centre,Wilayah Persekutuan
node/10594433078,Bukit Tabur Extreme,Mountain / Peak,natural=peak,3.2288387,101.7658988,17.58,hospital_radius,Alhaya Fertility Centre,Wilayah Persekutuan
node/10598224432,Koridor Sejarah,Museum,tourism=museum,3.0865896,101.6208529,9.4,hospital_radius,Alhaya Fertility Centre,Wilayah Persekutuan
node/10620101489,Sky View,Viewpoint / Scenic Spot,tourism=viewpoint,3.127409,101.485278,15.56,hospital_radius,Alhaya Fertility Centre,Wilayah Persekutuan
node/10682643094,Muzium dan Galeri Seni Bank Negara Malaysia,Museum,tourism=museum,3.1573789,101.6907149,8.17,hospital_radius,Alhaya Fertility Centre,Wilayah Persekutuan
node/10795233098,Sunway Pyramid Hotel,Park / Green Space,leisure=park,3.0709404,101.6084031,11.2,hospital_radius,Alhaya Fertility Centre,Wilayah Persekutuan
node/10813315003,Aquarium Saujana,Aquarium,tourism=aquarium,3.2275679,101.5588792,9.12,hospital_radius,Alhaya Fertility Centre,Wilayah Persekutuan
node/10836417583,Stair on the tree,Public Art,tourism=artwork,3.1854216,101.6867442,7.75,hospital_radius,Alhaya Fertility Centre,Wilayah Persekutuan
node/10839708071,Rabbit,Public Art,tourism=artwork,3.0265704,101.706765,18.83,hospital_radius,Alhaya Fertility Centre,Wilayah Persekutuan
node/10904707515,Changkat Tunku Lookout Point,Viewpoint / Scenic Spot,tourism=viewpoint,3.1628407,101.6773198,6.6,hospital_radius,Alhaya Fertility Centre,Wilayah Persekutuan
node/10961369805,"Lot 1-39 & 1-40, Ground Floor, Roller Light (Indoor Roller Skating Rink)",General Attraction,tourism=attraction,3.1989689,101.742596,14.13,hospital_radius,Alhaya Fertility Centre,Wilayah Persekutuan
node/11014075706,Rainforest Mural,Public Art,tourism=artwork,3.147447,101.69556,8.96,hospital_radius,Alhaya Fertility Centre,Wilayah Persekutuan
node/11014075708,Gorilla Armchair,Public Art,tourism=artwork,3.1447996,101.6985241,9.36,hospital_radius,Alhaya Fertility Centre,Wilayah Persekutuan
node/11014075709,Cartoon Murals,Public Art,tourism=artwork,3.1450207,101.698468,9.35,hospital_radius,Alhaya Fertility Centre,Wilayah Persekutuan
node/11014076005,Murals along this wall,Public Art,tourism=artwork,3.1486678,101.6996466,9.35,hospital_radius,Alhaya Fertility Centre,Wilayah Persekutuan
node/11014076105,Mural,Public Art,tourism=artwork,3.1489989,101.6979896,9.17,hospital_radius,Alhaya Fertility Centre,Wilayah Persekutuan
node/11014076206,Flower murals,Public Art,tourism=artwork,3.1463291,101.7088377,10.41,hospital_radius,Alhaya Fertility Centre,Wilayah Persekutuan
node/11015351705,Petronas Towers Viewpoint #3,Viewpoint / Scenic Spot,tourism=viewpoint,3.1552916,101.7146939,10.83,hospital_radius,Alhaya Fertility Centre,Wilayah Persekutuan
node/11135499115,KL East Park,Public Art,tourism=artwork,3.228233,101.7350914,14.42,hospital_radius,Alhaya Fertility Centre,Wilayah Persekutuan
node/11162549305,A+ Works of Art,Art Gallery,tourism=gallery,3.1811727,101.6925987,8.31,hospital_radius,Alhaya Fertility Centre,Wilayah Persekutuan
node/11190659104,Bukit Guling Ayam,Mountain / Peak,natural=peak,3.243639,101.7161606,13.52,hospital_radius,Alhaya Fertility Centre,Wilayah Persekutuan
node/11200051657,"Miza, Ika and Iwa",Public Art,tourism=artwork,3.1529599,101.7094371,10.3,hospital_radius,Alhaya Fertility Centre,Wilayah Persekutuan
node/11226315892,Bukit Madei,Mountain / Peak,natural=peak,3.2838346,101.7080409,16.0,hospital_radius,Alhaya Fertility Centre,Wilayah Persekutuan
node/11226315898,Bukit Sri Permata,Mountain / Peak,natural=peak,3.267782,101.7039994,14.34,hospital_radius,Alhaya Fertility Centre,Wilayah Persekutuan
node/11226571870,Dinosaur Statue,Public Art,tourism=artwork,3.2857044,101.7211059,17.09,hospital_radius,Alhaya Fertility Centre,Wilayah Persekutuan
node/11226571871,Dinosaur Statue,Public Art,tourism=artwork,3.2856218,101.7209426,17.08,hospital_radius,Alhaya Fertility Centre,Wilayah Persekutuan
node/11226571872,Dinosaur Statue,Public Art,tourism=artwork,3.2855709,101.7209319,17.07,hospital_radius,Alhaya Fertility Centre,Wilayah Persekutuan
node/11226571873,Dinosaur Statue,Public Art,tourism=artwork,3.2854765,101.7208615,17.06,hospital_radius,Alhaya Fertility Centre,Wilayah Persekutuan
node/11226571874,Dinosaur Statue,Public Art,tourism=artwork,3.2852964,101.7207947,17.04,hospital_radius,Alhaya Fertility Centre,Wilayah Persekutuan
node/11226571875,Mammoth Statue,Public Art,tourism=artwork,3.2853279,101.7206392,17.03,hospital_radius,Alhaya Fertility Centre,Wilayah Persekutuan
node/11261866685,Muzium Tekstil Negara,Museum,tourism=museum,3.1465453,101.6939406,8.82,hospital_radius,Alhaya Fertility Centre,Wilayah Persekutuan
node/11264605330,Roller Paint Seating,Public Art,tourism=artwork,3.0240028,101.5167387,19.88,hospital_radius,Alhaya Fertility Centre,Wilayah Persekutuan
node/11280647693,Elmina Green One Park,Park / Green Space,leisure=park,3.2098344,101.494995,14.37,hospital_radius,Alhaya Fertility Centre,Wilayah Persekutuan
node/11292514141,Muzium Kraf Kuala Lumpur,Museum,tourism=museum,3.1489264,101.7187125,11.4,hospital_radius,Alhaya Fertility Centre,Wilayah Persekutuan
node/11323003074,Roller Paint Seating,Public Art,tourism=artwork,3.0250608,101.5157439,19.85,hospital_radius,Alhaya Fertility Centre,Wilayah Persekutuan
node/11323003075,Human Photo Booth,Public Art,tourism=artwork,3.0248994,101.5162146,19.83,hospital_radius,Alhaya Fertility Centre,Wilayah Persekutuan
node/11341062075,Lookout Setiawangsa Viewpoint,Viewpoint / Scenic Spot,tourism=viewpoint,3.1883549,101.7461958,14.31,hospital_radius,Alhaya Fertility Centre,Wilayah Persekutuan
node/11370008501,Dragonfly Park @ Eco Grandeur,General Attraction,tourism=attraction,3.2212581,101.4587267,18.59,hospital_radius,Alhaya Fertility Centre,Wilayah Persekutuan
node/11414448461,Oculus,Public Art,tourism=artwork,3.1423826,101.6970138,9.29,hospital_radius,Alhaya Fertility Centre,Wilayah Persekutuan
node/11497118871,Ur-Mu,Art Gallery,tourism=gallery,3.1475707,101.7095021,10.44,hospital_radius,Alhaya Fertility Centre,Wilayah Persekutuan
node/11515771739,Oriental Art & Cultural Center,Art Gallery,tourism=gallery,3.084761,101.6707926,11.22,hospital_radius,Alhaya Fertility Centre,Wilayah Persekutuan
node/11581839212,Bukit Nolang,Mountain / Peak,natural=peak,3.2476938,101.6235751,8.53,hospital_radius,Alhaya Fertility Centre,Wilayah Persekutuan
node/11581874132,Bukit Lapo,Mountain / Peak,natural=peak,3.2518861,101.6033929,9.14,hospital_radius,Alhaya Fertility Centre,Wilayah Persekutuan
node/11596077608,Ur-Mu Tun HS Lee,Museum,tourism=museum,3.1447038,101.6965097,9.15,hospital_radius,Alhaya Fertility Centre,Wilayah Persekutuan
node/11620332745,Eagle,Monument,historic=monument,3.2381219,101.6825038,10.3,hospital_radius,Alhaya Fertility Centre,Wilayah Persekutuan
node/11629019180,24 Chinese Statues,Public Art,tourism=artwork,3.1214986,101.6876708,9.46,hospital_radius,Alhaya Fertility Centre,Wilayah Persekutuan
node/11694943469,MiniNature Malaysia,General Attraction,tourism=attraction,3.1440392,101.7110373,10.71,hospital_radius,Alhaya Fertility Centre,Wilayah Persekutuan
node/11730845421,Sunset Boulevard R&R,Viewpoint / Scenic Spot,tourism=viewpoint,3.1746363,101.6019454,1.87,hospital_radius,Alhaya Fertility Centre,Wilayah Persekutuan
node/11766259873,Muzium Bioperubatan,Museum,tourism=museum,3.1683416,101.6988085,8.93,hospital_radius,Alhaya Fertility Centre,Wilayah Persekutuan
node/11767604667,Batu Gugup,Mountain / Peak,natural=peak,3.061574,101.559865,13.81,hospital_radius,Alhaya Fertility Centre,Wilayah Persekutuan
node/11832151817,Kuala Lumpur Tower,General Attraction,tourism=attraction,3.152664,101.7035782,9.67,hospital_radius,Alhaya Fertility Centre,Wilayah Persekutuan
node/11832151818,National Mosque of Malaysia,General Attraction,tourism=attraction,3.1419189,101.6920986,8.8,hospital_radius,Alhaya Fertility Centre,Wilayah Persekutuan
node/11850039128,Bukit Pana Kati,Mountain / Peak,natural=peak,3.2701828,101.6415247,11.31,hospital_radius,Alhaya Fertility Centre,Wilayah Persekutuan
node/11850039654,Bukit Wam,Mountain / Peak,natural=peak,3.259375,101.6109127,9.85,hospital_radius,Alhaya Fertility Centre,Wilayah Persekutuan
node/11850824157,Bukit Lotong Barau,Mountain / Peak,natural=peak,3.2708174,101.6241574,11.1,hospital_radius,Alhaya Fertility Centre,Wilayah Persekutuan
node/11850824424,Bukit Matang Pagar,Mountain / Peak,natural=peak,3.2330699,101.5830016,7.93,hospital_radius,Alhaya Fertility Centre,Wilayah Persekutuan
node/11861730981,Viewpoint,Viewpoint / Scenic Spot,tourism=viewpoint,3.280069,101.7098435,15.8,hospital_radius,Alhaya Fertility Centre,Wilayah Persekutuan
node/11861762931,Bukit Panah Kubu,Mountain / Peak,natural=peak,3.2829091,101.6118977,12.45,hospital_radius,Alhaya Fertility Centre,Wilayah Persekutuan
node/11871450955,Bukit Kulai,Mountain / Peak,natural=peak,3.1374094,101.4910984,14.63,hospital_radius,Alhaya Fertility Centre,Wilayah Persekutuan
node/11871495057,Dinosaur Egg Rock,Viewpoint / Scenic Spot,tourism=viewpoint,3.1562452,101.6348012,2.46,hospital_radius,Alhaya Fertility Centre,Wilayah Persekutuan
node/11871628092,Bukit Rekai,Mountain / Peak,natural=peak,3.1477632,101.4977127,13.65,hospital_radius,Alhaya Fertility Centre,Wilayah Persekutuan
node/11881602232,Bukit Air Kuning,Mountain / Peak,natural=peak,3.0657333,101.5052095,17.19,hospital_radius,Alhaya Fertility Centre,Wilayah Persekutuan
node/11886980053,Bukit Hulu Gombak,Mountain / Peak,natural=peak,3.328317,101.6693687,18.37,hospital_radius,Alhaya Fertility Centre,Wilayah Persekutuan
node/11926663145,Bukit Anak Takun,Mountain / Peak,natural=peak,3.2978525,101.6377079,14.25,hospital_radius,Alhaya Fertility Centre,Wilayah Persekutuan
node/11932185570,Bukit Hulu Buluh,Mountain / Peak,natural=peak,3.2149093,101.5596879,8.14,hospital_radius,Alhaya Fertility Centre,Wilayah Persekutuan
node/11951570479,Bukit Jerlang,Mountain / Peak,natural=peak,3.2022517,101.7722797,17.43,hospital_radius,Alhaya Fertility Centre,Wilayah Persekutuan
node/11953997081,KENNY GREEN,Memorial,historic=memorial,3.1744213,101.6793083,6.77,hospital_radius,Alhaya Fertility Centre,Wilayah Persekutuan
node/11953997082,TUNKU PLAZA,Memorial,historic=memorial,3.1742163,101.6794406,6.78,hospital_radius,Alhaya Fertility Centre,Wilayah Persekutuan
node/11955845452,Bukit Nibung Gila,Mountain / Peak,natural=peak,3.1451708,101.5584969,7.26,hospital_radius,Alhaya Fertility Centre,Wilayah Persekutuan
node/11955917731,LakePoint Park @ Setia AlamImpian,Public Art,tourism=artwork,3.0249798,101.5168905,19.78,hospital_radius,Alhaya Fertility Centre,Wilayah Persekutuan
node/11956129146,Bukit Permatang Kumbang,Mountain / Peak,natural=peak,3.0347797,101.6314071,15.23,hospital_radius,Alhaya Fertility Centre,Wilayah Persekutuan
node/11956141896,Bukit Hitam,Mountain / Peak,natural=peak,2.9964249,101.6341902,19.5,hospital_radius,Alhaya Fertility Centre,Wilayah Persekutuan
node/11960225311,Laman Budaya Ilmu (SPBT),Park / Green Space,leisure=park,3.1777483,101.5440664,8.29,hospital_radius,Alhaya Fertility Centre,Wilayah Persekutuan
node/11960225312,Laman Kelab Kitar Semula,Park / Green Space,leisure=park,3.1778678,101.5440361,8.3,hospital_radius,Alhaya Fertility Centre,Wilayah Persekutuan
node/11960225313,Laman Inspirasi,Park / Green Space,leisure=park,3.1780841,101.5439733,8.31,hospital_radius,Alhaya Fertility Centre,Wilayah Persekutuan
node/11960225314,Taman Firdausi,Park / Green Space,leisure=park,3.1780562,101.5434615,8.36,hospital_radius,Alhaya Fertility Centre,Wilayah Persekutuan
node/11960225315,Taman Herba Sains,Park / Green Space,leisure=park,3.1778307,101.5434655,8.36,hospital_radius,Alhaya Fertility Centre,Wilayah Persekutuan
node/11960225316,Laman Nurani,Park / Green Space,leisure=park,3.1778643,101.5438867,8.31,hospital_radius,Alhaya Fertility Centre,Wilayah Persekutuan
node/11968802053,Laman Bestari,Park / Green Space,leisure=park,3.1779891,101.5442322,8.28,hospital_radius,Alhaya Fertility Centre,Wilayah Persekutuan
node/11971755868,Dataran Inspirasi PPKI,Park / Green Space,leisure=park,3.1778564,101.5436679,8.34,hospital_radius,Alhaya Fertility Centre,Wilayah Persekutuan
node/11980547563,Laman Lestari Alam,Park / Green Space,leisure=park,3.1783352,101.5435122,8.36,hospital_radius,Alhaya Fertility Centre,Wilayah Persekutuan
node/11992352981,Universiti Malaya Art Gallery,Art Gallery,tourism=gallery,3.1203313,101.6543511,6.91,hospital_radius,Alhaya Fertility Centre,Wilayah Persekutuan
node/12001002231,Sudut Pidato,General Attraction,tourism=attraction,3.120604,101.6560878,7.0,hospital_radius,Alhaya Fertility Centre,Wilayah Persekutuan
node/12030957378,Bukit Jalil,Mountain / Peak,natural=peak,3.0350387,101.6820234,16.7,hospital_radius,Alhaya Fertility Centre,Wilayah Persekutuan
node/12043210293,Petronas tower viewpoint #5,Viewpoint / Scenic Spot,tourism=viewpoint,3.1549974,101.7153941,10.91,hospital_radius,Alhaya Fertility Centre,Wilayah Persekutuan
node/12043216925,Petronas towers viewpoint #6,Viewpoint / Scenic Spot,tourism=viewpoint,3.1546379,101.715511,10.93,hospital_radius,Alhaya Fertility Centre,Wilayah Persekutuan
node/12076810380,Giant lion statue,Public Art,tourism=artwork,3.0735297,101.6075716,10.92,hospital_radius,Alhaya Fertility Centre,Wilayah Persekutuan
node/12109839558,Beryl's,Museum,tourism=museum,3.0206079,101.7115821,19.67,hospital_radius,Alhaya Fertility Centre,Wilayah Persekutuan
node/12133344346,Menara Panduan Kuala Lumpur,Monument,historic=monument,3.1481849,101.6958768,8.97,hospital_radius,Alhaya Fertility Centre,Wilayah Persekutuan
node/12147363374,SkyDeck,Viewpoint / Scenic Spot,tourism=viewpoint,3.1525657,101.7161564,11.04,hospital_radius,Alhaya Fertility Centre,Wilayah Persekutuan
node/12151548778,Datuk Lat’s Biography,Public Art,tourism=artwork,3.1503466,101.6974222,9.07,hospital_radius,Alhaya Fertility Centre,Wilayah Persekutuan
node/12160080415,雪蘭莪華僑機工回國抗戰殉難紀念碑,Memorial,historic=memorial,3.1235617,101.6975762,10.25,hospital_radius,Alhaya Fertility Centre,Wilayah Persekutuan
node/12191953998,KL See See View,Viewpoint / Scenic Spot,tourism=viewpoint,3.1874835,101.7494788,14.66,hospital_radius,Alhaya Fertility Centre,Wilayah Persekutuan
node/12246256071,Puncak Saga,General Attraction,tourism=attraction,3.1097364,101.7767682,18.86,hospital_radius,Alhaya Fertility Centre,Wilayah Persekutuan
node/12247571603,Bukit 123,Mountain / Peak,natural=peak,3.0128423,101.6504223,17.95,hospital_radius,Alhaya Fertility Centre,Wilayah Persekutuan
node/12261142480,3 Trunks,Public Art,tourism=artwork,3.1575917,101.7075408,10.0,hospital_radius,Alhaya Fertility Centre,Wilayah Persekutuan
node/12387767675,Monumen Taman Bunga Raya,Monument,historic=monument,3.1451791,101.6862935,8.07,hospital_radius,Alhaya Fertility Centre,Wilayah Persekutuan
node/12412040101,Meijing Shan,Mountain / Peak,natural=peak,3.1232011,101.5082904,13.34,hospital_radius,Alhaya Fertility Centre,Wilayah Persekutuan
node/12452631002,Xian Long Aquatic Sdn. Bhd.,Aquarium,tourism=aquarium,3.042437,101.5287568,17.43,hospital_radius,Alhaya Fertility Centre,Wilayah Persekutuan
node/12469300177,Immersify Kuala Lumpur,Museum,tourism=museum,3.1399242,101.7089805,10.63,hospital_radius,Alhaya Fertility Centre,Wilayah Persekutuan
node/12470732201,Jalan Rembia Street Art,Public Art,tourism=artwork,3.1461526,101.7087373,10.4,hospital_radius,Alhaya Fertility Centre,Wilayah Persekutuan
node/12477882305,Bukit Sri Bintang - Peak 2,Mountain / Peak,natural=peak,3.1808474,101.6386005,2.48,hospital_radius,Alhaya Fertility Centre,Wilayah Persekutuan
node/12483500601,The Tree of Hope,General Attraction,tourism=attraction,3.1053931,101.6778483,9.84,hospital_radius,Alhaya Fertility Centre,Wilayah Persekutuan
node/12486229349,Awan Botol,Public Art,tourism=artwork,3.1490488,101.697918,9.16,hospital_radius,Alhaya Fertility Centre,Wilayah Persekutuan
node/12531532235,Covid-19 Monument,Monument,historic=monument,3.2516241,101.7396263,16.16,hospital_radius,Alhaya Fertility Centre,Wilayah Persekutuan
node/12531532246,IIUM Fountain,Monument,historic=monument,3.2495165,101.7342069,15.53,hospital_radius,Alhaya Fertility Centre,Wilayah Persekutuan
node/12531620660,Iqra' Monument,Monument,historic=monument,3.2502134,101.7358629,15.72,hospital_radius,Alhaya Fertility Centre,Wilayah Persekutuan
node/12531692409,IIUM Keris Monument,Monument,historic=monument,3.2508273,101.7307443,15.3,hospital_radius,Alhaya Fertility Centre,Wilayah Persekutuan
node/12540592418,Pioneers Of Kuala Lumpur Museum,Museum,tourism=museum,3.1456189,101.6965517,9.12,hospital_radius,Alhaya Fertility Centre,Wilayah Persekutuan
node/12545801522,Eagle with Malaysian and German flag on its wings,Public Art,tourism=artwork,3.1526287,101.7246584,11.97,hospital_radius,Alhaya Fertility Centre,Wilayah Persekutuan
node/12545801523,Bretzel Bus,Public Art,tourism=artwork,3.152633,101.7247048,11.97,hospital_radius,Alhaya Fertility Centre,Wilayah Persekutuan
node/12545801524,Apa Khabar - Guten Tag,Public Art,tourism=artwork,3.1526379,101.7247585,11.98,hospital_radius,Alhaya Fertility Centre,Wilayah Persekutuan
node/12545801547,Bear,Public Art,tourism=artwork,3.1528472,101.7245904,11.96,hospital_radius,Alhaya Fertility Centre,Wilayah Persekutuan
node/12555555289,Forest Skywalk,General Attraction,tourism=attraction,3.2269278,101.6187003,6.21,hospital_radius,Alhaya Fertility Centre,Wilayah Persekutuan
node/12555555291,Lookout Tower,Viewpoint / Scenic Spot,tourism=viewpoint,3.2275425,101.6189875,6.27,hospital_radius,Alhaya Fertility Centre,Wilayah Persekutuan
node/12874684841,Rocky’s Cat Club,Zoo / Wildlife Park,tourism=zoo,3.1456961,101.7561079,15.54,hospital_radius,Alhaya Fertility Centre,Wilayah Persekutuan
node/12897293153,LOVE,Public Art,tourism=artwork,3.3178182,101.5361037,18.7,hospital_radius,Alhaya Fertility Centre,Wilayah Persekutuan
node/12951183393,Phase 1 park,Park / Green Space,leisure=park,3.3255928,101.528823,19.85,hospital_radius,Alhaya Fertility Centre,Wilayah Persekutuan
node/13026286483,Core Design Gallery,Art Gallery,tourism=gallery,3.0815659,101.5898622,10.45,hospital_radius,Alhaya Fertility Centre,Wilayah Persekutuan
node/13068256101,View on Merdeka Tower 118,Viewpoint / Scenic Spot,tourism=viewpoint,3.1427984,101.6986021,9.44,hospital_radius,Alhaya Fertility Centre,Wilayah Persekutuan
node/13068263801,View on Merdeka Tower 118,Viewpoint / Scenic Spot,tourism=viewpoint,3.1427857,101.7008622,9.68,hospital_radius,Alhaya Fertility Centre,Wilayah Persekutuan
node/13068265101,View on Merdeka Tower 118,Viewpoint / Scenic Spot,tourism=viewpoint,3.1427102,101.7013862,9.73,hospital_radius,Alhaya Fertility Centre,Wilayah Persekutuan
node/13099936092,Hill Viewpoint,Viewpoint / Scenic Spot,tourism=viewpoint,3.1563812,101.7160506,10.96,hospital_radius,Alhaya Fertility Centre,Wilayah Persekutuan
node/13161065587,Segerak,Public Art,tourism=artwork,3.1467606,101.6992969,9.38,hospital_radius,Alhaya Fertility Centre,Wilayah Persekutuan
node/13302972993,Muzium RTM,Museum,tourism=museum,3.1128638,101.6707053,8.7,hospital_radius,Alhaya Fertility Centre,Wilayah Persekutuan
node/13306048648,Hope,Public Art,tourism=artwork,3.1938684,101.674329,6.7,hospital_radius,Alhaya Fertility Centre,Wilayah Persekutuan
node/13347414578,Golden Pegasus Statue,Public Art,tourism=artwork,3.1666123,101.6152598,0.61,hospital_radius,Alhaya Fertility Centre,Wilayah Persekutuan
node/13356867537,Bull And Bear,Public Art,tourism=artwork,3.1478817,101.7010467,9.53,hospital_radius,Alhaya Fertility Centre,Wilayah Persekutuan
node/13382572701,Checkpoint 1,General Attraction,tourism=attraction,3.2248703,101.7765653,18.54,hospital_radius,Alhaya Fertility Centre,Wilayah Persekutuan
node/13390296100,Art Is Art Gallery,Art Gallery,tourism=gallery,3.1386614,101.7110156,10.89,hospital_radius,Alhaya Fertility Centre,Wilayah Persekutuan
node/13394723207,Godzilla x Kong Mural,General Attraction,tourism=attraction,3.1445007,101.6958395,9.09,hospital_radius,Alhaya Fertility Centre,Wilayah Persekutuan
node/13395318090,BASKETBALL FIELD,Park / Green Space,leisure=park,3.0179723,101.5539342,18.47,hospital_radius,Alhaya Fertility Centre,Wilayah Persekutuan
node/13395331705,taman alam indah,Park / Green Space,leisure=park,3.0178656,101.5517892,18.58,hospital_radius,Alhaya Fertility Centre,Wilayah Persekutuan
node/13419360499,The Nanyang Volunteer Drivers & Mechanics Memorial,Museum,tourism=museum,3.1238763,101.6978803,10.26,hospital_radius,Alhaya Fertility Centre,Wilayah Persekutuan
node/13428966985,Chan Lok Hung Commemorative Hall,Museum,tourism=museum,3.1975287,101.7201924,11.67,hospital_radius,Alhaya Fertility Centre,Wilayah Persekutuan
node/13478173506,宋居艺术文化馆,Art Gallery,tourism=gallery,3.0836991,101.6702179,11.29,hospital_radius,Alhaya Fertility Centre,Wilayah Persekutuan
node/13514176353,纪念中华民国男女侨胞惨死坟,Memorial,historic=memorial,3.1262138,101.6984971,10.19,hospital_radius,Alhaya Fertility Centre,Wilayah Persekutuan
node/13521174733,Skyline Viewpoint,Viewpoint / Scenic Spot,tourism=viewpoint,3.1516557,101.6354862,2.87,hospital_radius,Alhaya Fertility Centre,Wilayah Persekutuan
node/13527820228,Galeri Seri Negara,Museum,tourism=museum,3.1417959,101.6819632,7.77,hospital_radius,Alhaya Fertility Centre,Wilayah Persekutuan
node/13527849283,Bangunan Sultan Abdul Samad,Museum,tourism=museum,3.1486259,101.6944497,8.8,hospital_radius,Alhaya Fertility Centre,Wilayah Persekutuan
node/13527855002,Galeri Royal Selangor,Art Gallery,tourism=gallery,3.148847,101.6945538,8.8,hospital_radius,Alhaya Fertility Centre,Wilayah Persekutuan
node/13586146004,Ruang Merdeka,Art Gallery,tourism=gallery,3.1416968,101.6819439,7.77,hospital_radius,Alhaya Fertility Centre,Wilayah Persekutuan
node/13597768219,Bukit Jelutong Eco Community Park,Park / Green Space,leisure=park,3.116863,101.5213012,12.36,hospital_radius,Alhaya Fertility Centre,Wilayah Persekutuan
node/13598068743,Galeria Sri Perdana,Museum,tourism=museum,3.1444044,101.6741826,6.86,hospital_radius,Alhaya Fertility Centre,Wilayah Persekutuan
node/13689085164,马来西亚陈嘉庚纪念馆,Museum,tourism=museum,3.1391652,101.6979735,9.52,hospital_radius,Alhaya Fertility Centre,Wilayah Persekutuan
node/13691653535,Woman in Yellow,Public Art,tourism=artwork,3.1536737,101.6966575,8.9,hospital_radius,Alhaya Fertility Centre,Wilayah Persekutuan
node/13707104519,吉隆坡广东义山历史文物馆,Museum,tourism=museum,3.1299412,101.7051578,10.66,hospital_radius,Alhaya Fertility Centre,Wilayah Persekutuan
node/13707104520,功德园,General Attraction,tourism=attraction,3.129485,101.7051902,10.69,hospital_radius,Alhaya Fertility Centre,Wilayah Persekutuan
node/13766387396,Virtus,Public Art,tourism=artwork,3.1517953,101.709575,10.34,hospital_radius,Alhaya Fertility Centre,Wilayah Persekutuan
node/13826601845,Bukit Binjai,Mountain / Peak,natural=peak,3.1225721,101.4870536,15.56,hospital_radius,Alhaya Fertility Centre,Wilayah Persekutuan
node/13838632252,Bukit Carcosa,Mountain / Peak,natural=peak,3.1450088,101.6805846,7.48,hospital_radius,Alhaya Fertility Centre,Wilayah Persekutuan
node/13953204356,Cannon,Public Art,tourism=artwork,3.1501833,101.7086166,10.28,hospital_radius,Alhaya Fertility Centre,Wilayah Persekutuan
node/13995542401,Street Art Casper the Ghost,Public Art,tourism=artwork,3.142236,101.6974673,9.34,hospital_radius,Alhaya Fertility Centre,Wilayah Persekutuan
node/14118101918,The Leap,Public Art,tourism=artwork,3.2189589,101.6712974,7.92,hospital_radius,Alhaya Fertility Centre,Wilayah Persekutuan
way/10590000,KLCC Park,Park / Green Space,leisure=park,3.1556237,101.7147899,10.83,hospital_radius,Alhaya Fertility Centre,Wilayah Persekutuan
way/23023860,Taman Rekreasi Permai,Park / Green Space,leisure=park,3.0720865,101.5140647,15.99,hospital_radius,Alhaya Fertility Centre,Wilayah Persekutuan
way/23043276,Taman Tasik @ 7/1F Shah Alam,Park / Green Space,leisure=park,3.0850937,101.5036617,15.94,hospital_radius,Alhaya Fertility Centre,Wilayah Persekutuan
way/23069513,Dataran Merdeka,General Attraction,tourism=attraction,3.1486388,101.6936481,8.71,hospital_radius,Alhaya Fertility Centre,Wilayah Persekutuan
way/23766164,Muzium Telekom,Museum,tourism=museum,3.149046,101.699278,9.3,hospital_radius,Alhaya Fertility Centre,Wilayah Persekutuan
way/23768608,Jalan Hang Kasturi,General Attraction,tourism=attraction,3.1453613,101.6958024,9.05,hospital_radius,Alhaya Fertility Centre,Wilayah Persekutuan
way/23780845,Wet World,Theme Park,tourism=theme_park,3.071933,101.5129839,16.09,hospital_radius,Alhaya Fertility Centre,Wilayah Persekutuan
way/23780846,Wet World,Theme Park,tourism=theme_park,3.0726199,101.5123481,16.09,hospital_radius,Alhaya Fertility Centre,Wilayah Persekutuan
way/23780849,Galeri,General Attraction,tourism=attraction,3.0727366,101.5150077,15.86,hospital_radius,Alhaya Fertility Centre,Wilayah Persekutuan
way/24520993,KL City Walk,General Attraction,tourism=attraction,3.1541149,101.7103343,10.37,hospital_radius,Alhaya Fertility Centre,Wilayah Persekutuan
way/24577285,Sin Sze Si Ya Temple,General Attraction,tourism=attraction,3.1456516,101.6963891,9.1,hospital_radius,Alhaya Fertility Centre,Wilayah Persekutuan
way/27206963,Taman Rekreasi Indah,Park / Green Space,leisure=park,3.0758494,101.5161538,15.53,hospital_radius,Alhaya Fertility Centre,Wilayah Persekutuan
way/28287741,Taman Eko Rimba Kuala Lumpur,General Attraction,tourism=attraction,3.1529423,101.7026404,9.56,hospital_radius,Alhaya Fertility Centre,Wilayah Persekutuan
way/34691867,Taman Rekreasi Raja Lumu,Park / Green Space,leisure=park,3.0762712,101.5206028,15.14,hospital_radius,Alhaya Fertility Centre,Wilayah Persekutuan
way/34961813,Padang A,Park / Green Space,leisure=park,3.074954,101.5225605,15.09,hospital_radius,Alhaya Fertility Centre,Wilayah Persekutuan
way/34961816,Dataran Bunga Raya,Park / Green Space,leisure=park,3.0765252,101.5219631,15.01,hospital_radius,Alhaya Fertility Centre,Wilayah Persekutuan
way/39987858,Urban Park,Other (wood),natural=wood,3.1929579,101.5891515,4.06,hospital_radius,Alhaya Fertility Centre,Wilayah Persekutuan
way/40408293,Central Park Bandar Utama,Park / Green Space,leisure=park,3.1499768,101.6140746,2.4,hospital_radius,Alhaya Fertility Centre,Wilayah Persekutuan
way/104732843,Bukit Komanwel,Park / Green Space,leisure=park,3.0597198,101.6895425,14.69,hospital_radius,Alhaya Fertility Centre,Wilayah Persekutuan
way/104732875,Taman Rekreasi Bukit Jalil,Park / Green Space,leisure=park,3.0528507,101.6758377,14.61,hospital_radius,Alhaya Fertility Centre,Wilayah Persekutuan
way/107906777,Taman SD9/9,Park / Green Space,leisure=park,3.1849817,101.6100075,1.8,hospital_radius,Alhaya Fertility Centre,Wilayah Persekutuan
way/108000907,Mutiara Damansara Recreational Park,Park / Green Space,leisure=park,3.1570923,101.6141492,1.63,hospital_radius,Alhaya Fertility Centre,Wilayah Persekutuan
way/111547419,Taman Botani Perdana,Park / Green Space,leisure=park,3.1437769,101.6843465,7.92,hospital_radius,Alhaya Fertility Centre,Wilayah Persekutuan
way/133076253,Sunway Lagoon,Theme Park,tourism=theme_park,3.0696369,101.6067748,11.36,hospital_radius,Alhaya Fertility Centre,Wilayah Persekutuan
way/137298126,Green Park,Park / Green Space,leisure=park,3.0423061,101.5821965,14.88,hospital_radius,Alhaya Fertility Centre,Wilayah Persekutuan
way/139712904,BK5 Hening Park,Park / Green Space,leisure=park,3.0360881,101.6566935,15.6,hospital_radius,Alhaya Fertility Centre,Wilayah Persekutuan
way/139717041,BK1 Park @ Hindu Temple,Park / Green Space,leisure=park,3.0520161,101.648477,13.66,hospital_radius,Alhaya Fertility Centre,Wilayah Persekutuan
way/154257614,Taman Bandaran Kelana Jaya,Park / Green Space,leisure=park,3.0990598,101.5961251,8.39,hospital_radius,Alhaya Fertility Centre,Wilayah Persekutuan
way/157081526,Taman Tasik Ampang Hilir,Park / Green Space,leisure=park,3.1541677,101.7447211,14.15,hospital_radius,Alhaya Fertility Centre,Wilayah Persekutuan
way/157282065,ASEAN Sculpture Garden,Park / Green Space,leisure=park,3.1490879,101.6847505,7.76,hospital_radius,Alhaya Fertility Centre,Wilayah Persekutuan
way/158527518,Pusat Sains Negara,Museum,tourism=museum,3.1494931,101.64485,3.79,hospital_radius,Alhaya Fertility Centre,Wilayah Persekutuan
way/169403450,Muzium Diraja,Museum,tourism=museum,3.1325443,101.6958886,9.61,hospital_radius,Alhaya Fertility Centre,Wilayah Persekutuan
way/171114876,Istana Hinggap Perak,Historic Fort/Castle,historic=castle,3.136233,101.6814902,8.0,hospital_radius,Alhaya Fertility Centre,Wilayah Persekutuan
way/182107926,Taman Tasik Permaisuri,Park / Green Space,leisure=park,3.0956397,101.7194889,14.01,hospital_radius,Alhaya Fertility Centre,Wilayah Persekutuan
way/182323651,Taman Tasik Menjalara,Park / Green Space,leisure=park,3.1943148,101.6271286,2.75,hospital_radius,Alhaya Fertility Centre,Wilayah Persekutuan
way/182386182,The Central Park,Park / Green Space,leisure=park,3.1859912,101.6291188,2.03,hospital_radius,Alhaya Fertility Centre,Wilayah Persekutuan
way/184127962,Taman Persatuan Komuniti Seksyen 23,Park / Green Space,leisure=park,3.0448328,101.5299089,17.14,hospital_radius,Alhaya Fertility Centre,Wilayah Persekutuan
way/189349946,Alam Damai Recreational Park,Park / Green Space,leisure=park,3.0678948,101.7402327,17.74,hospital_radius,Alhaya Fertility Centre,Wilayah Persekutuan
way/201617051,Bandar Puteri Town Park,Park / Green Space,leisure=park,3.0191393,101.6166596,16.9,hospital_radius,Alhaya Fertility Centre,Wilayah Persekutuan
way/202973799,Taman Wawasan 2,Park / Green Space,leisure=park,3.0289238,101.624325,15.82,hospital_radius,Alhaya Fertility Centre,Wilayah Persekutuan
way/219679768,USJ17 Park,Park / Green Space,leisure=park,3.0345755,101.5793482,15.79,hospital_radius,Alhaya Fertility Centre,Wilayah Persekutuan
way/219679772,USJ16 Park,Park / Green Space,leisure=park,3.0349819,101.5768706,15.83,hospital_radius,Alhaya Fertility Centre,Wilayah Persekutuan
way/219753797,USJ18 Park,Park / Green Space,leisure=park,3.0353154,101.5867864,15.5,hospital_radius,Alhaya Fertility Centre,Wilayah Persekutuan
way/219753802,USJ13 Park,Park / Green Space,leisure=park,3.0372873,101.58491,15.34,hospital_radius,Alhaya Fertility Centre,Wilayah Persekutuan
way/219998598,USJ9 Park,Park / Green Space,leisure=park,3.0448606,101.5865836,14.48,hospital_radius,Alhaya Fertility Centre,Wilayah Persekutuan
way/219998604,USJ9 Park,Park / Green Space,leisure=park,3.0434773,101.5843789,14.69,hospital_radius,Alhaya Fertility Centre,Wilayah Persekutuan
way/221950601,Goodyear Court Park,Park / Green Space,leisure=park,3.0404197,101.5921067,14.82,hospital_radius,Alhaya Fertility Centre,Wilayah Persekutuan
way/222425102,USJ4 Park,Park / Green Space,leisure=park,3.0484174,101.575179,14.47,hospital_radius,Alhaya Fertility Centre,Wilayah Persekutuan
way/222720110,USJ 6 Park,Park / Green Space,leisure=park,3.0503563,101.5912842,13.76,hospital_radius,Alhaya Fertility Centre,Wilayah Persekutuan
way/223636882,Grandville USJ1 Park,Park / Green Space,leisure=park,3.0510953,101.6049809,13.43,hospital_radius,Alhaya Fertility Centre,Wilayah Persekutuan
way/223806969,Laman Sukan MBSJ USJ1,Park / Green Space,leisure=park,3.0537325,101.599992,13.21,hospital_radius,Alhaya Fertility Centre,Wilayah Persekutuan
way/232805789,Taman Sri Puchong,Park / Green Space,leisure=park,3.0229032,101.6071429,16.53,hospital_radius,Alhaya Fertility Centre,Wilayah Persekutuan
way/232972909,Bandar Kinrara 3 Park,Park / Green Space,leisure=park,3.0535436,101.6389379,13.27,hospital_radius,Alhaya Fertility Centre,Wilayah Persekutuan
way/232975505,Bandar Kinrara 5 Park,Park / Green Space,leisure=park,3.037207,101.6387536,15.06,hospital_radius,Alhaya Fertility Centre,Wilayah Persekutuan
way/232976087,BK5 Damai Playground,Park / Green Space,leisure=park,3.035383,101.6422096,15.32,hospital_radius,Alhaya Fertility Centre,Wilayah Persekutuan
way/232976091,Bandar Kinrara 5B Park,Park / Green Space,leisure=park,3.0374681,101.6439641,15.13,hospital_radius,Alhaya Fertility Centre,Wilayah Persekutuan
way/234777645,Taman Bandar Pandan Indah,Park / Green Space,leisure=park,3.1328832,101.7547741,15.72,hospital_radius,Alhaya Fertility Centre,Wilayah Persekutuan
way/245997972,Taman Subang Ria,Park / Green Space,leisure=park,3.0815534,101.5961154,10.26,hospital_radius,Alhaya Fertility Centre,Wilayah Persekutuan
way/252131738,Taman Zaaba,Park / Green Space,leisure=park,3.1438998,101.6243884,3.1,hospital_radius,Alhaya Fertility Centre,Wilayah Persekutuan
way/262728688,Istana Negara,Historic Fort/Castle,historic=castle,3.1614724,101.6635134,5.12,hospital_radius,Alhaya Fertility Centre,Wilayah Persekutuan
way/262866752,Datuk Sulaiman Playground,Park / Green Space,leisure=park,3.1521799,101.6291971,2.42,hospital_radius,Alhaya Fertility Centre,Wilayah Persekutuan
way/279944536,Menara Berkembar Petronas,General Attraction,tourism=attraction,3.1579705,101.711761,10.46,hospital_radius,Alhaya Fertility Centre,Wilayah Persekutuan
way/286015993,Taman Eko Ara Damansara,Park / Green Space,leisure=park,3.1203868,101.5689979,7.87,hospital_radius,Alhaya Fertility Centre,Wilayah Persekutuan
way/323394984,Muzium Negara,Museum,tourism=museum,3.137709,101.687381,8.51,hospital_radius,Alhaya Fertility Centre,Wilayah Persekutuan
way/323488612,Taman Desa Recreational Ground,Park / Green Space,leisure=park,3.1011839,101.6837708,10.63,hospital_radius,Alhaya Fertility Centre,Wilayah Persekutuan
way/323762224,Istana Hinggap Selangor,Historic Fort/Castle,historic=castle,3.1573687,101.6835646,7.39,hospital_radius,Alhaya Fertility Centre,Wilayah Persekutuan
way/327173028,Taman Dusun Bandar,Park / Green Space,leisure=park,3.1297612,101.694367,9.6,hospital_radius,Alhaya Fertility Centre,Wilayah Persekutuan
way/358003725,J14 - Muzium Zoologi Institut Sains Biologi,Museum,tourism=museum,3.1237676,101.6547002,6.63,hospital_radius,Alhaya Fertility Centre,Wilayah Persekutuan
way/358004197,Muzium Seni Asia,Museum,tourism=museum,3.1181972,101.6531754,7.04,hospital_radius,Alhaya Fertility Centre,Wilayah Persekutuan
way/366611164,Medan Athinahapan Park,Park / Green Space,leisure=park,3.1526885,101.6258038,2.21,hospital_radius,Alhaya Fertility Centre,Wilayah Persekutuan
way/375635986,Rumah Penghulu Abu Seman,Museum,tourism=museum,3.1502734,101.7164633,11.13,hospital_radius,Alhaya Fertility Centre,Wilayah Persekutuan
way/377274187,Taman Kaya Community Garden,Park / Green Space,leisure=park,3.1901003,101.6854062,7.73,hospital_radius,Alhaya Fertility Centre,Wilayah Persekutuan
way/381408310,Istana Hinggap Johor,Historic Fort/Castle,historic=castle,3.1520992,101.7155245,10.98,hospital_radius,Alhaya Fertility Centre,Wilayah Persekutuan
way/386523813,Istana 1,Museum,tourism=museum,3.1376947,101.6880871,8.58,hospital_radius,Alhaya Fertility Centre,Wilayah Persekutuan
way/386523816,Muzium Etnologi Dunia Melayu,Museum,tourism=museum,3.1376831,101.6884371,8.61,hospital_radius,Alhaya Fertility Centre,Wilayah Persekutuan
way/391561809,Memorial Tun P. Ramlee,General Attraction,tourism=attraction,3.1948551,101.7081331,10.3,hospital_radius,Alhaya Fertility Centre,Wilayah Persekutuan
way/424882045,Taman Tasik Puchong Perdana,Park / Green Space,leisure=park,3.0097376,101.6073555,17.99,hospital_radius,Alhaya Fertility Centre,Wilayah Persekutuan
way/428954061,Balai Seni Visual Negara,Art Gallery,tourism=gallery,3.1737611,101.7050833,9.62,hospital_radius,Alhaya Fertility Centre,Wilayah Persekutuan
way/438898246,Taman Burung Kuala Lumpur,Zoo / Wildlife Park,tourism=zoo,3.1435168,101.6881727,8.33,hospital_radius,Alhaya Fertility Centre,Wilayah Persekutuan
way/446256442,Jalan Petaling,General Attraction,tourism=attraction,3.1438675,101.6976221,9.3,hospital_radius,Alhaya Fertility Centre,Wilayah Persekutuan
way/447226883,Flipout Trampouline Park,Theme Park,tourism=theme_park,3.1640431,101.5724653,5.17,hospital_radius,Alhaya Fertility Centre,Wilayah Persekutuan
way/447246011,Padang Bola,Park / Green Space,leisure=park,3.2040533,101.4911768,14.6,hospital_radius,Alhaya Fertility Centre,Wilayah Persekutuan
way/449713851,Forest Research Institute Malaysia Museum,Museum,tourism=museum,3.2354397,101.6343457,7.37,hospital_radius,Alhaya Fertility Centre,Wilayah Persekutuan
way/449714746,Insectarium,Museum,tourism=museum,3.234453,101.6339454,7.25,hospital_radius,Alhaya Fertility Centre,Wilayah Persekutuan
way/449733155,Kawasan Perkelahan Air Terjun FRIM,Picnic / Recreation Site,tourism=picnic_site,3.2376036,101.6259794,7.44,hospital_radius,Alhaya Fertility Centre,Wilayah Persekutuan
way/452169488,Playground Jalan Belat Seksyen 19,Park / Green Space,leisure=park,3.0560155,101.5322788,15.98,hospital_radius,Alhaya Fertility Centre,Wilayah Persekutuan
way/454422709,Dahlia Park,Park / Green Space,leisure=park,3.1018397,101.5271706,12.73,hospital_radius,Alhaya Fertility Centre,Wilayah Persekutuan
way/461515714,Sri Hartamas Park,Park / Green Space,leisure=park,3.155862,101.6479798,3.69,hospital_radius,Alhaya Fertility Centre,Wilayah Persekutuan
way/461676017,PJS 10 Park,Park / Green Space,leisure=park,3.0789649,101.6074722,10.32,hospital_radius,Alhaya Fertility Centre,Wilayah Persekutuan
way/465371008,Taman Permainan Seksyen 7,Park / Green Space,leisure=park,3.0806436,101.4979453,16.74,hospital_radius,Alhaya Fertility Centre,Wilayah Persekutuan
way/465373015,Tasik Seksyen 7,Park / Green Space,leisure=park,3.0769667,101.4921399,17.5,hospital_radius,Alhaya Fertility Centre,Wilayah Persekutuan
way/465373956,Taman Rimba Riang Kota Damansara,Park / Green Space,leisure=park,3.1803877,101.5837449,3.99,hospital_radius,Alhaya Fertility Centre,Wilayah Persekutuan
way/466670179,Istana Darul Aman Kedah,Historic Fort/Castle,historic=castle,3.1405198,101.6776397,7.4,hospital_radius,Alhaya Fertility Centre,Wilayah Persekutuan
way/468007143,Bukit Bandaraya Park,Park / Green Space,leisure=park,3.1375521,101.6700794,6.84,hospital_radius,Alhaya Fertility Centre,Wilayah Persekutuan
way/468581245,Taman Pudu Ulu,Park / Green Space,leisure=park,3.1236361,101.732932,13.76,hospital_radius,Alhaya Fertility Centre,Wilayah Persekutuan
way/468953233,Padang B,Park / Green Space,leisure=park,3.0766902,101.5236418,14.87,hospital_radius,Alhaya Fertility Centre,Wilayah Persekutuan
way/468991117,Taman Sri Putra Mas Playground,Park / Green Space,leisure=park,3.2488421,101.556866,11.02,hospital_radius,Alhaya Fertility Centre,Wilayah Persekutuan
way/469431930,Taman Permainan Intan Apartments,Park / Green Space,leisure=park,3.1830381,101.741501,13.73,hospital_radius,Alhaya Fertility Centre,Wilayah Persekutuan
way/469432485,Kompleks Sukan Taman Setiawangsa,Park / Green Space,leisure=park,3.1822578,101.7448615,14.09,hospital_radius,Alhaya Fertility Centre,Wilayah Persekutuan
way/471117328,Backfield SS2,Park / Green Space,leisure=park,3.1118387,101.6171181,6.59,hospital_radius,Alhaya Fertility Centre,Wilayah Persekutuan
way/471314843,SS 4D/5 Park,Park / Green Space,leisure=park,3.1122542,101.5997526,6.87,hospital_radius,Alhaya Fertility Centre,Wilayah Persekutuan
way/471314847,SS 24 Gated Park,Park / Green Space,leisure=park,3.1170565,101.609485,6.09,hospital_radius,Alhaya Fertility Centre,Wilayah Persekutuan
way/471992046,Jalan Alor,General Attraction,tourism=attraction,3.1456933,101.7086665,10.41,hospital_radius,Alhaya Fertility Centre,Wilayah Persekutuan
way/472093460,Ain Arabia,Park / Green Space,leisure=park,3.1474593,101.7101541,10.52,hospital_radius,Alhaya Fertility Centre,Wilayah Persekutuan
way/472582532,Taman Gombak Ria Park,Park / Green Space,leisure=park,3.2273742,101.702613,11.24,hospital_radius,Alhaya Fertility Centre,Wilayah Persekutuan
way/473532144,Sri Teratai Park,Park / Green Space,leisure=park,3.05224,101.6336113,13.33,hospital_radius,Alhaya Fertility Centre,Wilayah Persekutuan
way/475459391,Taman Tasik Datuk Keramat,Park / Green Space,leisure=park,3.1683382,101.7339483,12.83,hospital_radius,Alhaya Fertility Centre,Wilayah Persekutuan
way/477022180,Istana Hinggap Negeri Sembilan,Historic Fort/Castle,historic=castle,3.1378478,101.6804263,7.81,hospital_radius,Alhaya Fertility Centre,Wilayah Persekutuan
way/479429102,The Central Park,Park / Green Space,leisure=park,3.1120798,101.6677679,8.55,hospital_radius,Alhaya Fertility Centre,Wilayah Persekutuan
way/480033934,Bangunan Zhongshan,General Attraction,tourism=attraction,3.1378948,101.6971405,9.49,hospital_radius,Alhaya Fertility Centre,Wilayah Persekutuan
way/480708779,Bangunan Sultan Abdul Samad,General Attraction,tourism=attraction,3.1484588,101.6948369,8.85,hospital_radius,Alhaya Fertility Centre,Wilayah Persekutuan
way/480717734,Masjid Jamek Kuala Lumpur,General Attraction,tourism=attraction,3.1488366,101.6957991,8.94,hospital_radius,Alhaya Fertility Centre,Wilayah Persekutuan
way/481140163,Taman Setiawangsa Business Park,Park / Green Space,leisure=park,3.1778538,101.7423095,13.77,hospital_radius,Alhaya Fertility Centre,Wilayah Persekutuan
way/484263462,Queen Victoria Fountain,General Attraction,tourism=attraction,3.1476668,101.693825,8.77,hospital_radius,Alhaya Fertility Centre,Wilayah Persekutuan
way/486556231,Kayangan Puteri Park,Park / Green Space,leisure=park,3.0590311,101.564858,13.81,hospital_radius,Alhaya Fertility Centre,Wilayah Persekutuan
way/486696170,Mawar Flat Playground,Park / Green Space,leisure=park,3.0691646,101.6341118,11.47,hospital_radius,Alhaya Fertility Centre,Wilayah Persekutuan
way/487114579,Taman Tasik Titiwangsa,Park / Green Space,leisure=park,3.1778476,101.7069527,9.85,hospital_radius,Alhaya Fertility Centre,Wilayah Persekutuan
way/487311917,Laman Standard Chartered Kuala Lumpur,Park / Green Space,leisure=park,3.1564696,101.7104556,10.34,hospital_radius,Alhaya Fertility Centre,Wilayah Persekutuan
way/488411896,Tropicana Park,Park / Green Space,leisure=park,3.133464,101.5948508,4.94,hospital_radius,Alhaya Fertility Centre,Wilayah Persekutuan
way/494034822,BK5 Damai Playground,Park / Green Space,leisure=park,3.0354173,101.6415445,15.31,hospital_radius,Alhaya Fertility Centre,Wilayah Persekutuan
way/498131377,Bandar Kinrara 5 Park,Park / Green Space,leisure=park,3.0434374,101.6428904,14.45,hospital_radius,Alhaya Fertility Centre,Wilayah Persekutuan
way/498237566,USJ 2/6 Park,Park / Green Space,leisure=park,3.0594257,101.5820253,13.06,hospital_radius,Alhaya Fertility Centre,Wilayah Persekutuan
way/498355681,Taman Tasik Metropolitan Kepong,Park / Green Space,leisure=park,3.2239415,101.6447887,6.56,hospital_radius,Alhaya Fertility Centre,Wilayah Persekutuan
way/498642858,Kompleks Taman Seni Islam Selangor,Art Gallery,tourism=gallery,3.0811975,101.5227827,14.59,hospital_radius,Alhaya Fertility Centre,Wilayah Persekutuan
way/506887350,City of Digital Lights,Park / Green Space,leisure=park,3.0650753,101.4825705,19.15,hospital_radius,Alhaya Fertility Centre,Wilayah Persekutuan
way/506887386,I-City Theme Park,Theme Park,tourism=theme_park,3.0648302,101.4838894,19.05,hospital_radius,Alhaya Fertility Centre,Wilayah Persekutuan
way/506887388,SnoWalk @i-City,General Attraction,tourism=attraction,3.0650945,101.4850515,18.93,hospital_radius,Alhaya Fertility Centre,Wilayah Persekutuan
way/506887409,WaterWorld i-City,Other (water_park),leisure=water_park,3.064144,101.4853388,18.97,hospital_radius,Alhaya Fertility Centre,Wilayah Persekutuan
way/516496728,Taman Tasik Danau Kota,Park / Green Space,leisure=park,3.2043183,101.7187511,11.73,hospital_radius,Alhaya Fertility Centre,Wilayah Persekutuan
way/531612424,Dataran Shah Alam Grand Stand,Park / Green Space,leisure=park,3.0740031,101.5187161,15.47,hospital_radius,Alhaya Fertility Centre,Wilayah Persekutuan
way/531617844,Taman Awam,Park / Green Space,leisure=park,3.0797632,101.5236431,14.63,hospital_radius,Alhaya Fertility Centre,Wilayah Persekutuan
way/537381109,Jam Detik,General Attraction,tourism=attraction,3.1507471,101.6943443,8.73,hospital_radius,Alhaya Fertility Centre,Wilayah Persekutuan
way/537381112,Pantai Eco Park,Park / Green Space,leisure=park,3.1027295,101.6732978,9.74,hospital_radius,Alhaya Fertility Centre,Wilayah Persekutuan
way/543195579,Padang Perbandaran Ampang Jaya,Park / Green Space,leisure=park,3.12955,101.749089,15.22,hospital_radius,Alhaya Fertility Centre,Wilayah Persekutuan
way/543805279,Mini Playground,Park / Green Space,leisure=park,3.1453986,101.7734444,17.44,hospital_radius,Alhaya Fertility Centre,Wilayah Persekutuan
way/543837365,Taman Gombak Ria Playground,Park / Green Space,leisure=park,3.2248696,101.7019565,11.03,hospital_radius,Alhaya Fertility Centre,Wilayah Persekutuan
way/543837366,Taman Melewar Park,Park / Green Space,leisure=park,3.2202596,101.7000527,10.58,hospital_radius,Alhaya Fertility Centre,Wilayah Persekutuan
way/543837369,Taman Selaseh Park,Park / Green Space,leisure=park,3.2248091,101.6981057,10.67,hospital_radius,Alhaya Fertility Centre,Wilayah Persekutuan
way/544005606,Taman Metropolitan Batu,Park / Green Space,leisure=park,3.2138488,101.6792589,8.26,hospital_radius,Alhaya Fertility Centre,Wilayah Persekutuan
way/544123285,Mayang Park,Park / Green Space,leisure=park,3.1246107,101.5965112,5.72,hospital_radius,Alhaya Fertility Centre,Wilayah Persekutuan
way/544126626,Taman Tasik Seri Gombak,Park / Green Space,leisure=park,3.2485551,101.7034276,12.77,hospital_radius,Alhaya Fertility Centre,Wilayah Persekutuan
way/544346157,Taman Permainan Jalan B,Park / Green Space,leisure=park,3.2128632,101.7492443,15.24,hospital_radius,Alhaya Fertility Centre,Wilayah Persekutuan
way/544544423,Tasik Sri Rampai,Park / Green Space,leisure=park,3.1947445,101.7281401,12.46,hospital_radius,Alhaya Fertility Centre,Wilayah Persekutuan
way/544631227,Padang Permata A,Park / Green Space,leisure=park,3.205675,101.7530584,15.43,hospital_radius,Alhaya Fertility Centre,Wilayah Persekutuan
way/545035455,Taman Seri Gombak Park,Park / Green Space,leisure=park,3.2449241,101.7008421,12.29,hospital_radius,Alhaya Fertility Centre,Wilayah Persekutuan
way/545171474,Maze Garden Taman Melati,Park / Green Space,leisure=park,3.2223082,101.7295182,13.58,hospital_radius,Alhaya Fertility Centre,Wilayah Persekutuan
way/545784938,Taman Rekreasi Puncak Jalil,Park / Green Space,leisure=park,3.0157528,101.6718576,18.27,hospital_radius,Alhaya Fertility Centre,Wilayah Persekutuan
way/546848579,NAYC Basketball Court,Park / Green Space,leisure=park,3.1376645,101.7636553,16.54,hospital_radius,Alhaya Fertility Centre,Wilayah Persekutuan
way/548499607,Putra Bahagia 8 Park,Park / Green Space,leisure=park,2.9991851,101.5701524,19.86,hospital_radius,Alhaya Fertility Centre,Wilayah Persekutuan
way/549106868,The Park,Park / Green Space,leisure=park,3.1714416,101.6648281,5.15,hospital_radius,Alhaya Fertility Centre,Wilayah Persekutuan
way/549714799,AU 4 Park,Park / Green Space,leisure=park,3.1986708,101.7560931,15.59,hospital_radius,Alhaya Fertility Centre,Wilayah Persekutuan
way/549958130,BK5D Harmony Park,Park / Green Space,leisure=park,3.0354803,101.6473523,15.42,hospital_radius,Alhaya Fertility Centre,Wilayah Persekutuan
way/552263011,Sri petaling Recreational Park,Park / Green Space,leisure=park,3.072793,101.6922799,13.66,hospital_radius,Alhaya Fertility Centre,Wilayah Persekutuan
way/552320452,Alam Nusantara Park,Park / Green Space,leisure=park,3.1129339,101.4679138,17.92,hospital_radius,Alhaya Fertility Centre,Wilayah Persekutuan
way/552479276,Sering Ukay Park,Park / Green Space,leisure=park,3.1984463,101.7728594,17.41,hospital_radius,Alhaya Fertility Centre,Wilayah Persekutuan
way/553657143,Impian 7 Playground,Park / Green Space,leisure=park,3.1045109,101.452178,19.89,hospital_radius,Alhaya Fertility Centre,Wilayah Persekutuan
way/555184310,University of Malaya Crest,Park / Green Space,leisure=park,3.1220005,101.6570191,6.94,hospital_radius,Alhaya Fertility Centre,Wilayah Persekutuan
way/555194631,Taman Tasik Varsiti,Park / Green Space,leisure=park,3.1195189,101.6568376,7.15,hospital_radius,Alhaya Fertility Centre,Wilayah Persekutuan
way/555658039,Bukit Permai Playground,Park / Green Space,leisure=park,3.1112974,101.759844,17.05,hospital_radius,Alhaya Fertility Centre,Wilayah Persekutuan
way/555877058,BC Park,Park / Green Space,leisure=park,3.2353469,101.6996408,11.5,hospital_radius,Alhaya Fertility Centre,Wilayah Persekutuan
way/555977163,Gated Community Park,Park / Green Space,leisure=park,3.090815,101.736973,15.9,hospital_radius,Alhaya Fertility Centre,Wilayah Persekutuan
way/557419371,Taman Sungai Bunus,Park / Green Space,leisure=park,3.2077974,101.7280935,12.84,hospital_radius,Alhaya Fertility Centre,Wilayah Persekutuan
way/557465261,AU5 Public Park,Park / Green Space,leisure=park,3.2015973,101.7555468,15.59,hospital_radius,Alhaya Fertility Centre,Wilayah Persekutuan
way/558395670,Jalan H Park,Park / Green Space,leisure=park,3.2301343,101.7474454,15.75,hospital_radius,Alhaya Fertility Centre,Wilayah Persekutuan
way/558470459,Taman Sejahtera Park,Park / Green Space,leisure=park,3.1974344,101.667141,6.15,hospital_radius,Alhaya Fertility Centre,Wilayah Persekutuan
way/559242778,Taman Segar DBKL Park,Park / Green Space,leisure=park,3.0953048,101.7468358,16.56,hospital_radius,Alhaya Fertility Centre,Wilayah Persekutuan
way/559587073,Taman Subang Indah Kid's Playground & Family Park,Park / Green Space,leisure=park,3.0746795,101.5998881,10.92,hospital_radius,Alhaya Fertility Centre,Wilayah Persekutuan
way/559588893,Kid's Playground & Family Park,Park / Green Space,leisure=park,3.075651,101.6015939,10.78,hospital_radius,Alhaya Fertility Centre,Wilayah Persekutuan
way/562447753,Taman Rekreasi Jalan Sibu,Park / Green Space,leisure=park,3.2144764,101.6704058,7.52,hospital_radius,Alhaya Fertility Centre,Wilayah Persekutuan
way/566537781,Saujana Utama Park,Park / Green Space,leisure=park,3.2022427,101.4819679,15.54,hospital_radius,Alhaya Fertility Centre,Wilayah Persekutuan
way/566847295,Woodland Park,Park / Green Space,leisure=park,3.215965,101.7324112,13.6,hospital_radius,Alhaya Fertility Centre,Wilayah Persekutuan
way/572720082,Glutton Street Market,General Attraction,tourism=attraction,3.1353248,101.7132685,11.25,hospital_radius,Alhaya Fertility Centre,Wilayah Persekutuan
way/579371809,Taman Rekreasi Medan Idaman,Park / Green Space,leisure=park,3.2100566,101.7114313,11.19,hospital_radius,Alhaya Fertility Centre,Wilayah Persekutuan
way/579720812,The West Park,Park / Green Space,leisure=park,3.185106,101.6248453,1.71,hospital_radius,Alhaya Fertility Centre,Wilayah Persekutuan
way/583203318,"TPP5 Park, Soccer Field & Badminton Court",Park / Green Space,leisure=park,3.0292467,101.6063721,15.83,hospital_radius,Alhaya Fertility Centre,Wilayah Persekutuan
way/583806085,Reflexology Zone at The Central Park,Park / Green Space,leisure=park,3.0738878,101.5653314,12.32,hospital_radius,Alhaya Fertility Centre,Wilayah Persekutuan
way/604113900,Taman Bukit Indah,Park / Green Space,leisure=park,3.153769,101.7775835,17.77,hospital_radius,Alhaya Fertility Centre,Wilayah Persekutuan
way/604943238,Muzium Petaling Jaya,Museum,tourism=museum,3.1053976,101.6503991,8.12,hospital_radius,Alhaya Fertility Centre,Wilayah Persekutuan
way/605280737,Worldwide Landfills Park,Park / Green Space,leisure=park,3.0003385,101.6612092,19.57,hospital_radius,Alhaya Fertility Centre,Wilayah Persekutuan
way/614406773,Istana Kelantan,Historic Fort/Castle,historic=castle,3.1558011,101.7388314,13.47,hospital_radius,Alhaya Fertility Centre,Wilayah Persekutuan
way/616822440,Tugu Negeri Selangor,General Attraction,tourism=attraction,3.0811436,101.5160327,15.15,hospital_radius,Alhaya Fertility Centre,Wilayah Persekutuan
way/619145901,Menara Park Playground,Park / Green Space,leisure=park,3.0964373,101.5289143,12.95,hospital_radius,Alhaya Fertility Centre,Wilayah Persekutuan
way/626335853,Raintree Fountain Park,Park / Green Space,leisure=park,3.1532295,101.7370173,13.31,hospital_radius,Alhaya Fertility Centre,Wilayah Persekutuan
way/639712537,Taman Lembah Bukit SUK Shah Alam,Park / Green Space,leisure=park,3.0811334,101.5144581,15.28,hospital_radius,Alhaya Fertility Centre,Wilayah Persekutuan
way/651048189,Blok F Mahallah Ameenah,Park / Green Space,leisure=park,3.2554646,101.7318983,15.7,hospital_radius,Alhaya Fertility Centre,Wilayah Persekutuan
way/651048193,Mahallah Aminah Field,Park / Green Space,leisure=park,3.2555361,101.7323363,15.75,hospital_radius,Alhaya Fertility Centre,Wilayah Persekutuan
way/659878360,Muzium Kesenian Islam Malaysia,Museum,tourism=museum,3.1414518,101.6897523,8.58,hospital_radius,Alhaya Fertility Centre,Wilayah Persekutuan
way/662591913,USJ18 Playground and Park,Park / Green Space,leisure=park,3.0328508,101.5846738,15.83,hospital_radius,Alhaya Fertility Centre,Wilayah Persekutuan
way/679750388,Kem Bina Negara Meru,Camp Site,tourism=camp_site,3.165229,101.4692505,16.58,hospital_radius,Alhaya Fertility Centre,Wilayah Persekutuan
way/684577906,Open Badminton Court & Playground,Park / Green Space,leisure=park,3.0439767,101.6477364,14.51,hospital_radius,Alhaya Fertility Centre,Wilayah Persekutuan
way/684583345,Resident BK5/6D Park,Park / Green Space,leisure=park,3.0409043,101.6485157,14.86,hospital_radius,Alhaya Fertility Centre,Wilayah Persekutuan
way/684583997,Common Area Park,Park / Green Space,leisure=park,3.0439746,101.6481118,14.52,hospital_radius,Alhaya Fertility Centre,Wilayah Persekutuan
way/689275266,Starling Rooftop Garden,Park / Green Space,leisure=park,3.136422,101.6225762,3.89,hospital_radius,Alhaya Fertility Centre,Wilayah Persekutuan
way/691513797,BSC Central Park,Park / Green Space,leisure=park,3.2416423,101.4820727,17.05,hospital_radius,Alhaya Fertility Centre,Wilayah Persekutuan
way/691856200,Sterling Park,Park / Green Space,leisure=park,3.1016267,101.5913786,8.29,hospital_radius,Alhaya Fertility Centre,Wilayah Persekutuan
way/692972177,Starling Sky Park,Park / Green Space,leisure=park,3.1350502,101.6230626,4.04,hospital_radius,Alhaya Fertility Centre,Wilayah Persekutuan
way/695588316,Damansara Foresta Condominium Open Park,Park / Green Space,leisure=park,3.1811236,101.6115486,1.35,hospital_radius,Alhaya Fertility Centre,Wilayah Persekutuan
way/697983413,Serai Linear Park,Park / Green Space,leisure=park,3.1397809,101.6608788,5.86,hospital_radius,Alhaya Fertility Centre,Wilayah Persekutuan
way/708742109,Velo Garden (V Park),Park / Green Space,leisure=park,3.1292868,101.7225019,12.45,hospital_radius,Alhaya Fertility Centre,Wilayah Persekutuan
way/721577435,Taman Sri Sinar Park,Park / Green Space,leisure=park,3.1874401,101.6512561,4.07,hospital_radius,Alhaya Fertility Centre,Wilayah Persekutuan
way/722391880,Bangsar South Lakeside Park,Park / Green Space,leisure=park,3.1116784,101.6665565,8.5,hospital_radius,Alhaya Fertility Centre,Wilayah Persekutuan
way/723230215,Rizab Kawasan Lapang dan Rekreasi,Park / Green Space,leisure=park,3.1367527,101.7145683,11.33,hospital_radius,Alhaya Fertility Centre,Wilayah Persekutuan
way/723560031,Taman Rekreasi Putra Bistari 2,Park / Green Space,leisure=park,3.0204825,101.5754404,17.42,hospital_radius,Alhaya Fertility Centre,Wilayah Persekutuan
way/745554996,DESA PARKCITY,Public Art,tourism=artwork,3.1818947,101.6346037,2.16,hospital_radius,Alhaya Fertility Centre,Wilayah Persekutuan
way/749952952,Taman Rekreasi Kawasan Perindustrian Bukit Serdang,Park / Green Space,leisure=park,3.0427471,101.6982029,16.8,hospital_radius,Alhaya Fertility Centre,Wilayah Persekutuan
way/761875371,Mahallah Ali Park,Park / Green Space,leisure=park,3.2474413,101.7380586,15.76,hospital_radius,Alhaya Fertility Centre,Wilayah Persekutuan
way/761934423,KAED Courtyard Park,Park / Green Space,leisure=park,3.2516531,101.7314572,15.41,hospital_radius,Alhaya Fertility Centre,Wilayah Persekutuan
way/761934424,KAED Courtyard Park,Park / Green Space,leisure=park,3.2518314,101.7307838,15.36,hospital_radius,Alhaya Fertility Centre,Wilayah Persekutuan
way/761959845,ICC Courtyard,Park / Green Space,leisure=park,3.2507499,101.7320978,15.41,hospital_radius,Alhaya Fertility Centre,Wilayah Persekutuan
way/763969135,DU 2 Playground,Park / Green Space,leisure=park,3.034309,101.6676769,16.16,hospital_radius,Alhaya Fertility Centre,Wilayah Persekutuan
way/764515203,The East Park,Park / Green Space,leisure=park,3.1834376,101.6349335,2.29,hospital_radius,Alhaya Fertility Centre,Wilayah Persekutuan
way/765200301,Pintasan Saloma,General Attraction,tourism=attraction,3.1610114,101.7082266,10.03,hospital_radius,Alhaya Fertility Centre,Wilayah Persekutuan
way/771284922,Laman Rekreasi Tasek Tambahan,Park / Green Space,leisure=park,3.1223942,101.7711255,17.8,hospital_radius,Alhaya Fertility Centre,Wilayah Persekutuan
way/775738447,Laman Hijau Jalan Ipoh,Park / Green Space,leisure=park,3.2210838,101.6715107,8.1,hospital_radius,Alhaya Fertility Centre,Wilayah Persekutuan
way/776280273,Taman Rusa,Zoo / Wildlife Park,tourism=zoo,3.1434363,101.6862707,8.13,hospital_radius,Alhaya Fertility Centre,Wilayah Persekutuan
way/776280279,Taman Orkid,General Attraction,tourism=attraction,3.1439607,101.6875946,8.25,hospital_radius,Alhaya Fertility Centre,Wilayah Persekutuan
way/776280280,Taman Bunga Raya,General Attraction,tourism=attraction,3.1453347,101.6862494,8.05,hospital_radius,Alhaya Fertility Centre,Wilayah Persekutuan
way/781364799,Taman Permainan,Park / Green Space,leisure=park,3.1533205,101.5242066,10.65,hospital_radius,Alhaya Fertility Centre,Wilayah Persekutuan
way/782809185,Taman Kejiranan Central Spine SD,Park / Green Space,leisure=park,3.1858698,101.608258,1.99,hospital_radius,Alhaya Fertility Centre,Wilayah Persekutuan
way/789332766,Dinosaur Park,Park / Green Space,leisure=park,3.1473297,101.6453842,3.99,hospital_radius,Alhaya Fertility Centre,Wilayah Persekutuan
way/792410620,Taman Tiong Nam,Park / Green Space,leisure=park,3.1649837,101.6936904,8.38,hospital_radius,Alhaya Fertility Centre,Wilayah Persekutuan
way/793099997,Arcoris Plaza,Park / Green Space,leisure=park,3.167834,101.6521587,3.76,hospital_radius,Alhaya Fertility Centre,Wilayah Persekutuan
way/793910990,Pasar Borong Kuala Lumpur,General Attraction,tourism=attraction,3.2354627,101.6690854,9.1,hospital_radius,Alhaya Fertility Centre,Wilayah Persekutuan
way/798209698,M-Residence 2 Clubhouse,Park / Green Space,leisure=park,3.3061648,101.5034139,19.71,hospital_radius,Alhaya Fertility Centre,Wilayah Persekutuan
way/801320516,Kwai Chai Hong,General Attraction,tourism=attraction,3.1416001,101.6976753,9.39,hospital_radius,Alhaya Fertility Centre,Wilayah Persekutuan
way/804684605,Taman Rama Rama Kuala Lumpur,Zoo / Wildlife Park,tourism=zoo,3.1455142,101.6887589,8.31,hospital_radius,Alhaya Fertility Centre,Wilayah Persekutuan
way/805216244,SS 4/A6 Park,Park / Green Space,leisure=park,3.109829,101.608631,6.9,hospital_radius,Alhaya Fertility Centre,Wilayah Persekutuan
way/809206881,Taman Permainan Serdang Jaya,Park / Green Space,leisure=park,3.016657,101.7059488,19.73,hospital_radius,Alhaya Fertility Centre,Wilayah Persekutuan
way/809217644,Taman Rekreasi Kawasan Seri Kembangan,Park / Green Space,leisure=park,3.0290114,101.7052946,18.51,hospital_radius,Alhaya Fertility Centre,Wilayah Persekutuan
way/810256433,BU4 Park,Park / Green Space,leisure=park,3.1524049,101.6078255,2.39,hospital_radius,Alhaya Fertility Centre,Wilayah Persekutuan
way/810392428,Desa Aman Park,Park / Green Space,leisure=park,3.0946881,101.7421198,16.15,hospital_radius,Alhaya Fertility Centre,Wilayah Persekutuan
way/810393270,Jalan Lancang 1 Park,Park / Green Space,leisure=park,3.1019795,101.7374134,15.28,hospital_radius,Alhaya Fertility Centre,Wilayah Persekutuan
way/810394373,Jalan Badam Park,Park / Green Space,leisure=park,3.1040791,101.7443157,15.84,hospital_radius,Alhaya Fertility Centre,Wilayah Persekutuan
way/810395242,Jalan 6/95b Park,Park / Green Space,leisure=park,3.1045883,101.7495024,16.32,hospital_radius,Alhaya Fertility Centre,Wilayah Persekutuan
way/810396867,Duta Nusantara Park,Park / Green Space,leisure=park,3.1679609,101.6653068,5.21,hospital_radius,Alhaya Fertility Centre,Wilayah Persekutuan
way/813014876,Taman Ara Impian,Park / Green Space,leisure=park,3.1239834,101.5806572,6.71,hospital_radius,Alhaya Fertility Centre,Wilayah Persekutuan
way/822531993,Taman Rekreasi Bandar Baru Sungai Buluh,Park / Green Space,leisure=park,3.2140418,101.5670191,7.44,hospital_radius,Alhaya Fertility Centre,Wilayah Persekutuan
way/823493827,Taman Pekaka PKNS Kota Damansara,Park / Green Space,leisure=park,3.1753657,101.5759244,4.75,hospital_radius,Alhaya Fertility Centre,Wilayah Persekutuan
way/866543394,Elmina Valley Central Park,Park / Green Space,leisure=park,3.1790134,101.5142502,11.6,hospital_radius,Alhaya Fertility Centre,Wilayah Persekutuan
way/868696851,Taman Ferrea Denai Alam,Park / Green Space,leisure=park,3.1647232,101.5056149,12.55,hospital_radius,Alhaya Fertility Centre,Wilayah Persekutuan
way/881585946,Stelvio Bukit Antarabangsa,Park / Green Space,leisure=park,3.1790245,101.7653587,16.33,hospital_radius,Alhaya Fertility Centre,Wilayah Persekutuan
way/884003729,METROPARK,Public Art,tourism=artwork,3.0725355,101.567442,12.34,hospital_radius,Alhaya Fertility Centre,Wilayah Persekutuan
way/896135317,DRB Hicom,Park / Green Space,leisure=park,3.0930131,101.5796036,9.7,hospital_radius,Alhaya Fertility Centre,Wilayah Persekutuan
way/899102292,Taman Rekreasi Putra Heights,Park / Green Space,leisure=park,2.9994993,101.5779416,19.61,hospital_radius,Alhaya Fertility Centre,Wilayah Persekutuan
way/899482450,Laman Beringin Selayang Utama,Park / Green Space,leisure=park,3.236461,101.6433745,7.77,hospital_radius,Alhaya Fertility Centre,Wilayah Persekutuan
way/908957153,Small Park,Park / Green Space,leisure=park,3.098427,101.5349203,12.3,hospital_radius,Alhaya Fertility Centre,Wilayah Persekutuan
way/909856754,Jambatan Pelangi Elmina,General Attraction,tourism=attraction,3.1757325,101.5049632,12.61,hospital_radius,Alhaya Fertility Centre,Wilayah Persekutuan
way/909856756,Jambatan Pelangi Elmina,General Attraction,tourism=attraction,3.1755094,101.5046103,12.65,hospital_radius,Alhaya Fertility Centre,Wilayah Persekutuan
way/919653932,KOMPLEKS SUKAN NEGARA,Public Art,tourism=artwork,3.0581767,101.689361,14.82,hospital_radius,Alhaya Fertility Centre,Wilayah Persekutuan
way/923738084,Taman Eko Rimba Kanching,Nature Reserve,leisure=nature_reserve,3.3021689,101.6195867,14.57,hospital_radius,Alhaya Fertility Centre,Wilayah Persekutuan
way/925813181,Jalan Desa Bakti Public Playground,Park / Green Space,leisure=park,3.1038523,101.6832562,10.38,hospital_radius,Alhaya Fertility Centre,Wilayah Persekutuan
way/961488880,KAED Roadside Park,Park / Green Space,leisure=park,3.2508941,101.7312255,15.34,hospital_radius,Alhaya Fertility Centre,Wilayah Persekutuan
way/961490398,KAED Front Park,Park / Green Space,leisure=park,3.2514568,101.7305622,15.32,hospital_radius,Alhaya Fertility Centre,Wilayah Persekutuan
way/961490399,KICT Park,Park / Green Space,leisure=park,3.2539825,101.7295216,15.39,hospital_radius,Alhaya Fertility Centre,Wilayah Persekutuan
way/961491632,Sultan Haji Ahmad Shah Upper Courtyard,Park / Green Space,leisure=park,3.2510803,101.7355599,15.75,hospital_radius,Alhaya Fertility Centre,Wilayah Persekutuan
way/961494101,ICC Park,Park / Green Space,leisure=park,3.2518425,101.7326464,15.53,hospital_radius,Alhaya Fertility Centre,Wilayah Persekutuan
way/961494542,IIUM RIverside,Park / Green Space,leisure=park,3.2516706,101.7333862,15.59,hospital_radius,Alhaya Fertility Centre,Wilayah Persekutuan
way/993858361,Taman Permainan belakang SKS2BK,Park / Green Space,leisure=park,3.0526468,101.6357391,13.31,hospital_radius,Alhaya Fertility Centre,Wilayah Persekutuan
way/996053354,Rimba Ilmu,Nature Reserve,leisure=nature_reserve,3.1299592,101.6570775,6.27,hospital_radius,Alhaya Fertility Centre,Wilayah Persekutuan
way/1009693760,Taman Bandar Kwasa Damansara,Park / Green Space,leisure=park,3.1771524,101.5628367,6.21,hospital_radius,Alhaya Fertility Centre,Wilayah Persekutuan
way/1010160317,Air Terjun,Park / Green Space,leisure=park,3.121921,101.6576527,6.99,hospital_radius,Alhaya Fertility Centre,Wilayah Persekutuan
way/1012649995,Taman Komuniti Taman Bamboo,Park / Green Space,leisure=park,3.1944459,101.6762504,6.92,hospital_radius,Alhaya Fertility Centre,Wilayah Persekutuan
way/1016200486,Forest Park,Park / Green Space,leisure=park,3.2076063,101.4622204,17.81,hospital_radius,Alhaya Fertility Centre,Wilayah Persekutuan
way/1016522100,Kok Lian Garden Community Garden,Park / Green Space,leisure=park,3.1995532,101.6756852,7.1,hospital_radius,Alhaya Fertility Centre,Wilayah Persekutuan
way/1021001334,Rumah Pokok Samali,General Attraction,tourism=attraction,3.1196374,101.655532,7.05,hospital_radius,Alhaya Fertility Centre,Wilayah Persekutuan
way/1023648496,Central Rooftop Garden,Park / Green Space,leisure=park,3.1403509,101.7077297,10.49,hospital_radius,Alhaya Fertility Centre,Wilayah Persekutuan
way/1023648498,Old Pudu Prison Entrance,Memorial,historic=memorial,3.1416563,101.7075935,10.43,hospital_radius,Alhaya Fertility Centre,Wilayah Persekutuan
way/1028079262,Kompleks Tugu Negara,Park / Green Space,leisure=park,3.1493902,101.6840734,7.68,hospital_radius,Alhaya Fertility Centre,Wilayah Persekutuan
way/1030451611,Secret Garden,Park / Green Space,leisure=park,3.1503022,101.6160473,2.33,hospital_radius,Alhaya Fertility Centre,Wilayah Persekutuan
way/1049675212,Pekan Sungai Besi Community Park,Park / Green Space,leisure=park,3.0638456,101.7095904,15.64,hospital_radius,Alhaya Fertility Centre,Wilayah Persekutuan
way/1052443849,TAMAN TASIK TITIWANGSA,Public Art,tourism=artwork,3.1790197,101.7044955,9.59,hospital_radius,Alhaya Fertility Centre,Wilayah Persekutuan
way/1058167192,PANTAI SENTRAL PARK,Public Art,tourism=artwork,3.1023791,101.6662769,9.31,hospital_radius,Alhaya Fertility Centre,Wilayah Persekutuan
way/1086403294,Sri Taman Memorial Tun Abdul Razak,Museum,tourism=museum,3.1419641,101.6868769,8.26,hospital_radius,Alhaya Fertility Centre,Wilayah Persekutuan
way/1087260994,SkySanctuary Central Park,Park / Green Space,leisure=park,3.1913582,101.7206697,11.57,hospital_radius,Alhaya Fertility Centre,Wilayah Persekutuan
way/1087261031,Taman Pinggiran Sungai Bunus,Park / Green Space,leisure=park,3.1925046,101.7241971,11.98,hospital_radius,Alhaya Fertility Centre,Wilayah Persekutuan
way/1102570705,Station B,Picnic / Recreation Site,tourism=picnic_site,3.1143079,101.491483,15.45,hospital_radius,Alhaya Fertility Centre,Wilayah Persekutuan
way/1102570707,Station B1,Picnic / Recreation Site,tourism=picnic_site,3.1136908,101.4916401,15.46,hospital_radius,Alhaya Fertility Centre,Wilayah Persekutuan
way/1105792066,Station A,Picnic / Recreation Site,tourism=picnic_site,3.1133382,101.4936501,15.27,hospital_radius,Alhaya Fertility Centre,Wilayah Persekutuan
way/1108466174,Taman Tunku Village Green,Park / Green Space,leisure=park,3.1737928,101.679641,6.8,hospital_radius,Alhaya Fertility Centre,Wilayah Persekutuan
way/1124942095,Ketumbar Hilltop Station,Picnic / Recreation Site,tourism=picnic_site,3.1003254,101.7562512,17.21,hospital_radius,Alhaya Fertility Centre,Wilayah Persekutuan
way/1125577160,akuarium chong hong,Aquarium,tourism=aquarium,3.0248834,101.5379801,18.55,hospital_radius,Alhaya Fertility Centre,Wilayah Persekutuan
way/1136530236,Dataran Kemerdakaan Shah Alam,Park / Green Space,leisure=park,3.0757399,101.5234957,14.95,hospital_radius,Alhaya Fertility Centre,Wilayah Persekutuan
way/1136678539,Taman Rimba Templer,Park / Green Space,leisure=park,3.2865344,101.6416198,13.09,hospital_radius,Alhaya Fertility Centre,Wilayah Persekutuan
way/1137309555,Laman Tun Perak,Park / Green Space,leisure=park,3.1512846,101.6950093,8.78,hospital_radius,Alhaya Fertility Centre,Wilayah Persekutuan
way/1137841255,TRX City Park,Park / Green Space,leisure=park,3.1426522,101.7175838,11.45,hospital_radius,Alhaya Fertility Centre,Wilayah Persekutuan
way/1137841269,Merdeka Boulevard At 118,Park / Green Space,leisure=park,3.1401713,101.7002718,9.71,hospital_radius,Alhaya Fertility Centre,Wilayah Persekutuan
way/1138649712,Alam Budiman Campsite,Camp Site,tourism=camp_site,3.1382245,101.4855693,15.2,hospital_radius,Alhaya Fertility Centre,Wilayah Persekutuan
way/1138649715,Bird's Nest,Picnic / Recreation Site,tourism=picnic_site,3.1331442,101.4846334,15.45,hospital_radius,Alhaya Fertility Centre,Wilayah Persekutuan
way/1141071370,Istana Nurul Jannah,Historic Fort/Castle,historic=castle,3.1631817,101.6773783,6.6,hospital_radius,Alhaya Fertility Centre,Wilayah Persekutuan
way/1145536341,The ERA - Wetland Sanctuary,Park / Green Space,leisure=park,3.1812082,101.6753686,6.42,hospital_radius,Alhaya Fertility Centre,Wilayah Persekutuan
way/1151175963,Dusun Bandar Railway Park,Park / Green Space,leisure=park,3.0825546,101.6521615,10.54,hospital_radius,Alhaya Fertility Centre,Wilayah Persekutuan
way/1151175964,Dusun Bandar Railway Park,Park / Green Space,leisure=park,3.0823534,101.6476451,10.39,hospital_radius,Alhaya Fertility Centre,Wilayah Persekutuan
way/1164522099,Sentul Park,Park / Green Space,leisure=park,3.1834812,101.6860112,7.63,hospital_radius,Alhaya Fertility Centre,Wilayah Persekutuan
way/1169277241,Casmaria Park,Park / Green Space,leisure=park,3.2323952,101.6934521,10.76,hospital_radius,Alhaya Fertility Centre,Wilayah Persekutuan
way/1185514542,The Park,Park / Green Space,leisure=park,3.1180765,101.6362568,6.22,hospital_radius,Alhaya Fertility Centre,Wilayah Persekutuan
way/1187819051,Laman Medan Tuanku,Park / Green Space,leisure=park,3.1591334,101.6982484,8.96,hospital_radius,Alhaya Fertility Centre,Wilayah Persekutuan
way/1189732858,Taman Negeri Selangor,Picnic / Recreation Site,tourism=picnic_site,3.3150142,101.6994728,18.36,hospital_radius,Alhaya Fertility Centre,Wilayah Persekutuan
way/1189732864,Kem Flintstone,Camp Site,tourism=camp_site,3.2977578,101.6951983,16.46,hospital_radius,Alhaya Fertility Centre,Wilayah Persekutuan
way/1193064326,Laman Sultan Ismail,Park / Green Space,leisure=park,3.1599516,101.6972309,8.83,hospital_radius,Alhaya Fertility Centre,Wilayah Persekutuan
way/1201000342,KL East Park,Park / Green Space,leisure=park,3.2279316,101.7340945,14.31,hospital_radius,Alhaya Fertility Centre,Wilayah Persekutuan
way/1207976408,Muzium Orang Asli Gombak,Museum,tourism=museum,3.2943888,101.7320691,18.63,hospital_radius,Alhaya Fertility Centre,Wilayah Persekutuan
way/1211909172,Taman Tugu Lawn,Park / Green Space,leisure=park,3.1538818,101.6841267,7.54,hospital_radius,Alhaya Fertility Centre,Wilayah Persekutuan
way/1212049483,Tugu Negara,Monument,historic=monument,3.1488735,101.6837869,7.66,hospital_radius,Alhaya Fertility Centre,Wilayah Persekutuan
way/1220417477,Laman Esfahan,Park / Green Space,leisure=park,3.1556161,101.6952713,8.7,hospital_radius,Alhaya Fertility Centre,Wilayah Persekutuan
way/1234430708,Meadow Park,Park / Green Space,leisure=park,3.3286508,101.5520289,19.01,hospital_radius,Alhaya Fertility Centre,Wilayah Persekutuan
way/1236017794,Skyline Luge Kuala Lumpur,Theme Park,tourism=theme_park,3.272234,101.5506778,13.53,hospital_radius,Alhaya Fertility Centre,Wilayah Persekutuan
way/1236017795,FunPark @ Gamuda Gardens,Other (water_park),leisure=water_park,3.2742148,101.551767,13.65,hospital_radius,Alhaya Fertility Centre,Wilayah Persekutuan
way/1237772915,Pintasan Saloma,General Attraction,tourism=attraction,3.1613748,101.707892,9.99,hospital_radius,Alhaya Fertility Centre,Wilayah Persekutuan
way/1244291177,Avenue Park,Park / Green Space,leisure=park,3.1542421,101.7518185,14.93,hospital_radius,Alhaya Fertility Centre,Wilayah Persekutuan
way/1253903558,Badminton Court,Park / Green Space,leisure=park,3.0000624,101.6641882,19.69,hospital_radius,Alhaya Fertility Centre,Wilayah Persekutuan
way/1254104273,Aviary 'n' Bunny Park,Zoo / Wildlife Park,tourism=zoo,3.0989991,101.5144222,14.06,hospital_radius,Alhaya Fertility Centre,Wilayah Persekutuan
way/1254104274,Taman 1 Malaysia,Park / Green Space,leisure=park,3.0975385,101.5120776,14.37,hospital_radius,Alhaya Fertility Centre,Wilayah Persekutuan
way/1264011206,KGB Camp,Camp Site,tourism=camp_site,3.2165344,101.7904705,19.75,hospital_radius,Alhaya Fertility Centre,Wilayah Persekutuan
way/1266999282,Kompleks Arkib Perdana Menteri Dan Arkib Negarawan,Museum,tourism=museum,3.1561296,101.690967,8.22,hospital_radius,Alhaya Fertility Centre,Wilayah Persekutuan
way/1270658052,Taman Permainan Audik,Park / Green Space,leisure=park,3.2008664,101.7340334,13.25,hospital_radius,Alhaya Fertility Centre,Wilayah Persekutuan
way/1309457596,Elmina Urban Park,Park / Green Space,leisure=park,3.1799873,101.509555,12.13,hospital_radius,Alhaya Fertility Centre,Wilayah Persekutuan
way/1354174574,Sultan Haji Ahmad Shah Lower Courtyard,Park / Green Space,leisure=park,3.2515504,101.7343801,15.67,hospital_radius,Alhaya Fertility Centre,Wilayah Persekutuan
way/1361201149,Taman Rimba Bukit Lagong MPS,Park / Green Space,leisure=park,3.2627828,101.6326248,10.31,hospital_radius,Alhaya Fertility Centre,Wilayah Persekutuan
way/1361909971,KL Metropolis Park,Park / Green Space,leisure=park,3.1796113,101.6684782,5.63,hospital_radius,Alhaya Fertility Centre,Wilayah Persekutuan
way/1370659387,Lim Lian Geok Memorial,Memorial,historic=memorial,3.1274005,101.700123,10.29,hospital_radius,Alhaya Fertility Centre,Wilayah Persekutuan
way/1381195216,Taman Firdausi,Park / Green Space,leisure=park,3.1780472,101.5434637,8.36,hospital_radius,Alhaya Fertility Centre,Wilayah Persekutuan
way/1382750767,Air Terjun Kanching Paras 4,Picnic / Recreation Site,tourism=picnic_site,3.3032649,101.6192651,14.69,hospital_radius,Alhaya Fertility Centre,Wilayah Persekutuan
way/1382750781,Air Terjun Kanching Paras 3,Picnic / Recreation Site,tourism=picnic_site,3.3026662,101.6194015,14.63,hospital_radius,Alhaya Fertility Centre,Wilayah Persekutuan
way/1382750804,Air Terjun Kanching Paras 2,Picnic / Recreation Site,tourism=picnic_site,3.3022427,101.6193027,14.58,hospital_radius,Alhaya Fertility Centre,Wilayah Persekutuan
way/1382750816,Air Terjun Kanching Paras 1,Picnic / Recreation Site,tourism=picnic_site,3.3017315,101.6191174,14.52,hospital_radius,Alhaya Fertility Centre,Wilayah Persekutuan
way/1408244538,Taman Kejiranan Jalan Kuang Bulan,Park / Green Space,leisure=park,3.2040635,101.637798,4.25,hospital_radius,Alhaya Fertility Centre,Wilayah Persekutuan
way/1408773500,Car Parking,Park / Green Space,leisure=park,3.0356896,101.5190118,18.67,hospital_radius,Alhaya Fertility Centre,Wilayah Persekutuan
way/1408776336,Parking Kereta,Park / Green Space,leisure=park,3.0429398,101.5215876,17.86,hospital_radius,Alhaya Fertility Centre,Wilayah Persekutuan
way/1408776337,Parking Kereta,Park / Green Space,leisure=park,3.0429398,101.5215876,17.86,hospital_radius,Alhaya Fertility Centre,Wilayah Persekutuan
way/1408777985,Parking Kereta,Park / Green Space,leisure=park,3.0428396,101.5141098,18.38,hospital_radius,Alhaya Fertility Centre,Wilayah Persekutuan
way/1408782428,Parking Kereta,Park / Green Space,leisure=park,3.0373767,101.5188062,18.54,hospital_radius,Alhaya Fertility Centre,Wilayah Persekutuan
way/1408782997,Padang Cergas,Park / Green Space,leisure=park,3.0397893,101.5155819,18.54,hospital_radius,Alhaya Fertility Centre,Wilayah Persekutuan
way/1408783794,Parking Kereta,Park / Green Space,leisure=park,3.0362364,101.5187538,18.64,hospital_radius,Alhaya Fertility Centre,Wilayah Persekutuan
way/1409987874,Taman Warisan Melayu,Park / Green Space,leisure=park,3.0695571,101.5164625,15.99,hospital_radius,Alhaya Fertility Centre,Wilayah Persekutuan
way/1413776638,Taman Warisan,Park / Green Space,leisure=park,3.116988,101.4637962,18.2,hospital_radius,Alhaya Fertility Centre,Wilayah Persekutuan
way/1424336496,Pusat Rekreasi Bahagian Segambut,Park / Green Space,leisure=park,3.1991905,101.6540416,5.04,hospital_radius,Alhaya Fertility Centre,Wilayah Persekutuan
way/1424611213,Kolam Takungan Mesra Alam Taman Puncak Jalil (KT19),Park / Green Space,leisure=park,3.0335703,101.6768311,16.61,hospital_radius,Alhaya Fertility Centre,Wilayah Persekutuan
way/1426809140,Former Site of the KL Cenotaph,Memorial,historic=memorial,3.141764,101.6934917,8.95,hospital_radius,Alhaya Fertility Centre,Wilayah Persekutuan
way/1427557823,Blue Corridor,General Attraction,tourism=attraction,3.1485181,101.6954538,8.91,hospital_radius,Alhaya Fertility Centre,Wilayah Persekutuan
way/1449340179,Brown Woods,Park / Green Space,leisure=park,3.216564,101.7340844,13.8,hospital_radius,Alhaya Fertility Centre,Wilayah Persekutuan
way/1452315459,Celebration Park,Park / Green Space,leisure=park,3.3258521,101.5443503,19.07,hospital_radius,Alhaya Fertility Centre,Wilayah Persekutuan
way/1458627822,Pangsapuri Alora Playground and Field,Park / Green Space,leisure=park,3.0313527,101.5391992,17.86,hospital_radius,Alhaya Fertility Centre,Wilayah Persekutuan
way/1459548963,Darul ilmi Campsite,Camp Site,tourism=camp_site,3.2995535,101.7332322,19.14,hospital_radius,Alhaya Fertility Centre,Wilayah Persekutuan
way/1492634951,AI World Experience Centre,General Attraction,tourism=attraction,3.0638551,101.4848825,19.03,hospital_radius,Alhaya Fertility Centre,Wilayah Persekutuan
way/1504006356,Air Terjun Kanching Paras 7,Picnic / Recreation Site,tourism=picnic_site,3.3055089,101.6196929,14.94,hospital_radius,Alhaya Fertility Centre,Wilayah Persekutuan
way/1504006357,Air Terjun Kanching Paras 6,Picnic / Recreation Site,tourism=picnic_site,3.3049603,101.6197023,14.88,hospital_radius,Alhaya Fertility Centre,Wilayah Persekutuan
way/1504006358,Air Terjun Kanching Paras 5,Picnic / Recreation Site,tourism=picnic_site,3.3040499,101.6189636,14.78,hospital_radius,Alhaya Fertility Centre,Wilayah Persekutuan
way/1508210020,Alang Manja Resort,Camp Site,tourism=camp_site,3.304378,101.7353541,19.7,hospital_radius,Alhaya Fertility Centre,Wilayah Persekutuan
way/1508210064,AKE Resort and Training Camp,Camp Site,tourism=camp_site,3.3033608,101.735609,19.63,hospital_radius,Alhaya Fertility Centre,Wilayah Persekutuan
way/1508210070,Alang Sedayu,Camp Site,tourism=camp_site,3.3051572,101.735279,19.76,hospital_radius,Alhaya Fertility Centre,Wilayah Persekutuan
way/1511797614,Dataran Selangor,General Attraction,tourism=attraction,3.0755669,101.5358772,14.03,hospital_radius,Alhaya Fertility Centre,Wilayah Persekutuan
way/1524851720,Muzium Sultan Alam Shah,Museum,tourism=museum,3.0749429,101.5211059,15.21,hospital_radius,Alhaya Fertility Centre,Wilayah Persekutuan
way/1534225423,Fun Fun,Zoo / Wildlife Park,tourism=zoo,3.0646668,101.4825493,19.18,hospital_radius,Alhaya Fertility Centre,Wilayah Persekutuan
way/1554507362,KL East Park,Viewpoint / Scenic Spot,tourism=viewpoint,3.2282313,101.7350912,14.42,hospital_radius,Alhaya Fertility Centre,Wilayah Persekutuan
node/4605231089,Siong Long,Public Art,tourism=artwork,2.9836054,101.6264835,19.4,hospital_radius,Alpha IVF & Women's Specialists Centre,Selangor
node/5665655119,Putra Bahagia 8 Small Park,Park / Green Space,leisure=park,2.9979729,101.5636313,17.81,hospital_radius,Alpha IVF & Women's Specialists Centre,Selangor
node/8108289361,Taman Tasik Sri Aman,Park / Green Space,leisure=park,2.9856786,101.586951,18.87,hospital_radius,Alpha IVF & Women's Specialists Centre,Selangor
node/8281218149,Piano,Public Art,tourism=artwork,3.0208268,101.5144859,17.39,hospital_radius,Alpha IVF & Women's Specialists Centre,Selangor
node/11135499117,Lookout Point,Viewpoint / Scenic Spot,tourism=viewpoint,3.2282559,101.7350741,17.59,hospital_radius,Alpha IVF & Women's Specialists Centre,Selangor
node/11264396620,Harp Sculpture,Public Art,tourism=artwork,3.0215687,101.5142579,17.33,hospital_radius,Alpha IVF & Women's Specialists Centre,Selangor
node/11264396631,Human Photo Booth,Public Art,tourism=artwork,3.0222203,101.5134332,17.31,hospital_radius,Alpha IVF & Women's Specialists Centre,Selangor
node/11264402943,Human Photo Booth,Public Art,tourism=artwork,3.0238334,101.5143169,17.11,hospital_radius,Alpha IVF & Women's Specialists Centre,Selangor
node/11264402957,I ♥ Alam Impian,Public Art,tourism=artwork,3.024047,101.5143934,17.08,hospital_radius,Alpha IVF & Women's Specialists Centre,Selangor
node/11264608153,Terracotta Sculpture,Public Art,tourism=artwork,3.0222189,101.5149943,17.22,hospital_radius,Alpha IVF & Women's Specialists Centre,Selangor
node/11264608156,Terracotta Sculpture,Public Art,tourism=artwork,3.0221232,101.5149003,17.24,hospital_radius,Alpha IVF & Women's Specialists Centre,Selangor
node/11955917752,Headphone Plaza,Public Art,tourism=artwork,3.0233339,101.51346,17.21,hospital_radius,Alpha IVF & Women's Specialists Centre,Selangor
way/35153236,Kelab Darul Ehsan,Park / Green Space,leisure=park,3.0761372,101.536098,10.93,hospital_radius,Alpha IVF & Women's Specialists Centre,Selangor
way/122449877,FRIM Selangor Forest Park,Nature Reserve,leisure=nature_reserve,3.2331366,101.6311006,9.57,hospital_radius,Alpha IVF & Women's Specialists Centre,Selangor
way/127725517,Puteri Central Park,Park / Green Space,leisure=park,3.2875849,101.475859,19.76,hospital_radius,Alpha IVF & Women's Specialists Centre,Selangor
way/374100862,v,Park / Green Space,leisure=park,3.0657221,101.5054375,14.03,hospital_radius,Alpha IVF & Women's Specialists Centre,Selangor
way/394260431,Taman Tasik Kota Kemuning,Park / Green Space,leisure=park,3.0009772,101.537883,18.26,hospital_radius,Alpha IVF & Women's Specialists Centre,Selangor
way/449828007,Kepong Botanical Garden,Park / Green Space,leisure=park,3.2258256,101.6203066,8.36,hospital_radius,Alpha IVF & Women's Specialists Centre,Selangor
way/461804490,Taman Bukit Rimau,Other (grass),natural=grass,2.9942129,101.527663,19.38,hospital_radius,Alpha IVF & Women's Specialists Centre,Selangor
way/552317257,Setia Alam Western Park,Park / Green Space,leisure=park,3.1023264,101.4465064,17.46,hospital_radius,Alpha IVF & Women's Specialists Centre,Selangor
way/553544052,BBR Sales Gallery Park,Park / Green Space,leisure=park,3.0855268,101.4324838,19.59,hospital_radius,Alpha IVF & Women's Specialists Centre,Selangor
way/556160661,Puchong Utama Basketball Court,Park / Green Space,leisure=park,2.9815361,101.6111863,19.39,hospital_radius,Alpha IVF & Women's Specialists Centre,Selangor
way/556161092,Greens,Park / Green Space,leisure=park,2.9764736,101.5895373,19.88,hospital_radius,Alpha IVF & Women's Specialists Centre,Selangor
way/616692367,Taman Seratus,Park / Green Space,leisure=park,3.0497096,101.4537974,19.54,hospital_radius,Alpha IVF & Women's Specialists Centre,Selangor
way/645698342,Canal Garden Park,Park / Green Space,leisure=park,3.0036381,101.5315706,18.24,hospital_radius,Alpha IVF & Women's Specialists Centre,Selangor
way/645699020,Canal Garden Basketball Park,Park / Green Space,leisure=park,3.0005291,101.5320538,18.54,hospital_radius,Alpha IVF & Women's Specialists Centre,Selangor
way/696622758,Jalan Patani Park,Park / Green Space,leisure=park,3.0639903,101.4502122,18.97,hospital_radius,Alpha IVF & Women's Specialists Centre,Selangor
way/874595014,Taman Komuniti Putra Heights,Park / Green Space,leisure=park,2.9937182,101.5729577,18.11,hospital_radius,Alpha IVF & Women's Specialists Centre,Selangor
way/1132960342,International Maritime Square,Park / Green Space,leisure=park,3.0575391,101.4743443,17.21,hospital_radius,Alpha IVF & Women's Specialists Centre,Selangor
node/2138337478,Galeri Sate,Museum,tourism=museum,2.9945961,101.7847977,19.19,hospital_radius,ALPS Medical Centre,Wilayah Persekutuan
node/4975344498,Bukit Bangkung,Mountain / Peak,natural=peak,3.3022123,101.8179385,19.43,hospital_radius,ALPS Medical Centre,Wilayah Persekutuan
node/5162041212,Bukit Chenuang,Mountain / Peak,natural=peak,3.2378753,101.8229496,14.41,hospital_radius,ALPS Medical Centre,Wilayah Persekutuan
node/5170369034,Bukit Batu Kumbang,Mountain / Peak,natural=peak,3.2293306,101.8166428,13.27,hospital_radius,ALPS Medical Centre,Wilayah Persekutuan
node/5278847682,Bukit Hulu Rumput,Mountain / Peak,natural=peak,3.314883,101.7578816,18.14,hospital_radius,ALPS Medical Centre,Wilayah Persekutuan
node/5436453923,Serai Bamboo Hot Spring,General Attraction,tourism=attraction,3.0910323,101.794229,10.71,hospital_radius,ALPS Medical Centre,Wilayah Persekutuan
node/5855900491,Old Field Station,Historic Ruins,historic=ruins,3.3242244,101.7502305,19.0,hospital_radius,ALPS Medical Centre,Wilayah Persekutuan
node/9917404933,#kajangpuzzle,Public Art,tourism=artwork,2.9915238,101.7874766,19.61,hospital_radius,ALPS Medical Centre,Wilayah Persekutuan
node/9917404934,Pusat Warisan Kajang,Museum,tourism=museum,2.9919442,101.7866946,19.54,hospital_radius,ALPS Medical Centre,Wilayah Persekutuan
node/9917404935,Seni Koridor Warisan #1,Public Art,tourism=artwork,2.9918938,101.7867948,19.55,hospital_radius,ALPS Medical Centre,Wilayah Persekutuan
node/10223922010,Bukit Enggang,Mountain / Peak,natural=peak,3.0819748,101.8027925,12.09,hospital_radius,ALPS Medical Centre,Wilayah Persekutuan
node/10253215130,Lata Beringin Sungai Resam Semungkis Campsite,Camp Site,tourism=camp_site,3.1742446,101.8247357,11.52,hospital_radius,ALPS Medical Centre,Wilayah Persekutuan
node/10253227423,Jeram Tinggi Campsite,Camp Site,tourism=camp_site,3.16895,101.826404,11.61,hospital_radius,ALPS Medical Centre,Wilayah Persekutuan
node/10576714018,Bukit Tajoh,Mountain / Peak,natural=peak,3.2563295,101.7874731,13.31,hospital_radius,ALPS Medical Centre,Wilayah Persekutuan
node/10601614559,Kem Sleh,Camp Site,tourism=camp_site,3.2595637,101.7838226,13.4,hospital_radius,ALPS Medical Centre,Wilayah Persekutuan
node/10601631316,Lubuk Tedung Campsite,Camp Site,tourism=camp_site,3.256748,101.8021166,14.29,hospital_radius,ALPS Medical Centre,Wilayah Persekutuan
node/10603614936,Kem HPA,Camp Site,tourism=camp_site,3.2499548,101.8658023,19.04,hospital_radius,ALPS Medical Centre,Wilayah Persekutuan
node/10604513256,Zone 5 Camping Site,Camp Site,tourism=camp_site,3.2221546,101.8397373,14.95,hospital_radius,ALPS Medical Centre,Wilayah Persekutuan
node/10686166460,Bukit Batu Karpet,Mountain / Peak,natural=peak,3.2945,101.7613551,16.03,hospital_radius,ALPS Medical Centre,Wilayah Persekutuan
node/11013150270,Photospot,General Attraction,tourism=attraction,2.9878808,101.7315056,18.68,hospital_radius,ALPS Medical Centre,Wilayah Persekutuan
node/11049175263,赵明福墓碑,General Attraction,tourism=attraction,3.0486775,101.8655193,19.82,hospital_radius,ALPS Medical Centre,Wilayah Persekutuan
node/11051037975,Chinese Calligraphy Stone Gallery,Public Art,tourism=artwork,3.04831,101.8668299,19.96,hospital_radius,ALPS Medical Centre,Wilayah Persekutuan
node/11939741402,Bukit Condong,Mountain / Peak,natural=peak,3.1610844,101.8672299,16.06,hospital_radius,ALPS Medical Centre,Wilayah Persekutuan
node/11942562881,Bukit Arang,Mountain / Peak,natural=peak,3.1186834,101.8952376,19.59,hospital_radius,ALPS Medical Centre,Wilayah Persekutuan
node/12282876142,Muzium Cina Malaysia,Museum,tourism=museum,3.004765,101.7262698,16.78,hospital_radius,ALPS Medical Centre,Wilayah Persekutuan
node/12897284998,Kubang Gajah Picnic Area,Picnic / Recreation Site,tourism=picnic_site,3.211071,101.7959636,10.21,hospital_radius,ALPS Medical Centre,Wilayah Persekutuan
node/12897287741,View of Kubang Gajah Falls,Viewpoint / Scenic Spot,tourism=viewpoint,3.2114411,101.7954166,10.19,hospital_radius,ALPS Medical Centre,Wilayah Persekutuan
node/13694493695,Bukit Pening,Mountain / Peak,natural=peak,3.0234,101.8425,19.83,hospital_radius,ALPS Medical Centre,Wilayah Persekutuan
way/159120670,Bandar Mahkota Cheras Lake Park,Park / Green Space,leisure=park,3.0523056,101.7881811,13.59,hospital_radius,ALPS Medical Centre,Wilayah Persekutuan
way/209205495,Ampang Look Out Tower,Viewpoint / Scenic Spot,tourism=viewpoint,3.1291823,101.7944346,8.49,hospital_radius,ALPS Medical Centre,Wilayah Persekutuan
way/209205505,Puncak ALOP,Viewpoint / Scenic Spot,tourism=viewpoint,3.1292422,101.7958833,8.64,hospital_radius,ALPS Medical Centre,Wilayah Persekutuan
way/231673989,Jalan SL 4 Garden,Park / Green Space,leisure=park,3.0394501,101.8018062,15.62,hospital_radius,ALPS Medical Centre,Wilayah Persekutuan
way/232235182,Bandar Sungai Long SL6 Park,Park / Green Space,leisure=park,3.0492382,101.8046091,14.92,hospital_radius,ALPS Medical Centre,Wilayah Persekutuan
way/232239675,BMC Section 9 Park 1,Park / Green Space,leisure=park,3.0584519,101.7879569,13.01,hospital_radius,ALPS Medical Centre,Wilayah Persekutuan
way/372972353,Bukit Ekspo UPM,Park / Green Space,leisure=park,2.9873305,101.7112128,18.75,hospital_radius,ALPS Medical Centre,Wilayah Persekutuan
way/552417033,Kota Perdana 1/2 Park,Park / Green Space,leisure=park,2.9877312,101.6639426,19.77,hospital_radius,ALPS Medical Centre,Wilayah Persekutuan
way/554770464,Taman Tasik Sri Serdang,Park / Green Space,leisure=park,3.0044921,101.7141956,16.83,hospital_radius,ALPS Medical Centre,Wilayah Persekutuan
way/586000913,TTDI Grove Lake Park,Park / Green Space,leisure=park,2.9971157,101.8089547,20.06,hospital_radius,ALPS Medical Centre,Wilayah Persekutuan
way/596601170,Green Suria Apartment Recreational Park,Park / Green Space,leisure=park,3.0436798,101.7478138,12.75,hospital_radius,ALPS Medical Centre,Wilayah Persekutuan
way/628496151,MAEPS Playground,Park / Green Space,leisure=park,2.9782372,101.6940695,19.98,hospital_radius,ALPS Medical Centre,Wilayah Persekutuan
way/628501099,Kolej 5 Recreation Park,Park / Green Space,leisure=park,2.9927836,101.7079304,18.18,hospital_radius,ALPS Medical Centre,Wilayah Persekutuan
way/628504518,Vet Fruits Park,Park / Green Space,leisure=park,2.9762216,101.710803,19.99,hospital_radius,ALPS Medical Centre,Wilayah Persekutuan
way/638940211,Dusun Humpery,Park / Green Space,leisure=park,3.0007712,101.7134583,17.25,hospital_radius,ALPS Medical Centre,Wilayah Persekutuan
way/641746293,Taman Awam Jalan Timur,Park / Green Space,leisure=park,2.996013,101.7927553,19.38,hospital_radius,ALPS Medical Centre,Wilayah Persekutuan
way/654411008,BioTech Green,Park / Green Space,leisure=park,3.0048147,101.7063727,16.86,hospital_radius,ALPS Medical Centre,Wilayah Persekutuan
way/685333563,Taman Terbuka Sri Serdang,Park / Green Space,leisure=park,3.0046402,101.7119124,16.83,hospital_radius,ALPS Medical Centre,Wilayah Persekutuan
way/685335054,Enviroment Conservation Park,Park / Green Space,leisure=park,3.0064633,101.7084885,16.66,hospital_radius,ALPS Medical Centre,Wilayah Persekutuan
way/685348789,Sri Serdang Phase 1 Park,Park / Green Space,leisure=park,3.0052957,101.7161953,16.73,hospital_radius,ALPS Medical Centre,Wilayah Persekutuan
way/731224426,IBS Conservation Park,Park / Green Space,leisure=park,2.9999694,101.7231916,17.31,hospital_radius,ALPS Medical Centre,Wilayah Persekutuan
way/732280393,Muzium Warisan Melayu,Park / Green Space,leisure=park,2.9996313,101.7152689,17.36,hospital_radius,ALPS Medical Centre,Wilayah Persekutuan
way/750217116,Angsana Park,Park / Green Space,leisure=park,3.0569119,101.7814407,12.77,hospital_radius,ALPS Medical Centre,Wilayah Persekutuan
way/768991192,Taman Megah Park,Park / Green Space,leisure=park,3.0574613,101.7676053,12.0,hospital_radius,ALPS Medical Centre,Wilayah Persekutuan
way/863723879,Origami Park,Park / Green Space,leisure=park,2.9924937,101.7577261,18.55,hospital_radius,ALPS Medical Centre,Wilayah Persekutuan
way/1027717781,Taman Rekreasi Sungai Chua,Park / Green Space,leisure=park,2.9941433,101.7760891,18.91,hospital_radius,ALPS Medical Centre,Wilayah Persekutuan
way/1082125931,Taman Sahabat Rotary,Park / Green Space,leisure=park,2.9908794,101.7906079,19.81,hospital_radius,ALPS Medical Centre,Wilayah Persekutuan
way/1127759896,Hammocks By The River,Camp Site,tourism=camp_site,3.1211232,101.8268077,12.18,hospital_radius,ALPS Medical Centre,Wilayah Persekutuan
way/1137616006,Congkak Park and Resort,Nature Reserve,leisure=nature_reserve,3.2168224,101.8410408,14.8,hospital_radius,ALPS Medical Centre,Wilayah Persekutuan
way/1184917043,Farm Fresh @ UPM,General Attraction,tourism=attraction,2.9899417,101.7315886,18.45,hospital_radius,ALPS Medical Centre,Wilayah Persekutuan
way/1185606698,Aviary,Zoo / Wildlife Park,tourism=zoo,2.989464,101.7320352,18.5,hospital_radius,ALPS Medical Centre,Wilayah Persekutuan
way/1287315222,Taman Eko Rimba Gunung Nuang,Camp Site,tourism=camp_site,3.2168723,101.8832079,19.08,hospital_radius,ALPS Medical Centre,Wilayah Persekutuan
way/1388686620,Monkeys Splash Zone,Other (water_park),leisure=water_park,3.0480519,101.8486262,18.4,hospital_radius,ALPS Medical Centre,Wilayah Persekutuan
way/1443510292,Dino Desert,Theme Park,tourism=theme_park,3.0465885,101.854823,19.03,hospital_radius,ALPS Medical Centre,Wilayah Persekutuan
way/1537228087,Taman Cheras Prima,Park / Green Space,leisure=park,3.0122825,101.7638931,16.58,hospital_radius,ALPS Medical Centre,Wilayah Persekutuan
way/1554582630,parking,Park / Green Space,leisure=park,3.0076863,101.7710172,17.3,hospital_radius,ALPS Medical Centre,Wilayah Persekutuan
way/1554582727,parking,Park / Green Space,leisure=park,3.007587,101.7710524,17.31,hospital_radius,ALPS Medical Centre,Wilayah Persekutuan
node/10200280924,Bukit Repin,Mountain / Peak,natural=peak,3.2813628,101.852458,19.73,hospital_radius,ALTY Orthopaedic Hospital,Wilayah Persekutuan
node/1924458246,Kem Lolo,Camp Site,tourism=camp_site,3.2347895,101.9018257,18.62,hospital_radius,Ampang Puteri Specialist Hospital,Selangor
node/4973496060,Gunung Lentang Legong,Mountain / Peak,natural=peak,3.2706224,101.8684244,17.86,hospital_radius,Ampang Puteri Specialist Hospital,Selangor
node/11304525639,Bukit Naning,Mountain / Peak,natural=peak,3.0599004,101.8933722,19.28,hospital_radius,Ampang Puteri Specialist Hospital,Selangor
node/11944159958,Bukit Gobang,Mountain / Peak,natural=peak,3.0653958,101.8898463,18.61,hospital_radius,Ampang Puteri Specialist Hospital,Selangor
way/427769328,BMC Section 9 Park 2,Park / Green Space,leisure=park,3.056542,101.7885684,12.22,hospital_radius,Ampang Puteri Specialist Hospital,Selangor
way/751764460,Taman Berjaya Park,Park / Green Space,leisure=park,2.9820759,101.7817616,20.08,hospital_radius,Ampang Puteri Specialist Hospital,Selangor
way/755063730,Taman Bukit Cantik,Park / Green Space,leisure=park,2.9909344,101.8026162,19.64,hospital_radius,Ampang Puteri Specialist Hospital,Selangor
node/4782251523,Kota Raja Mahadi,General Attraction,tourism=attraction,3.0450501,101.4450828,15.43,hospital_radius,Ara Damansara Medical Centre,Selangor
node/7171078376,Prince Prima Imperial Park,Park / Green Space,leisure=park,2.9689642,101.5896656,16.46,hospital_radius,Ara Damansara Medical Centre,Selangor
node/7171078377,Prince Prima IV Park,Park / Green Space,leisure=park,2.9700755,101.5902691,16.35,hospital_radius,Ara Damansara Medical Centre,Selangor
node/7743388635,Taman Pengkalan Hampar,General Attraction,tourism=attraction,3.0459925,101.4479389,15.1,hospital_radius,Ara Damansara Medical Centre,Selangor
node/9159463046,Little India,General Attraction,tourism=attraction,3.040365,101.4470032,15.52,hospital_radius,Ara Damansara Medical Centre,Selangor
node/11212153251,Klang Art Street (Safari Jejak Warisan),Public Art,tourism=artwork,3.0415773,101.4482468,15.33,hospital_radius,Ara Damansara Medical Centre,Selangor
node/11956141916,Bukit Air Hitam,Mountain / Peak,natural=peak,2.9757972,101.6181412,16.55,hospital_radius,Ara Damansara Medical Centre,Selangor
node/11960985100,Bukit Lipat Kajang,Mountain / Peak,natural=peak,3.0247514,101.4458931,16.61,hospital_radius,Ara Damansara Medical Centre,Selangor
node/12805235009,16 Sierra Lookout Point,Viewpoint / Scenic Spot,tourism=viewpoint,2.9677868,101.6553872,19.19,hospital_radius,Ara Damansara Medical Centre,Selangor
node/13484498887,Kong Zi,Public Art,tourism=artwork,3.0116262,101.4203064,19.76,hospital_radius,Ara Damansara Medical Centre,Selangor
way/366071845,Galeri Diraja Sultan Abdul Aziz,Art Gallery,tourism=gallery,3.0412722,101.4492406,15.25,hospital_radius,Ara Damansara Medical Centre,Selangor
way/366072472,Taman Bandar Diraja Klang,Park / Green Space,leisure=park,3.036429,101.4458943,15.86,hospital_radius,Ara Damansara Medical Centre,Selangor
way/395486153,Bandar Puteri Klang Lake Garden,Park / Green Space,leisure=park,2.994803,101.4663259,17.29,hospital_radius,Ara Damansara Medical Centre,Selangor
way/420046203,The Club @ Rimbayu,Park / Green Space,leisure=park,2.9405954,101.5464014,19.5,hospital_radius,Ara Damansara Medical Centre,Selangor
way/486477247,Taman Rakyat,Park / Green Space,leisure=park,3.0210918,101.4479693,16.68,hospital_radius,Ara Damansara Medical Centre,Selangor
way/552250204,Kota Perdana 4/5 Park,Park / Green Space,leisure=park,2.9853715,101.6621083,17.98,hospital_radius,Ara Damansara Medical Centre,Selangor
way/552417035,Kota Perdana 4/3 Park,Park / Green Space,leisure=park,2.9844672,101.6615795,18.03,hospital_radius,Ara Damansara Medical Centre,Selangor
way/555874957,Putra Prima Playground,Park / Green Space,leisure=park,2.9738958,101.5916512,15.96,hospital_radius,Ara Damansara Medical Centre,Selangor
way/555889691,PP3 Playground,Park / Green Space,leisure=park,2.9744899,101.5845932,15.76,hospital_radius,Ara Damansara Medical Centre,Selangor
way/628199862,EcoWorld Eco Sanctuary Recreational Park,Park / Green Space,leisure=park,2.9433787,101.5362708,19.34,hospital_radius,Ara Damansara Medical Centre,Selangor
way/628260885,EcoWorld Gallery @ Eco Sanctuary,Park / Green Space,leisure=park,2.9456751,101.5412127,19.01,hospital_radius,Ara Damansara Medical Centre,Selangor
way/629359302,EcoWorld Eco Sanctuary Recreational Park,Park / Green Space,leisure=park,2.9478419,101.544427,18.72,hospital_radius,Ara Damansara Medical Centre,Selangor
way/632242966,Central Park,Park / Green Space,leisure=park,2.9367521,101.5467075,19.92,hospital_radius,Ara Damansara Medical Centre,Selangor
way/638183992,Farm in the City,Zoo / Wildlife Park,tourism=zoo,2.979969,101.6601831,18.35,hospital_radius,Ara Damansara Medical Centre,Selangor
way/682800399,Padang Rakyat,Park / Green Space,leisure=park,2.972369,101.5182174,16.69,hospital_radius,Ara Damansara Medical Centre,Selangor
way/696719621,Botanik Walk Park,Park / Green Space,leisure=park,2.9885175,101.4366859,20.02,hospital_radius,Ara Damansara Medical Centre,Selangor
way/724561372,Hutan Rizab Kuala Langat Utara,Other (wood),natural=wood,2.915766,101.5985888,22.45,hospital_radius,Ara Damansara Medical Centre,Selangor
way/768016507,Prince Prima 4 Park,Park / Green Space,leisure=park,2.9701819,101.59053,16.34,hospital_radius,Ara Damansara Medical Centre,Selangor
way/793248754,"Central Park, 16 Sierra",Park / Green Space,leisure=park,2.9694579,101.6520315,18.83,hospital_radius,Ara Damansara Medical Centre,Selangor
way/925779791,Gedung Raja Abdullah,Memorial,historic=memorial,3.0434672,101.4475585,15.28,hospital_radius,Ara Damansara Medical Centre,Selangor
way/930465932,班厝 Rumah Papan Pandamaran,Museum,tourism=museum,3.0113441,101.4181535,19.98,hospital_radius,Ara Damansara Medical Centre,Selangor
way/936146254,Dataran Klang,Park / Green Space,leisure=park,3.0431412,101.4453629,15.51,hospital_radius,Ara Damansara Medical Centre,Selangor
way/1009698133,Taman Pengkalan Batu,Park / Green Space,leisure=park,3.0469632,101.4435783,15.47,hospital_radius,Ara Damansara Medical Centre,Selangor
way/1245757063,Lake Park @ Gravit8,Park / Green Space,leisure=park,2.9819854,101.4432102,20.04,hospital_radius,Ara Damansara Medical Centre,Selangor
way/1262764140,The Tribe Glamping,Camp Site,tourism=camp_site,2.9693841,101.6540818,18.96,hospital_radius,Ara Damansara Medical Centre,Selangor
way/1295481333,Takraw Court,Park / Green Space,leisure=park,3.0448574,101.4376721,16.16,hospital_radius,Ara Damansara Medical Centre,Selangor
way/1295482561,"Kids P,layground",Park / Green Space,leisure=park,3.0438105,101.4363058,16.34,hospital_radius,Ara Damansara Medical Centre,Selangor
way/1409201429,Padang Rakyat,Park / Green Space,leisure=park,2.9726482,101.5179098,16.67,hospital_radius,Ara Damansara Medical Centre,Selangor
way/1409201430,Padang Rakyat,Park / Green Space,leisure=park,2.9726551,101.5185121,16.65,hospital_radius,Ara Damansara Medical Centre,Selangor
way/1484016648,Taman BSP Avenue,Park / Green Space,leisure=park,2.9362003,101.5787008,19.93,hospital_radius,Ara Damansara Medical Centre,Selangor
way/1485670717,Taman SP 1,Park / Green Space,leisure=park,2.9538268,101.5790228,17.98,hospital_radius,Ara Damansara Medical Centre,Selangor
way/1549658250,Palm Terrace,Viewpoint / Scenic Spot,tourism=viewpoint,3.0180501,101.5035834,12.76,hospital_radius,Ara Damansara Medical Centre,Selangor
way/1549658258,Yatch Plaza,Viewpoint / Scenic Spot,tourism=viewpoint,3.0171579,101.5049038,12.76,hospital_radius,Ara Damansara Medical Centre,Selangor
way/1549658266,Tree Sculpture Terrace,Viewpoint / Scenic Spot,tourism=viewpoint,3.0171107,101.503618,12.84,hospital_radius,Ara Damansara Medical Centre,Selangor
node/149979816,Textile Walk,General Attraction,tourism=attraction,2.8542744,101.8031467,5.78,hospital_radius,Aurelius Hospital Negeri Sembilan,Negeri Sembilan
node/1717533386,Bukit Tunggul,Mountain / Peak,natural=peak,2.8732905,101.7485283,7.36,hospital_radius,Aurelius Hospital Negeri Sembilan,Negeri Sembilan
node/4664696575,Paya Indah Wetlands,General Attraction,tourism=attraction,2.8598044,101.6318767,16.57,hospital_radius,Aurelius Hospital Negeri Sembilan,Negeri Sembilan
node/4908339908,Mercu Tanda Putrajaya,Monument,historic=monument,2.9408331,101.6975863,16.62,hospital_radius,Aurelius Hospital Negeri Sembilan,Negeri Sembilan
node/5264169557,陈嘉庚纪念碑,Memorial,historic=memorial,2.8298328,101.703986,7.94,hospital_radius,Aurelius Hospital Negeri Sembilan,Negeri Sembilan
node/5382083875,Nature Interpretive Centre,General Attraction,tourism=attraction,2.9601773,101.6945814,18.66,hospital_radius,Aurelius Hospital Negeri Sembilan,Negeri Sembilan
node/5674016921,Commonwealth Games 1998 Statue,Monument,historic=monument,2.8334097,101.6612479,12.66,hospital_radius,Aurelius Hospital Negeri Sembilan,Negeri Sembilan
node/5737944780,Labu Giant Pumpkin,Public Art,tourism=artwork,2.7529559,101.8218215,8.49,hospital_radius,Aurelius Hospital Negeri Sembilan,Negeri Sembilan
node/5747310444,Garaj Eco,Park / Green Space,leisure=park,2.9400043,101.8531303,16.8,hospital_radius,Aurelius Hospital Negeri Sembilan,Negeri Sembilan
node/6033339095,Mosquito Hill,Mountain / Peak,natural=peak,2.8183243,101.7669415,1.0,hospital_radius,Aurelius Hospital Negeri Sembilan,Negeri Sembilan
node/6033339138,Monkey Hill,Mountain / Peak,natural=peak,2.8188178,101.7671101,1.03,hospital_radius,Aurelius Hospital Negeri Sembilan,Negeri Sembilan
node/6033339160,Centipede Hill,Viewpoint / Scenic Spot,tourism=viewpoint,2.8166047,101.7664731,0.91,hospital_radius,Aurelius Hospital Negeri Sembilan,Negeri Sembilan
node/6033339174,Cobra Hill,Mountain / Peak,natural=peak,2.8213662,101.7669415,1.27,hospital_radius,Aurelius Hospital Negeri Sembilan,Negeri Sembilan
node/6043458016,Eagle Hill,Mountain / Peak,natural=peak,2.8140682,101.7667523,0.75,hospital_radius,Aurelius Hospital Negeri Sembilan,Negeri Sembilan
node/6251070251,UNMC Lakepark,Park / Green Space,leisure=park,2.9443333,101.8750456,18.58,hospital_radius,Aurelius Hospital Negeri Sembilan,Negeri Sembilan
node/7217701553,Taman Persahabatan China-Malaysia,Park / Green Space,leisure=park,2.9124037,101.6776207,15.41,hospital_radius,Aurelius Hospital Negeri Sembilan,Negeri Sembilan
node/7450507810,Bukit Tampoi,Mountain / Peak,natural=peak,2.8464586,101.6723527,11.84,hospital_radius,Aurelius Hospital Negeri Sembilan,Negeri Sembilan
node/8005361827,Presint 8 Skateboard Park,Park / Green Space,leisure=park,2.9393217,101.6828718,17.36,hospital_radius,Aurelius Hospital Negeri Sembilan,Negeri Sembilan
node/9193125074,Taman Rimba Alam,Park / Green Space,leisure=park,2.9369307,101.7210796,15.07,hospital_radius,Aurelius Hospital Negeri Sembilan,Negeri Sembilan
node/9424385854,Bukit Kepayang,Mountain / Peak,natural=peak,2.7123881,101.9054339,18.39,hospital_radius,Aurelius Hospital Negeri Sembilan,Negeri Sembilan
node/9612424450,Bukit Galla,Mountain / Peak,natural=peak,2.7846804,101.8468682,8.73,hospital_radius,Aurelius Hospital Negeri Sembilan,Negeri Sembilan
node/9773359468,Kinetic Tea Leaves Sculpture,Public Art,tourism=artwork,2.8467118,101.6976553,9.24,hospital_radius,Aurelius Hospital Negeri Sembilan,Negeri Sembilan
node/9773359470,#Serenia City Picture Spot With Frame of Serenia,Public Art,tourism=artwork,2.8462131,101.697564,9.22,hospital_radius,Aurelius Hospital Negeri Sembilan,Negeri Sembilan
node/9971421055,Fern Garden,General Attraction,tourism=attraction,2.8877648,101.8534577,12.28,hospital_radius,Aurelius Hospital Negeri Sembilan,Negeri Sembilan
node/9971421107,Butterfly Lawn,General Attraction,tourism=attraction,2.8898049,101.8531643,12.42,hospital_radius,Aurelius Hospital Negeri Sembilan,Negeri Sembilan
node/9971421194,Low Flying Fox,General Attraction,tourism=attraction,2.8904706,101.8534874,12.5,hospital_radius,Aurelius Hospital Negeri Sembilan,Negeri Sembilan
node/9971421317,Bukit Tempurung Peak,General Attraction,tourism=attraction,2.8893462,101.8542933,12.47,hospital_radius,Aurelius Hospital Negeri Sembilan,Negeri Sembilan
node/10127495297,Muzium Automobil Nasional,Museum,tourism=museum,2.7593191,101.7316862,7.43,hospital_radius,Aurelius Hospital Negeri Sembilan,Negeri Sembilan
node/10223887827,Taman Paku Pakis,Park / Green Space,leisure=park,2.9213978,101.7827405,12.23,hospital_radius,Aurelius Hospital Negeri Sembilan,Negeri Sembilan
node/10223887872,Hutan Pendidikan Alam,Park / Green Space,leisure=park,2.9122827,101.7884053,11.3,hospital_radius,Aurelius Hospital Negeri Sembilan,Negeri Sembilan
node/10269610245,District 21,Theme Park,tourism=theme_park,2.9696329,101.7145605,18.72,hospital_radius,Aurelius Hospital Negeri Sembilan,Negeri Sembilan
node/10269610249,IOI City Farm,Zoo / Wildlife Park,tourism=zoo,2.9697238,101.714494,18.73,hospital_radius,Aurelius Hospital Negeri Sembilan,Negeri Sembilan
node/11013150318,Mural Art @ BBST Walk,General Attraction,tourism=attraction,2.811619,101.7378031,3.92,hospital_radius,Aurelius Hospital Negeri Sembilan,Negeri Sembilan
node/11025809773,Anjung Spotter,Viewpoint / Scenic Spot,tourism=viewpoint,2.7163738,101.7120015,12.6,hospital_radius,Aurelius Hospital Negeri Sembilan,Negeri Sembilan
node/11107949353,pitaya,Public Art,tourism=artwork,2.6428559,101.7167473,19.8,hospital_radius,Aurelius Hospital Negeri Sembilan,Negeri Sembilan
node/11156190990,Rainbow umbrella,Public Art,tourism=artwork,2.8116198,101.7379225,3.91,hospital_radius,Aurelius Hospital Negeri Sembilan,Negeri Sembilan
node/11156190991,Budaya Malaysia,Public Art,tourism=artwork,2.8115945,101.7378632,3.92,hospital_radius,Aurelius Hospital Negeri Sembilan,Negeri Sembilan
node/11156190992,Kolaborasi Bersama OIB,Public Art,tourism=artwork,2.8114991,101.7378373,3.92,hospital_radius,Aurelius Hospital Negeri Sembilan,Negeri Sembilan
node/11156190993,The Eyes' of the World,Public Art,tourism=artwork,2.8117294,101.737838,3.92,hospital_radius,Aurelius Hospital Negeri Sembilan,Negeri Sembilan
node/11156190994,Angin Senja,Public Art,tourism=artwork,2.8115003,101.7377839,3.93,hospital_radius,Aurelius Hospital Negeri Sembilan,Negeri Sembilan
node/11156190995,Jom ke Sepang - Atan,Public Art,tourism=artwork,2.8115978,101.7383593,3.86,hospital_radius,Aurelius Hospital Negeri Sembilan,Negeri Sembilan
node/11156190996,Warung Pak Aji,Public Art,tourism=artwork,2.8116457,101.7373156,3.98,hospital_radius,Aurelius Hospital Negeri Sembilan,Negeri Sembilan
node/11156190997,Menyusuri Sungai Sepang Besar,Public Art,tourism=artwork,2.8117291,101.7377805,3.93,hospital_radius,Aurelius Hospital Negeri Sembilan,Negeri Sembilan
node/11156190998,SDGs,Public Art,tourism=artwork,2.8116464,101.7378621,3.92,hospital_radius,Aurelius Hospital Negeri Sembilan,Negeri Sembilan
node/11186425944,Bukit Kristal,Mountain / Peak,natural=peak,2.7573255,101.9015206,15.49,hospital_radius,Aurelius Hospital Negeri Sembilan,Negeri Sembilan
node/11186425946,Bukit Nibong,Mountain / Peak,natural=peak,2.8131608,101.8444204,7.92,hospital_radius,Aurelius Hospital Negeri Sembilan,Negeri Sembilan
node/11186992673,Batu Anjung,Viewpoint / Scenic Spot,tourism=viewpoint,2.8187384,101.8350863,6.92,hospital_radius,Aurelius Hospital Negeri Sembilan,Negeri Sembilan
node/11189950092,Bukit Kawan,Mountain / Peak,natural=peak,2.7932021,101.9346203,18.05,hospital_radius,Aurelius Hospital Negeri Sembilan,Negeri Sembilan
node/11189951579,Bukit Simpang,Mountain / Peak,natural=peak,2.7828635,101.9230107,16.95,hospital_radius,Aurelius Hospital Negeri Sembilan,Negeri Sembilan
node/11189952028,Bukit Puyoh,Mountain / Peak,natural=peak,2.8146998,101.9361996,18.11,hospital_radius,Aurelius Hospital Negeri Sembilan,Negeri Sembilan
node/11190350043,Bukit Temiang,Mountain / Peak,natural=peak,2.7849718,101.9309053,17.78,hospital_radius,Aurelius Hospital Negeri Sembilan,Negeri Sembilan
node/11190350044,Bukit Gangis,Mountain / Peak,natural=peak,2.7872128,101.9258492,17.18,hospital_radius,Aurelius Hospital Negeri Sembilan,Negeri Sembilan
node/11190392135,Bukit Kelulut,Mountain / Peak,natural=peak,2.7790301,101.9290119,17.69,hospital_radius,Aurelius Hospital Negeri Sembilan,Negeri Sembilan
node/11193668661,Bukit Patahati,Mountain / Peak,natural=peak,2.7634325,101.8878866,13.83,hospital_radius,Aurelius Hospital Negeri Sembilan,Negeri Sembilan
node/11195055165,Bukit Mutiara,Mountain / Peak,natural=peak,2.7697177,101.9239533,17.39,hospital_radius,Aurelius Hospital Negeri Sembilan,Negeri Sembilan
node/11197668711,Bicycle,Public Art,tourism=artwork,2.7116091,101.9062098,18.51,hospital_radius,Aurelius Hospital Negeri Sembilan,Negeri Sembilan
node/11197668729,Kepayang Bypass Viewpoint,Viewpoint / Scenic Spot,tourism=viewpoint,2.7132548,101.8995197,17.81,hospital_radius,Aurelius Hospital Negeri Sembilan,Negeri Sembilan
node/11202324848,Bukit Bal,Mountain / Peak,natural=peak,2.719849,101.8712541,14.94,hospital_radius,Aurelius Hospital Negeri Sembilan,Negeri Sembilan
node/11204460461,Green Lake View,Viewpoint / Scenic Spot,tourism=viewpoint,2.7180954,101.8812934,15.9,hospital_radius,Aurelius Hospital Negeri Sembilan,Negeri Sembilan
node/11644080769,Anti Corruption Excelence Award Status,Monument,historic=monument,2.9358883,101.6922228,16.46,hospital_radius,Aurelius Hospital Negeri Sembilan,Negeri Sembilan
node/11868066071,Bukit Sudu,Mountain / Peak,natural=peak,2.7737317,101.9464011,19.7,hospital_radius,Aurelius Hospital Negeri Sembilan,Negeri Sembilan
node/11873244998,Bukit Siamang,Mountain / Peak,natural=peak,2.6496311,101.8299448,19.11,hospital_radius,Aurelius Hospital Negeri Sembilan,Negeri Sembilan
node/12084996208,Aza Aquarium,Aquarium,tourism=aquarium,2.8190898,101.6923268,9.01,hospital_radius,Aurelius Hospital Negeri Sembilan,Negeri Sembilan
node/12504015169,Bukit Menuang,Mountain / Peak,natural=peak,2.784371,101.833685,7.39,hospital_radius,Aurelius Hospital Negeri Sembilan,Negeri Sembilan
node/12533671401,Flamingos here,General Attraction,tourism=attraction,2.9576438,101.6975524,18.26,hospital_radius,Aurelius Hospital Negeri Sembilan,Negeri Sembilan
node/12573684571,Peak 527,Mountain / Peak,natural=peak,2.838253,101.731647,5.47,hospital_radius,Aurelius Hospital Negeri Sembilan,Negeri Sembilan
node/12606047745,Bukit Bioh,Mountain / Peak,natural=peak,2.823754,101.916753,16.01,hospital_radius,Aurelius Hospital Negeri Sembilan,Negeri Sembilan
node/12606084840,Bukit Bioh,Mountain / Peak,natural=peak,2.823754,101.916753,16.01,hospital_radius,Aurelius Hospital Negeri Sembilan,Negeri Sembilan
node/12615192433,Bukit Penda,Mountain / Peak,natural=peak,2.780034,101.898089,14.32,hospital_radius,Aurelius Hospital Negeri Sembilan,Negeri Sembilan
node/12920404168,Pesona Seremban,Public Art,tourism=artwork,2.7238135,101.9277084,19.76,hospital_radius,Aurelius Hospital Negeri Sembilan,Negeri Sembilan
node/13153132853,MALAYSIA MADANI sign,General Attraction,tourism=attraction,2.935664,101.6913054,16.5,hospital_radius,Aurelius Hospital Negeri Sembilan,Negeri Sembilan
node/13378194605,Astaka Morocco,General Attraction,tourism=attraction,2.9430056,101.6931104,17.08,hospital_radius,Aurelius Hospital Negeri Sembilan,Negeri Sembilan
node/13472560242,森美兰华人文史馆,Museum,tourism=museum,2.7277162,101.9263274,19.42,hospital_radius,Aurelius Hospital Negeri Sembilan,Negeri Sembilan
node/13484240925,Pusat Rekreasi Dataran Tasik Impian,General Attraction,tourism=attraction,2.895233,101.7605325,9.38,hospital_radius,Aurelius Hospital Negeri Sembilan,Negeri Sembilan
node/13516114034,九一烈士纪念碑,Monument,historic=monument,2.8548068,101.790503,5.16,hospital_radius,Aurelius Hospital Negeri Sembilan,Negeri Sembilan
node/13680859875,Mozu Peak II,Mountain / Peak,natural=peak,2.8773084,101.7571244,7.5,hospital_radius,Aurelius Hospital Negeri Sembilan,Negeri Sembilan
node/13680859876,Bukit Ijat,Mountain / Peak,natural=peak,2.879948,101.7540339,7.87,hospital_radius,Aurelius Hospital Negeri Sembilan,Negeri Sembilan
way/23882870,Taman Wetland Putrajaya,Park / Green Space,leisure=park,2.9638193,101.6952868,18.98,hospital_radius,Aurelius Hospital Negeri Sembilan,Negeri Sembilan
way/29325678,Taman Rekreasi Presint 9,Park / Green Space,leisure=park,2.9393027,101.6727116,18.04,hospital_radius,Aurelius Hospital Negeri Sembilan,Negeri Sembilan
way/133751215,Taman Tasik Cyberjaya,Park / Green Space,leisure=park,2.9379117,101.6426302,20.17,hospital_radius,Aurelius Hospital Negeri Sembilan,Negeri Sembilan
way/233261448,UNM Arboretum,Park / Green Space,leisure=park,2.9430148,101.8744554,18.42,hospital_radius,Aurelius Hospital Negeri Sembilan,Negeri Sembilan
way/295176658,Obama Oval,Park / Green Space,leisure=park,2.9093182,101.6554882,16.98,hospital_radius,Aurelius Hospital Negeri Sembilan,Negeri Sembilan
way/303270075,Cyberjaya Mini Park,Park / Green Space,leisure=park,2.9228022,101.6493774,18.47,hospital_radius,Aurelius Hospital Negeri Sembilan,Negeri Sembilan
way/323392836,Rimba,General Attraction,tourism=attraction,2.7479849,101.7136047,9.7,hospital_radius,Aurelius Hospital Negeri Sembilan,Negeri Sembilan
way/445308595,Taman Awam Nilai,Park / Green Space,leisure=park,2.8071999,101.7784559,0.78,hospital_radius,Aurelius Hospital Negeri Sembilan,Negeri Sembilan
way/461807577,Taman Tasik Cempaka,Park / Green Space,leisure=park,2.9595079,101.7585538,16.5,hospital_radius,Aurelius Hospital Negeri Sembilan,Negeri Sembilan
way/467062755,Taman Putra Perdana,Park / Green Space,leisure=park,2.9419607,101.6987104,16.67,hospital_radius,Aurelius Hospital Negeri Sembilan,Negeri Sembilan
way/467062756,Taman Botani Putrajaya,Park / Green Space,leisure=park,2.9464292,101.6967754,17.2,hospital_radius,Aurelius Hospital Negeri Sembilan,Negeri Sembilan
way/467064376,Playground BSP 2,Park / Green Space,leisure=park,2.8834882,101.784911,8.08,hospital_radius,Aurelius Hospital Negeri Sembilan,Negeri Sembilan
way/467064377,Playground BSP 8,Park / Green Space,leisure=park,2.8862648,101.7746751,8.28,hospital_radius,Aurelius Hospital Negeri Sembilan,Negeri Sembilan
way/467064378,Playground BSP 3,Park / Green Space,leisure=park,2.8868587,101.7791896,8.37,hospital_radius,Aurelius Hospital Negeri Sembilan,Negeri Sembilan
way/467064383,Seri Putra Walk,Park / Green Space,leisure=park,2.8845345,101.7906017,8.32,hospital_radius,Aurelius Hospital Negeri Sembilan,Negeri Sembilan
way/468225754,Taman Permainan TAE,Park / Green Space,leisure=park,2.9693978,101.8198457,18.27,hospital_radius,Aurelius Hospital Negeri Sembilan,Negeri Sembilan
way/468687414,3/5 Park,Park / Green Space,leisure=park,2.9485826,101.7776893,15.22,hospital_radius,Aurelius Hospital Negeri Sembilan,Negeri Sembilan
way/471345764,Taman Saujana Hijau,Park / Green Space,leisure=park,2.9619705,101.6746873,19.96,hospital_radius,Aurelius Hospital Negeri Sembilan,Negeri Sembilan
way/476549170,Semenyih Lake Country Club,Park / Green Space,leisure=park,2.9480329,101.8612294,18.03,hospital_radius,Aurelius Hospital Negeri Sembilan,Negeri Sembilan
way/486754479,Taman Cabaran,Park / Green Space,leisure=park,2.8863789,101.6687132,14.26,hospital_radius,Aurelius Hospital Negeri Sembilan,Negeri Sembilan
way/487090897,Taman Permainan Apartment Merpati,Park / Green Space,leisure=park,2.960315,101.748671,16.73,hospital_radius,Aurelius Hospital Negeri Sembilan,Negeri Sembilan
way/499539639,Taman Wawasan,Park / Green Space,leisure=park,2.9274322,101.6931599,15.63,hospital_radius,Aurelius Hospital Negeri Sembilan,Negeri Sembilan
way/499568034,Taman Pancarona,Park / Green Space,leisure=park,2.9151261,101.6886727,14.83,hospital_radius,Aurelius Hospital Negeri Sembilan,Negeri Sembilan
way/510043562,Blue Chair,Park / Green Space,leisure=park,2.9519901,101.7224499,16.57,hospital_radius,Aurelius Hospital Negeri Sembilan,Negeri Sembilan
way/510043572,P15 Park,Park / Green Space,leisure=park,2.9424063,101.7249849,15.47,hospital_radius,Aurelius Hospital Negeri Sembilan,Negeri Sembilan
way/544668771,Setia Ecohill Park,Park / Green Space,leisure=park,2.923335,101.8426291,14.61,hospital_radius,Aurelius Hospital Negeri Sembilan,Negeri Sembilan
way/544674361,Taman Seri Empangan,Park / Green Space,leisure=park,2.8974004,101.6795259,14.09,hospital_radius,Aurelius Hospital Negeri Sembilan,Negeri Sembilan
way/544674365,Taman Seri Empangan,Park / Green Space,leisure=park,2.8992077,101.6783688,14.32,hospital_radius,Aurelius Hospital Negeri Sembilan,Negeri Sembilan
way/544934899,Bangi Wonderland Water Park,Other (water_park),leisure=water_park,2.9047322,101.7903757,10.51,hospital_radius,Aurelius Hospital Negeri Sembilan,Negeri Sembilan
way/554591810,Bukit Mewah Phase 9 & 10 Mini Park,Park / Green Space,leisure=park,2.9752076,101.8088277,18.6,hospital_radius,Aurelius Hospital Negeri Sembilan,Negeri Sembilan
way/555154808,Presint 18 Playground,Park / Green Space,leisure=park,2.9231998,101.6979144,14.94,hospital_radius,Aurelius Hospital Negeri Sembilan,Negeri Sembilan
way/555249278,Mini Park Fasa 9,Park / Green Space,leisure=park,2.9725823,101.8112861,18.37,hospital_radius,Aurelius Hospital Negeri Sembilan,Negeri Sembilan
way/555250279,Kajang 2 Recreation Park,Park / Green Space,leisure=park,2.9650929,101.7993137,17.29,hospital_radius,Aurelius Hospital Negeri Sembilan,Negeri Sembilan
way/558946268,ELC Herbs Garden,Park / Green Space,leisure=park,2.9386871,101.7945016,14.31,hospital_radius,Aurelius Hospital Negeri Sembilan,Negeri Sembilan
way/569030777,Kajang Utama Mini Park,Park / Green Space,leisure=park,2.9732405,101.7997138,18.19,hospital_radius,Aurelius Hospital Negeri Sembilan,Negeri Sembilan
way/604822903,Taman Labu Indah,Park / Green Space,leisure=park,2.7528892,101.8249615,8.72,hospital_radius,Aurelius Hospital Negeri Sembilan,Negeri Sembilan
way/608790899,Skyrides Putrajaya,Park / Green Space,leisure=park,2.9244224,101.6833543,16.01,hospital_radius,Aurelius Hospital Negeri Sembilan,Negeri Sembilan
way/612807205,MesaMall Play Area,Park / Green Space,leisure=park,2.8244017,101.7778071,1.49,hospital_radius,Aurelius Hospital Negeri Sembilan,Negeri Sembilan
way/628504781,Vet Fruit Park,Park / Green Space,leisure=park,2.9755323,101.7099405,19.51,hospital_radius,Aurelius Hospital Negeri Sembilan,Negeri Sembilan
way/653475043,Bukit Galena Lake & Green Park,Park / Green Space,leisure=park,2.7299029,101.9095813,17.68,hospital_radius,Aurelius Hospital Negeri Sembilan,Negeri Sembilan
way/659569593,Park Flat Jln Tun Dr. Ismail,Park / Green Space,leisure=park,2.7343716,101.9335538,19.79,hospital_radius,Aurelius Hospital Negeri Sembilan,Negeri Sembilan
way/662591408,UNM Lake Park,Park / Green Space,leisure=park,2.9443804,101.8742558,18.53,hospital_radius,Aurelius Hospital Negeri Sembilan,Negeri Sembilan
way/671948468,Taman Tasik Ujana Nilai Impian,Park / Green Space,leisure=park,2.8391071,101.8110339,5.19,hospital_radius,Aurelius Hospital Negeri Sembilan,Negeri Sembilan
way/682799044,Kem PLKN Princess Haliza,Camp Site,tourism=camp_site,2.6752061,101.6727264,18.84,hospital_radius,Aurelius Hospital Negeri Sembilan,Negeri Sembilan
way/698414993,Taman Permainan Desa Jati,Park / Green Space,leisure=park,2.8351337,101.7884675,3.1,hospital_radius,Aurelius Hospital Negeri Sembilan,Negeri Sembilan
way/700245792,Taman Desa Cempaka,Park / Green Space,leisure=park,2.8008568,101.7679507,1.35,hospital_radius,Aurelius Hospital Negeri Sembilan,Negeri Sembilan
way/700246007,Taman Tasik Teratai,Park / Green Space,leisure=park,2.8109246,101.7461737,3.0,hospital_radius,Aurelius Hospital Negeri Sembilan,Negeri Sembilan
way/700246543,Skate Park Bandar Baru Salak Tinggi,Park / Green Space,leisure=park,2.8119365,101.7395901,3.73,hospital_radius,Aurelius Hospital Negeri Sembilan,Negeri Sembilan
way/700246866,Taman Permainan Desa Bestari Jalan 11,Park / Green Space,leisure=park,2.8014691,101.7536615,2.45,hospital_radius,Aurelius Hospital Negeri Sembilan,Negeri Sembilan
way/700247007,Taman Permainan Desa Bestari Jalan 3,Park / Green Space,leisure=park,2.8007103,101.7531206,2.54,hospital_radius,Aurelius Hospital Negeri Sembilan,Negeri Sembilan
way/700616382,Taman Permainan Desa Casuarina,Park / Green Space,leisure=park,2.8291442,101.7665974,2.06,hospital_radius,Aurelius Hospital Negeri Sembilan,Negeri Sembilan
way/700775875,Asa Jaya Park,Park / Green Space,leisure=park,2.9854301,101.8169855,19.91,hospital_radius,Aurelius Hospital Negeri Sembilan,Negeri Sembilan
way/719123520,The Garden @ Taman Semenyih Mewah Fasa 4,Park / Green Space,leisure=park,2.9503848,101.8238991,16.41,hospital_radius,Aurelius Hospital Negeri Sembilan,Negeri Sembilan
way/745717906,Taman Permainan Taman Desa Anggerik,Park / Green Space,leisure=park,2.834822,101.7840346,2.83,hospital_radius,Aurelius Hospital Negeri Sembilan,Negeri Sembilan
way/745723199,Urban Park with Greek Architecture,Park / Green Space,leisure=park,2.8264869,101.8068643,4.09,hospital_radius,Aurelius Hospital Negeri Sembilan,Negeri Sembilan
way/745723200,Taman Tasik Nilai Impian,Park / Green Space,leisure=park,2.8407312,101.8030581,4.62,hospital_radius,Aurelius Hospital Negeri Sembilan,Negeri Sembilan
way/745731916,Bakawali D/5 Recreation Ground,Park / Green Space,leisure=park,2.7834004,101.7809841,3.28,hospital_radius,Aurelius Hospital Negeri Sembilan,Negeri Sembilan
way/745731917,Bakawali C/8 Recreation Ground,Park / Green Space,leisure=park,2.7826439,101.7793432,3.32,hospital_radius,Aurelius Hospital Negeri Sembilan,Negeri Sembilan
way/745738926,taman desa bestari,Park / Green Space,leisure=park,2.8028584,101.7511734,2.63,hospital_radius,Aurelius Hospital Negeri Sembilan,Negeri Sembilan
way/753702415,Tasik Kolej Kediaman 1,Park / Green Space,leisure=park,2.84721,101.7819154,4.05,hospital_radius,Aurelius Hospital Negeri Sembilan,Negeri Sembilan
way/753702723,Dataran Canselori,Park / Green Space,leisure=park,2.8439598,101.7826699,3.73,hospital_radius,Aurelius Hospital Negeri Sembilan,Negeri Sembilan
way/763961969,X Park,Park / Green Space,leisure=park,2.6772461,101.8647572,18.1,hospital_radius,Aurelius Hospital Negeri Sembilan,Negeri Sembilan
way/793403962,Aman North Park,Park / Green Space,leisure=park,2.8546268,101.7041444,9.02,hospital_radius,Aurelius Hospital Negeri Sembilan,Negeri Sembilan
way/793414312,Sunsuria City Celebration Centre,Park / Green Space,leisure=park,2.828157,101.7091622,7.33,hospital_radius,Aurelius Hospital Negeri Sembilan,Negeri Sembilan
way/823340996,Kawasan Rekreasi Kuaters Pejabat Daerah,Park / Green Space,leisure=park,2.8078537,101.7409523,3.6,hospital_radius,Aurelius Hospital Negeri Sembilan,Negeri Sembilan
way/823526889,Tiara Central Park,Park / Green Space,leisure=park,2.6996974,101.8195446,13.49,hospital_radius,Aurelius Hospital Negeri Sembilan,Negeri Sembilan
way/833788358,Taman Rekreasi Kuarters Pejabat Daerah,Park / Green Space,leisure=park,2.8078537,101.7409523,3.6,hospital_radius,Aurelius Hospital Negeri Sembilan,Negeri Sembilan
way/858755698,Apartment Taman Topaz Playground,Park / Green Space,leisure=park,2.8581509,101.6410734,15.54,hospital_radius,Aurelius Hospital Negeri Sembilan,Negeri Sembilan
way/858776877,Presint 8 Skateboard Park,Park / Green Space,leisure=park,2.9393063,101.6828905,17.36,hospital_radius,Aurelius Hospital Negeri Sembilan,Negeri Sembilan
way/863725514,Aik Ann Park,Park / Green Space,leisure=park,2.9592708,101.8414254,18.07,hospital_radius,Aurelius Hospital Negeri Sembilan,Negeri Sembilan
way/863725515,Hiew Piow Park,Park / Green Space,leisure=park,2.9588411,101.8431194,18.1,hospital_radius,Aurelius Hospital Negeri Sembilan,Negeri Sembilan
way/863725926,Taman Sahabat,Park / Green Space,leisure=park,2.9600187,101.8445349,18.29,hospital_radius,Aurelius Hospital Negeri Sembilan,Negeri Sembilan
way/888188151,Dataran Rakyat,Park / Green Space,leisure=park,2.9105273,101.6826932,14.88,hospital_radius,Aurelius Hospital Negeri Sembilan,Negeri Sembilan
way/900947396,Taman Haruman Wawasan,Park / Green Space,leisure=park,2.9272994,101.6870449,16.01,hospital_radius,Aurelius Hospital Negeri Sembilan,Negeri Sembilan
way/954213826,Tadom Hill Resorts,Camp Site,tourism=camp_site,2.8095821,101.6273011,16.2,hospital_radius,Aurelius Hospital Negeri Sembilan,Negeri Sembilan
way/971658064,Central Park,Park / Green Space,leisure=park,2.8877468,101.6146779,19.52,hospital_radius,Aurelius Hospital Negeri Sembilan,Negeri Sembilan
way/971658077,Discovery Park,Park / Green Space,leisure=park,2.884997,101.6168107,19.17,hospital_radius,Aurelius Hospital Negeri Sembilan,Negeri Sembilan
way/971898964,Central Park,Park / Green Space,leisure=park,2.8874854,101.6117419,19.8,hospital_radius,Aurelius Hospital Negeri Sembilan,Negeri Sembilan
way/971932952,SplashMania,Other (water_park),leisure=water_park,2.8902093,101.6169655,19.41,hospital_radius,Aurelius Hospital Negeri Sembilan,Negeri Sembilan
way/1000671430,Taman Megalit,Park / Green Space,leisure=park,2.942226,101.6976905,16.75,hospital_radius,Aurelius Hospital Negeri Sembilan,Negeri Sembilan
way/1005447840,Parking Lori,Park / Green Space,leisure=park,2.9546677,101.7533674,16.04,hospital_radius,Aurelius Hospital Negeri Sembilan,Negeri Sembilan
way/1005482522,Taman Rekreasi DMS,Park / Green Space,leisure=park,2.8086311,101.8068121,3.76,hospital_radius,Aurelius Hospital Negeri Sembilan,Negeri Sembilan
way/1010284513,Attalea Garden,Park / Green Space,leisure=park,2.6513457,101.7293377,18.49,hospital_radius,Aurelius Hospital Negeri Sembilan,Negeri Sembilan
way/1032914099,Le Park Sunsuria City,Park / Green Space,leisure=park,2.8264861,101.7109392,7.1,hospital_radius,Aurelius Hospital Negeri Sembilan,Negeri Sembilan
way/1039199474,Tiara Sendayan Playground,Park / Green Space,leisure=park,2.6932498,101.8192134,14.14,hospital_radius,Aurelius Hospital Negeri Sembilan,Negeri Sembilan
way/1039199476,Tiara Sendayan Playground,Park / Green Space,leisure=park,2.6952168,101.8223432,14.07,hospital_radius,Aurelius Hospital Negeri Sembilan,Negeri Sembilan
way/1064117510,Serenia City Central Park,Park / Green Space,leisure=park,2.8447024,101.697842,9.13,hospital_radius,Aurelius Hospital Negeri Sembilan,Negeri Sembilan
way/1064117519,Serenia City Serenity Park,Park / Green Space,leisure=park,2.8470533,101.7055231,8.47,hospital_radius,Aurelius Hospital Negeri Sembilan,Negeri Sembilan
way/1064117537,Aman South Park,Park / Green Space,leisure=park,2.8530411,101.7038706,8.95,hospital_radius,Aurelius Hospital Negeri Sembilan,Negeri Sembilan
way/1088335227,Setia EcoHill 2 Adventure Park,Park / Green Space,leisure=park,2.8890652,101.8535142,12.39,hospital_radius,Aurelius Hospital Negeri Sembilan,Negeri Sembilan
way/1208502345,S2 Hill Park,Park / Green Space,leisure=park,2.7117946,101.8947005,17.49,hospital_radius,Aurelius Hospital Negeri Sembilan,Negeri Sembilan
way/1209305431,Grand Canyon,General Attraction,tourism=attraction,2.7153003,101.8840196,16.34,hospital_radius,Aurelius Hospital Negeri Sembilan,Negeri Sembilan
way/1211509028,"The Parc, Nilai Impian",Park / Green Space,leisure=park,2.8356716,101.8034562,4.29,hospital_radius,Aurelius Hospital Negeri Sembilan,Negeri Sembilan
way/1245476896,Taman Canseri,Park / Green Space,leisure=park,2.9437506,101.7266274,15.55,hospital_radius,Aurelius Hospital Negeri Sembilan,Negeri Sembilan
way/1254252353,Anjung Floria,Park / Green Space,leisure=park,2.9149905,101.6799951,15.45,hospital_radius,Aurelius Hospital Negeri Sembilan,Negeri Sembilan
way/1276331117,Dataran Nilai,Park / Green Space,leisure=park,2.819504,101.7910706,2.17,hospital_radius,Aurelius Hospital Negeri Sembilan,Negeri Sembilan
way/1294934550,"Central Park, IOI Resort City",Other (dog_park),leisure=dog_park,2.9716134,101.7073862,19.21,hospital_radius,Aurelius Hospital Negeri Sembilan,Negeri Sembilan
way/1298748805,Taman Tasik Selangor Cyber Valley,Park / Green Space,leisure=park,2.9178916,101.626328,20.12,hospital_radius,Aurelius Hospital Negeri Sembilan,Negeri Sembilan
way/1299114743,Suria Villa Park,Park / Green Space,leisure=park,2.9563559,101.8043119,16.44,hospital_radius,Aurelius Hospital Negeri Sembilan,Negeri Sembilan
way/1301072284,Carnelian Park,Park / Green Space,leisure=park,2.6799369,101.8663907,17.95,hospital_radius,Aurelius Hospital Negeri Sembilan,Negeri Sembilan
way/1310795913,Istana Puteri Bongsu,Museum,tourism=museum,2.9239652,101.7662922,12.49,hospital_radius,Aurelius Hospital Negeri Sembilan,Negeri Sembilan
way/1325532577,Taman Ekuestrian Putrajaya,Park / Green Space,leisure=park,2.8966319,101.6849562,13.6,hospital_radius,Aurelius Hospital Negeri Sembilan,Negeri Sembilan
way/1386913414,Eco Majestic City Park,Park / Green Space,leisure=park,2.897144,101.829713,11.38,hospital_radius,Aurelius Hospital Negeri Sembilan,Negeri Sembilan
way/1395325377,Rumah Contoh Negeri Sembilan,General Attraction,tourism=attraction,2.7171131,101.9202136,19.44,hospital_radius,Aurelius Hospital Negeri Sembilan,Negeri Sembilan
way/1395325378,Istana Ampang Tinggi,General Attraction,tourism=attraction,2.7173004,101.9203316,19.44,hospital_radius,Aurelius Hospital Negeri Sembilan,Negeri Sembilan
way/1395325381,Teratak Perpatih,Art Gallery,tourism=gallery,2.7177286,101.9205179,19.43,hospital_radius,Aurelius Hospital Negeri Sembilan,Negeri Sembilan
way/1395325384,Kompleks Taman Seni Budaya,Museum,tourism=museum,2.7177784,101.9201298,19.39,hospital_radius,Aurelius Hospital Negeri Sembilan,Negeri Sembilan
way/1409116941,Bandar Ainsdale Lake Park,Park / Green Space,leisure=park,2.7377204,101.8851149,14.92,hospital_radius,Aurelius Hospital Negeri Sembilan,Negeri Sembilan
way/1417656456,Taman Kucing,General Attraction,tourism=attraction,2.9379765,101.6441668,20.05,hospital_radius,Aurelius Hospital Negeri Sembilan,Negeri Sembilan
way/1426376287,PUTRAJAYA sign,General Attraction,tourism=attraction,2.9348197,101.6910051,16.44,hospital_radius,Aurelius Hospital Negeri Sembilan,Negeri Sembilan
way/1551433485,Laman Perdana,Park / Green Space,leisure=park,2.9376437,101.6940478,16.52,hospital_radius,Aurelius Hospital Negeri Sembilan,Negeri Sembilan
node/5768279457,Taman Rekreasi Paya Bakau Sijangkang,Park / Green Space,leisure=park,2.939801,101.4218907,18.55,hospital_radius,Avisena Special Hospital,Selangor
node/9924039770,Rooster Bowl,Public Art,tourism=artwork,3.0093238,101.4163313,13.84,hospital_radius,Avisena Special Hospital,Selangor
node/11956141917,Bukit Cheeding,Mountain / Peak,natural=peak,2.9157396,101.573689,18.2,hospital_radius,Avisena Special Hospital,Selangor
way/366064897,Botanic Park,Park / Green Space,leisure=park,2.9876037,101.4313264,13.92,hospital_radius,Avisena Special Hospital,Selangor
way/909113550,Canary Garden,Park / Green Space,leisure=park,2.9609365,101.466278,13.9,hospital_radius,Avisena Special Hospital,Selangor
way/1185580321,Canary Garden Central Park,Park / Green Space,leisure=park,2.9579971,101.4636829,14.32,hospital_radius,Avisena Special Hospital,Selangor
way/1293018362,Tanjung Harapan,General Attraction,tourism=attraction,3.0047671,101.3623931,19.44,hospital_radius,Avisena Special Hospital,Selangor
way/1417656448,Menara Tinjau,Viewpoint / Scenic Spot,tourism=viewpoint,2.9367216,101.6404797,19.81,hospital_radius,Avisena Special Hospital,Selangor
way/1417656452,Jeti,Viewpoint / Scenic Spot,tourism=viewpoint,2.9377416,101.6430255,19.91,hospital_radius,Avisena Special Hospital,Selangor
way/1420172249,Cafe By The Lake,Picnic / Recreation Site,tourism=picnic_site,2.9360387,101.6422702,20.0,hospital_radius,Avisena Special Hospital,Selangor
way/1485678039,Taman Komuniti SP9,Park / Green Space,leisure=park,2.9346216,101.5806176,16.49,hospital_radius,Avisena Special Hospital,Selangor
node/1376587787,Moongate,Monument,historic=monument,5.4356506,100.2927075,10.69,hospital_radius,Bagan Specialist Centre,Penang
node/1387210286,Bukit Laksamana,Mountain / Peak,natural=peak,5.4214144,100.2365077,16.58,hospital_radius,Bagan Specialist Centre,Penang
node/1387210297,Bukit Batu Ferringhi,Mountain / Peak,natural=peak,5.4526303,100.261517,14.55,hospital_radius,Bagan Specialist Centre,Penang
node/1387210299,Bukit Bendera,Mountain / Peak,natural=peak,5.4228655,100.2656972,13.38,hospital_radius,Bagan Specialist Centre,Penang
node/1718697547,Anjung Indah,Viewpoint / Scenic Spot,tourism=viewpoint,5.3501692,100.2520179,16.26,hospital_radius,Bagan Specialist Centre,Penang
node/1718708708,Bukit Jambul,Mountain / Peak,natural=peak,5.342892,100.2863328,13.33,hospital_radius,Bagan Specialist Centre,Penang
node/1726781335,The Cenotaph War Memorial,Memorial,historic=memorial,5.4223808,100.3418305,5.06,hospital_radius,Bagan Specialist Centre,Penang
node/1847881316,Pearl Hill Peak,Mountain / Peak,natural=peak,5.4601392,100.2961834,11.37,hospital_radius,Bagan Specialist Centre,Penang
node/1928907661,Muzium Perang Penang,Museum,tourism=museum,5.2812421,100.2889311,17.93,hospital_radius,Bagan Specialist Centre,Penang
node/2270325258,"""Little Children on a Bicycle"" mural",Public Art,tourism=artwork,5.4146675,100.3382028,5.3,hospital_radius,Bagan Specialist Centre,Penang
node/2270325265,"""Little Boy with Pet Dinosaur"" Mural",Public Art,tourism=artwork,5.4152828,100.3389057,5.23,hospital_radius,Bagan Specialist Centre,Penang
node/2270325266,"""Boy on a Bike"" Mural",Public Art,tourism=artwork,5.4152635,100.3389232,5.23,hospital_radius,Bagan Specialist Centre,Penang
node/2270325268,"Street Art - ""Boy On Chair""",Public Art,tourism=artwork,5.4148405,100.3365847,5.48,hospital_radius,Bagan Specialist Centre,Penang
node/2270325272,Penang Toy Museum,Museum,tourism=museum,5.4568917,100.2156763,19.54,hospital_radius,Bagan Specialist Centre,Penang
node/2411605181,Camera Museum,Museum,tourism=museum,5.4198765,100.3357532,5.65,hospital_radius,Bagan Specialist Centre,Penang
node/2739129033,Malaysia's Largest Sundial,Monument,historic=monument,5.2577417,100.4286184,17.62,hospital_radius,Bagan Specialist Centre,Penang
node/3006199121,"Street Art - ""Child Mural At Prangin Canal""",Public Art,tourism=artwork,5.4115888,100.3340304,5.74,hospital_radius,Bagan Specialist Centre,Penang
node/3006199122,Bruce Lee Cat Mural,Public Art,tourism=artwork,5.4154995,100.3388623,5.24,hospital_radius,Bagan Specialist Centre,Penang
node/3006199123,"Street Art - ""Trishaw Man""",Public Art,tourism=artwork,5.4213267,100.3337243,5.9,hospital_radius,Bagan Specialist Centre,Penang
node/3103757000,The Owl Museum,Museum,tourism=museum,5.4244791,100.2688026,13.06,hospital_radius,Bagan Specialist Centre,Penang
node/3189587834,Bukit Olivia,Mountain / Peak,natural=peak,5.443869,100.2930051,10.93,hospital_radius,Bagan Specialist Centre,Penang
node/3210052262,Bukit Cendana,Mountain / Peak,natural=peak,5.4255913,100.2832432,11.49,hospital_radius,Bagan Specialist Centre,Penang
node/3246711671,Menara Pandang,Viewpoint / Scenic Spot,tourism=viewpoint,5.449894,100.2219669,18.67,hospital_radius,Bagan Specialist Centre,Penang
node/3312742748,Bukit Penara,Mountain / Peak,natural=peak,5.3793169,100.26097,14.25,hospital_radius,Bagan Specialist Centre,Penang
node/3326424965,Bukit Cempedak,Mountain / Peak,natural=peak,5.4559899,100.2524209,15.62,hospital_radius,Bagan Specialist Centre,Penang
node/3326427077,Western Hill,Mountain / Peak,natural=peak,5.4270941,100.2523763,14.9,hospital_radius,Bagan Specialist Centre,Penang
node/3488110856,Bukit Carla,Mountain / Peak,natural=peak,5.4654422,100.2653815,14.68,hospital_radius,Bagan Specialist Centre,Penang
node/3600840959,Bukit Batu Kawan,Mountain / Peak,natural=peak,5.2720971,100.4187781,15.8,hospital_radius,Bagan Specialist Centre,Penang
node/3600841217,Bukit Tok Kangar,Mountain / Peak,natural=peak,5.319823,100.4262341,11.02,hospital_radius,Bagan Specialist Centre,Penang
node/3600847336,Bukit Tambun,Mountain / Peak,natural=peak,5.2696631,100.4451469,16.97,hospital_radius,Bagan Specialist Centre,Penang
node/3603170217,Bukit D.O.,Mountain / Peak,natural=peak,5.3611157,100.4572314,9.61,hospital_radius,Bagan Specialist Centre,Penang
node/3607657434,Bukit Juru,Mountain / Peak,natural=peak,5.3261872,100.4090298,9.71,hospital_radius,Bagan Specialist Centre,Penang
node/3607658455,Bukit Mertajam,Mountain / Peak,natural=peak,5.3672237,100.4843711,11.91,hospital_radius,Bagan Specialist Centre,Penang
node/3607658456,Bukit Seraya,Mountain / Peak,natural=peak,5.36396,100.5057971,14.24,hospital_radius,Bagan Specialist Centre,Penang
node/3608504311,Bukit Merah,Mountain / Peak,natural=peak,5.4098617,100.4308671,4.98,hospital_radius,Bagan Specialist Centre,Penang
node/3611004927,Bukit Langkap,Mountain / Peak,natural=peak,5.406542,100.5082558,13.55,hospital_radius,Bagan Specialist Centre,Penang
node/3611004928,Bukit Noning,Mountain / Peak,natural=peak,5.3899332,100.4822689,10.91,hospital_radius,Bagan Specialist Centre,Penang
node/3611028580,Bukit Machang Bubok,Mountain / Peak,natural=peak,5.3367078,100.5239626,17.34,hospital_radius,Bagan Specialist Centre,Penang
node/3611047103,Bukit Badak Mati,Mountain / Peak,natural=peak,5.3312838,100.5302135,18.24,hospital_radius,Bagan Specialist Centre,Penang
node/3611047450,Bukit Tengah,Mountain / Peak,natural=peak,5.3557646,100.4308533,7.85,hospital_radius,Bagan Specialist Centre,Penang
node/3611120134,Bukit Gua Gempas,Mountain / Peak,natural=peak,5.4214949,100.4958112,12.23,hospital_radius,Bagan Specialist Centre,Penang
node/3611120137,Bukit Papan,Mountain / Peak,natural=peak,5.3091602,100.241983,19.51,hospital_radius,Bagan Specialist Centre,Penang
node/3611120138,Bukit Gedung,Mountain / Peak,natural=peak,5.3136651,100.2797651,15.93,hospital_radius,Bagan Specialist Centre,Penang
node/3611120139,Bukit Batu Maung,Mountain / Peak,natural=peak,5.28048,100.2886807,18.01,hospital_radius,Bagan Specialist Centre,Penang
node/3611120140,Bukit Teluk Tempoyak Kecil,Mountain / Peak,natural=peak,5.2694112,100.2737705,20.0,hospital_radius,Bagan Specialist Centre,Penang
node/3611120142,Bukit Gambier,Mountain / Peak,natural=peak,5.3657387,100.2978834,10.93,hospital_radius,Bagan Specialist Centre,Penang
node/3611120145,Bukit Delima,Mountain / Peak,natural=peak,5.3790837,100.2932965,10.83,hospital_radius,Bagan Specialist Centre,Penang
node/3611120146,Bukit Batu Lanchang,Mountain / Peak,natural=peak,5.3926778,100.2927008,10.5,hospital_radius,Bagan Specialist Centre,Penang
node/3617851043,Bukit Gua Ipoh,Mountain / Peak,natural=peak,5.4147916,100.4704105,9.37,hospital_radius,Bagan Specialist Centre,Penang
node/3617851044,Bukit Indera Muda,Mountain / Peak,natural=peak,5.4179881,100.4575185,7.97,hospital_radius,Bagan Specialist Centre,Penang
node/3914067675,Bukit Kukus (Peak),Mountain / Peak,natural=peak,5.3543265,100.2818211,13.1,hospital_radius,Bagan Specialist Centre,Penang
node/3914067927,Bukit Relau,Mountain / Peak,natural=peak,5.3720249,100.2850962,11.95,hospital_radius,Bagan Specialist Centre,Penang
node/4109101090,"""Lion Dance Breaking Out of Wall"" Mural",Public Art,tourism=artwork,5.4152323,100.3374637,5.39,hospital_radius,Bagan Specialist Centre,Penang
node/4109101091,"""Cultural Girls"" Mural",Public Art,tourism=artwork,5.4152223,100.3374981,5.38,hospital_radius,Bagan Specialist Centre,Penang
node/4109101092,"""Cats & Humans Happily Living Together"" Mural",Public Art,tourism=artwork,5.4149973,100.338565,5.26,hospital_radius,Bagan Specialist Centre,Penang
node/4109101093,"""Children Playing Basketball"" Mural",Public Art,tourism=artwork,5.4140174,100.3403266,5.06,hospital_radius,Bagan Specialist Centre,Penang
node/4109106189,"""Brother and Sister on a Swing"" Mural",Public Art,tourism=artwork,5.4142558,100.3407506,5.01,hospital_radius,Bagan Specialist Centre,Penang
node/4109106289,"Street Art - ""The Indian Boatman""",Public Art,tourism=artwork,5.4192998,100.3373105,5.47,hospital_radius,Bagan Specialist Centre,Penang
node/4206135189,Jeti Lim,General Attraction,tourism=attraction,5.4130557,100.3409971,4.98,hospital_radius,Bagan Specialist Centre,Penang
node/4206410706,Little India,General Attraction,tourism=attraction,5.4171825,100.339338,5.21,hospital_radius,Bagan Specialist Centre,Penang
node/4206498297,PG Gold Museum,Museum,tourism=museum,5.4195597,100.339951,5.19,hospital_radius,Bagan Specialist Centre,Penang
node/4206629990,Upside Down Museum,Museum,tourism=museum,5.4157586,100.3336047,5.82,hospital_radius,Bagan Specialist Centre,Penang
node/4206649993,Ghost Museum,Museum,tourism=museum,5.4138078,100.3347391,5.67,hospital_radius,Bagan Specialist Centre,Penang
node/4216637789,Penang Heritage Gallery,Museum,tourism=museum,5.4219671,100.3312583,6.18,hospital_radius,Bagan Specialist Centre,Penang
node/4242270489,Penang 3D Trick Art Museum,Museum,tourism=museum,5.4197585,100.3417413,5.0,hospital_radius,Bagan Specialist Centre,Penang
node/4243277690,Waterfall (titi kerawang),General Attraction,tourism=attraction,5.403263,100.2225283,18.1,hospital_radius,Bagan Specialist Centre,Penang
node/4248787292,Top of The Pagoda,Viewpoint / Scenic Spot,tourism=viewpoint,5.3997287,100.2733749,12.51,hospital_radius,Bagan Specialist Centre,Penang
node/4274896006,"""The Bee Do Bee Do Bee Do Minion"" mural",Public Art,tourism=artwork,5.415588,100.3384842,5.28,hospital_radius,Bagan Specialist Centre,Penang
node/4306092393,Lim Brothers Orchard,General Attraction,tourism=attraction,5.354989,100.2394797,17.34,hospital_radius,Bagan Specialist Centre,Penang
node/4347327417,Batik Painting Museum Penang,Museum,tourism=museum,5.4147404,100.3377524,5.35,hospital_radius,Bagan Specialist Centre,Penang
node/4347327419,Unique Penang Art Gallery,Art Gallery,tourism=gallery,5.4193163,100.3366675,5.54,hospital_radius,Bagan Specialist Centre,Penang
node/4396288919,"""Elephant Head"" Mural",Public Art,tourism=artwork,5.4154836,100.338794,5.24,hospital_radius,Bagan Specialist Centre,Penang
node/4396288921,"""Magic"" Mural",Public Art,tourism=artwork,5.4152825,100.3373831,5.4,hospital_radius,Bagan Specialist Centre,Penang
node/4396299493,"""Feed the stray"" Mural",Public Art,tourism=artwork,5.4155705,100.3389123,5.23,hospital_radius,Bagan Specialist Centre,Penang
node/4396299494,"""Please care & Bathe me"" mural",Public Art,tourism=artwork,5.4141424,100.3388896,5.22,hospital_radius,Bagan Specialist Centre,Penang
node/4396299594,"Street Art ""Susu Soya Asli & Segar""",Public Art,tourism=artwork,5.4141466,100.3406168,5.03,hospital_radius,Bagan Specialist Centre,Penang
node/4396299692,"""Malaysian Man"" Mural",Public Art,tourism=artwork,5.4152263,100.3388708,5.23,hospital_radius,Bagan Specialist Centre,Penang
node/4396340189,"""Burning"" Mural",Public Art,tourism=artwork,5.4151527,100.3390236,5.21,hospital_radius,Bagan Specialist Centre,Penang
node/4396340190,Skippy Giant Cat,Public Art,tourism=artwork,5.4141547,100.3387315,5.24,hospital_radius,Bagan Specialist Centre,Penang
node/4396340191,"""Love Me Like Your Fortune Cat"" mural",Public Art,tourism=artwork,5.4137701,100.3388759,5.22,hospital_radius,Bagan Specialist Centre,Penang
node/4443332991,"The monument at the grave of Russian sailors from the cruiser ""Zhemchug""",Memorial,historic=memorial,5.4261193,100.2997501,9.69,hospital_radius,Bagan Specialist Centre,Penang
node/4451786889,"Street Art ""Girl on turtle""",Public Art,tourism=artwork,5.4187926,100.334782,5.73,hospital_radius,Bagan Specialist Centre,Penang
node/4499824989,Teochew Puppet and Opera,Museum,tourism=museum,5.4157262,100.3361253,5.54,hospital_radius,Bagan Specialist Centre,Penang
node/4502479389,Free the monkeys! (Caged monkeys),General Attraction,tourism=attraction,5.4032636,100.2218928,18.17,hospital_radius,Bagan Specialist Centre,Penang
node/4531155589,Villa Primavera,General Attraction,tourism=attraction,5.4223117,100.298971,9.71,hospital_radius,Bagan Specialist Centre,Penang
node/4549309107,Antique Shop,Museum,tourism=museum,5.41698,100.3358842,5.58,hospital_radius,Bagan Specialist Centre,Penang
node/4559456797,Street Art - Mr. Five Foot Way,Public Art,tourism=artwork,5.4198456,100.3303007,6.24,hospital_radius,Bagan Specialist Centre,Penang
node/4559456798,"Marking George Town - ""Narrowest Five Foot Way""",Public Art,tourism=artwork,5.4195604,100.3370228,5.5,hospital_radius,Bagan Specialist Centre,Penang
node/4559456799,"Marking George Town - ""Too Hot""",Public Art,tourism=artwork,5.4185728,100.3451791,4.6,hospital_radius,Bagan Specialist Centre,Penang
node/4559456800,"Marking George Town - ""Three Generations""",Public Art,tourism=artwork,5.4163829,100.3325136,5.95,hospital_radius,Bagan Specialist Centre,Penang
node/4559456801,"Marking George Town - ""Budget Hotels""",Public Art,tourism=artwork,5.4184742,100.3362313,5.57,hospital_radius,Bagan Specialist Centre,Penang
node/4559459296,"Marking George Town - ""One Leg Kicks All""",Public Art,tourism=artwork,5.4196195,100.3368973,5.52,hospital_radius,Bagan Specialist Centre,Penang
node/4559459297,Street Art - Win Win Situation,Public Art,tourism=artwork,5.4205457,100.3339568,5.86,hospital_radius,Bagan Specialist Centre,Penang
node/4559459299,"Marking George Town - ""Wrong Tree""",Public Art,tourism=artwork,5.4180289,100.3380066,5.37,hospital_radius,Bagan Specialist Centre,Penang
node/4559459302,"Marking George Town - ""Cow & Fish""",Public Art,tourism=artwork,5.4131351,100.3353164,5.61,hospital_radius,Bagan Specialist Centre,Penang
node/4559459303,"Marking George Town - ""No Plastic Bag""",Public Art,tourism=artwork,5.4123486,100.3347958,5.66,hospital_radius,Bagan Specialist Centre,Penang
node/4559459304,"Marking George Town - ""Waterway""",Public Art,tourism=artwork,5.4118555,100.3340947,5.74,hospital_radius,Bagan Specialist Centre,Penang
node/4559461593,"Marking George Town - ""Win Win Situation""",Public Art,tourism=artwork,5.4204941,100.3339867,5.85,hospital_radius,Bagan Specialist Centre,Penang
node/4559461594,"""Bullock Cart Wheel"" Sculpture",Public Art,tourism=artwork,5.4185529,100.3392796,5.24,hospital_radius,Bagan Specialist Centre,Penang
node/4559461595,"""Untrained Parakeet"" Sculpture",Public Art,tourism=artwork,5.4178266,100.3398584,5.16,hospital_radius,Bagan Specialist Centre,Penang
node/4559461596,"Marking George Town - ""Escape""",Public Art,tourism=artwork,5.4136657,100.3373775,5.38,hospital_radius,Bagan Specialist Centre,Penang
node/4559461597,"Marking George Town - ""Property""",Public Art,tourism=artwork,5.4145312,100.340303,5.07,hospital_radius,Bagan Specialist Centre,Penang
node/4559461598,"Marking George Town - ""Limousine""",Public Art,tourism=artwork,5.4152591,100.3349962,5.66,hospital_radius,Bagan Specialist Centre,Penang
node/4559468994,"Marking George Town - ""Jimmy Choo""",Public Art,tourism=artwork,5.4206006,100.3339518,5.86,hospital_radius,Bagan Specialist Centre,Penang
node/4559468995,"Marking George Town - ""Ting Ting Thong""",Public Art,tourism=artwork,5.4177289,100.3370076,5.47,hospital_radius,Bagan Specialist Centre,Penang
node/4559476593,"Marking George Town - ""Cheating Husband""",Public Art,tourism=artwork,5.4184785,100.3363398,5.56,hospital_radius,Bagan Specialist Centre,Penang
node/4559476594,"Marking George Town - ""Kopi O' Kau""",Public Art,tourism=artwork,5.4175156,100.3309052,6.14,hospital_radius,Bagan Specialist Centre,Penang
node/4559476595,"Marking George Town - ""Rope Style""",Public Art,tourism=artwork,5.4161203,100.3332892,5.86,hospital_radius,Bagan Specialist Centre,Penang
node/4559477891,"Marking George Town - ""Labourer To Trader""",Public Art,tourism=artwork,5.4176431,100.3321794,6.0,hospital_radius,Bagan Specialist Centre,Penang
node/4582324094,Street Art,Public Art,tourism=artwork,5.420979,100.3259913,6.73,hospital_radius,Bagan Specialist Centre,Penang
node/4608885597,Bukit Mertajam Viewing Point,Viewpoint / Scenic Spot,tourism=viewpoint,5.3696824,100.4847472,11.84,hospital_radius,Bagan Specialist Centre,Penang
node/4664839991,Eagle Hill,Mountain / Peak,natural=peak,5.3391477,100.2493837,17.06,hospital_radius,Bagan Specialist Centre,Penang
node/4664842691,Nam Shan,Viewpoint / Scenic Spot,tourism=viewpoint,5.3656018,100.2623066,14.56,hospital_radius,Bagan Specialist Centre,Penang
node/4664847489,Heaven Hill,Viewpoint / Scenic Spot,tourism=viewpoint,5.3201863,100.2379813,19.2,hospital_radius,Bagan Specialist Centre,Penang
node/4664870591,Tua Peh Kong,Monument,historic=monument,5.3060471,100.2531114,18.73,hospital_radius,Bagan Specialist Centre,Penang
node/4664908090,PLS Downhill Trail,General Attraction,tourism=attraction,5.3192315,100.2526133,17.9,hospital_radius,Bagan Specialist Centre,Penang
node/4664908792,八仙廟,General Attraction,tourism=attraction,5.3372371,100.2380489,18.28,hospital_radius,Bagan Specialist Centre,Penang
node/4665251627,"""Tiger"" Mural",Public Art,tourism=artwork,5.4191981,100.3378735,5.4,hospital_radius,Bagan Specialist Centre,Penang
node/4679723889,James Richardson Logan Monument,Monument,historic=monument,5.4211103,100.3398276,5.24,hospital_radius,Bagan Specialist Centre,Penang
node/4683146489,Gallery,Public Art,tourism=artwork,5.4171752,100.3375571,5.4,hospital_radius,Bagan Specialist Centre,Penang
node/4684711090,Morning Market,General Attraction,tourism=attraction,5.4177987,100.3323968,5.98,hospital_radius,Bagan Specialist Centre,Penang
node/4708386790,Nagore Square,General Attraction,tourism=attraction,5.4205862,100.3256641,6.76,hospital_radius,Bagan Specialist Centre,Penang
node/4802013741,Sauh,Public Art,tourism=artwork,5.4069834,100.369407,1.86,hospital_radius,Bagan Specialist Centre,Penang
node/4851185622,Overseas Chinese Anti-War Memorial,Memorial,historic=memorial,5.4056284,100.2825888,11.45,hospital_radius,Bagan Specialist Centre,Penang
node/4853522133,Bukit Pelanduk,Mountain / Peak,natural=peak,5.4100213,100.4251932,4.35,hospital_radius,Bagan Specialist Centre,Penang
node/4908676924,Street Art Greedy Boy,Public Art,tourism=artwork,5.4150196,100.3263339,6.61,hospital_radius,Bagan Specialist Centre,Penang
node/4908696921,Street Art Nostalgic Meal Order,Public Art,tourism=artwork,5.4156914,100.3267832,6.57,hospital_radius,Bagan Specialist Centre,Penang
node/4916804925,"""Quiet Please"" Sculpture",Public Art,tourism=artwork,5.4185037,100.3403922,5.12,hospital_radius,Bagan Specialist Centre,Penang
node/4916804926,"Marking George Town - ""High Counter""",Public Art,tourism=artwork,5.4182483,100.3363501,5.55,hospital_radius,Bagan Specialist Centre,Penang
node/4916804927,"Marking George Town - ""Happy Hour""",Public Art,tourism=artwork,5.4180711,100.3295424,6.3,hospital_radius,Bagan Specialist Centre,Penang
node/4916988922,"Marking George Town - ""Shorn Hair""",Public Art,tourism=artwork,5.4155712,100.331591,6.04,hospital_radius,Bagan Specialist Centre,Penang
node/4916993626,"""Beca""",Public Art,tourism=artwork,5.4191706,100.3377147,5.42,hospital_radius,Bagan Specialist Centre,Penang
node/4917000624,"""Gold Tooth"" Sculpture",Public Art,tourism=artwork,5.4188583,100.3395936,5.21,hospital_radius,Bagan Specialist Centre,Penang
node/4917000625,"Marking George Town - ""Too Salty""",Public Art,tourism=artwork,5.4212427,100.3395036,5.27,hospital_radius,Bagan Specialist Centre,Penang
node/4917000626,"""No Animal Discrimination Please"" mural",Public Art,tourism=artwork,5.4152792,100.3379648,5.33,hospital_radius,Bagan Specialist Centre,Penang
node/4917000628,"""Main Street"" Sculpture",Public Art,tourism=artwork,5.4169571,100.3381576,5.33,hospital_radius,Bagan Specialist Centre,Penang
node/4917002821,"""I Can Help Catch Rats"" Mural",Public Art,tourism=artwork,5.4150022,100.3378708,5.34,hospital_radius,Bagan Specialist Centre,Penang
node/4917004421,"Marking George Town - "" Mahjong""",Public Art,tourism=artwork,5.4189241,100.3381266,5.37,hospital_radius,Bagan Specialist Centre,Penang
node/4917007831,"""Marge Simpson"" Mural",Public Art,tourism=artwork,5.4156074,100.3378429,5.35,hospital_radius,Bagan Specialist Centre,Penang
node/4917020125,"Marking George Town - ""Labourer To Trader""",General Attraction,tourism=attraction,5.4181908,100.331438,6.09,hospital_radius,Bagan Specialist Centre,Penang
node/4917090622,"Marking George Town - ""Same Taste, Same Look""",Public Art,tourism=artwork,5.4165845,100.3328063,5.92,hospital_radius,Bagan Specialist Centre,Penang
node/4917090623,Lying Tiger,Public Art,tourism=artwork,5.4192584,100.3344277,5.78,hospital_radius,Bagan Specialist Centre,Penang
node/4917090624,"Marking Georgetown - ""Temple Day""",Public Art,tourism=artwork,5.4185523,100.3383017,5.34,hospital_radius,Bagan Specialist Centre,Penang
node/4917090625,"""Roti Benggali"" Sculpture",Public Art,tourism=artwork,5.4172557,100.339451,5.2,hospital_radius,Bagan Specialist Centre,Penang
node/4917090626,"""Duck"" Sculpture",Public Art,tourism=artwork,5.4163954,100.340859,5.03,hospital_radius,Bagan Specialist Centre,Penang
node/4917104521,"Marking George Town - ""Spy""",Public Art,tourism=artwork,5.418528,100.3338619,5.83,hospital_radius,Bagan Specialist Centre,Penang
node/4917104522,"Marking George Town - ""Retail Paradise""",Public Art,tourism=artwork,5.4175749,100.3342388,5.77,hospital_radius,Bagan Specialist Centre,Penang
node/4917104523,"""Gedung Rumput"" Sculpture",Public Art,tourism=artwork,5.4181177,100.3391123,5.25,hospital_radius,Bagan Specialist Centre,Penang
node/4917104524,"""Yeoh Only"" Sculpture",Public Art,tourism=artwork,5.4150032,100.3399792,5.11,hospital_radius,Bagan Specialist Centre,Penang
node/4917104525,"""Double Role"" Sculpture",Public Art,tourism=artwork,5.4153788,100.3397403,5.14,hospital_radius,Bagan Specialist Centre,Penang
node/4917104526,"""Kandar"" Sculpture",Public Art,tourism=artwork,5.4161912,100.3379008,5.35,hospital_radius,Bagan Specialist Centre,Penang
node/4917104527,"""Ah Quee?"" sculpture",Public Art,tourism=artwork,5.4155727,100.338502,5.28,hospital_radius,Bagan Specialist Centre,Penang
node/4917105721,"""Tok Tok Mee"" Sculpture",Public Art,tourism=artwork,5.4182667,100.3388961,5.27,hospital_radius,Bagan Specialist Centre,Penang
node/4917106422,"""Too Narrow"" Sculpture",Public Art,tourism=artwork,5.4152652,100.3375295,5.38,hospital_radius,Bagan Specialist Centre,Penang
node/4917106423,"Marking George Town - ""Procession""",Public Art,tourism=artwork,5.4153622,100.3372732,5.41,hospital_radius,Bagan Specialist Centre,Penang
node/4917106424,"Marking George Town - ""Then & Now""",Public Art,tourism=artwork,5.41575,100.3364763,5.5,hospital_radius,Bagan Specialist Centre,Penang
node/4917145821,"Marking George Town - ""Cannon Hole""",Public Art,tourism=artwork,5.4147579,100.3365056,5.49,hospital_radius,Bagan Specialist Centre,Penang
node/4917145822,"Marking George Town - ""Born Novelist""",Public Art,tourism=artwork,5.4144301,100.3355847,5.59,hospital_radius,Bagan Specialist Centre,Penang
node/4917145823,"Marking George Town - ""Ironsmith""",Public Art,tourism=artwork,5.4132603,100.3369371,5.43,hospital_radius,Bagan Specialist Centre,Penang
node/4917145921,"Marking George Town - ""Chingay"";Marking George Town - ""Circus""",Other (artwork;attraction),tourism=artwork;attraction,5.4107576,100.3348756,5.65,hospital_radius,Bagan Specialist Centre,Penang
node/4917145922,"Marking George Town - ""Haj Pilgrimage""",Public Art,tourism=artwork,5.4129118,100.3380725,5.3,hospital_radius,Bagan Specialist Centre,Penang
node/4929233155,Frog Lake,Viewpoint / Scenic Spot,tourism=viewpoint,5.4415286,100.4833017,11.33,hospital_radius,Bagan Specialist Centre,Penang
node/4934160821,Butterworth Art Walk,General Attraction,tourism=attraction,5.4097214,100.370355,1.72,hospital_radius,Bagan Specialist Centre,Penang
node/5010826123,Run Amok,Public Art,tourism=artwork,5.4117112,100.3273571,6.48,hospital_radius,Bagan Specialist Centre,Penang
node/5033784322,Transformer Model,Public Art,tourism=artwork,5.4129397,100.32569,6.67,hospital_radius,Bagan Specialist Centre,Penang
node/5045686549,Tang Hang Hill,General Attraction,tourism=attraction,5.3417274,100.2596988,15.92,hospital_radius,Bagan Specialist Centre,Penang
node/5061365757,Celebration of Our Blue Sky,Public Art,tourism=artwork,5.3965111,100.3286555,6.52,hospital_radius,Bagan Specialist Centre,Penang
node/5062131025,"""Star Wars"" Street Art",General Attraction,tourism=attraction,5.4162696,100.3379243,5.35,hospital_radius,Bagan Specialist Centre,Penang
node/5063236223,Jet Ski Paraseiling Banana,General Attraction,tourism=attraction,5.4763145,100.2494485,16.79,hospital_radius,Bagan Specialist Centre,Penang
node/5092720725,Limbongan Batu Maung,General Attraction,tourism=attraction,5.2824947,100.29009,17.74,hospital_radius,Bagan Specialist Centre,Penang
node/5107362327,1200 Steps,General Attraction,tourism=attraction,5.3828197,100.2617021,14.09,hospital_radius,Bagan Specialist Centre,Penang
node/5107377724,Fishball Hill,General Attraction,tourism=attraction,5.3882236,100.2638095,13.74,hospital_radius,Bagan Specialist Centre,Penang
node/5107457523,Iconic Hill,Viewpoint / Scenic Spot,tourism=viewpoint,5.3665009,100.2826169,12.43,hospital_radius,Bagan Specialist Centre,Penang
node/5107509221,3 Hills,General Attraction,tourism=attraction,5.4014087,100.2671934,13.18,hospital_radius,Bagan Specialist Centre,Penang
node/5107547623,Lee Rubber,General Attraction,tourism=attraction,5.3696413,100.2815342,12.41,hospital_radius,Bagan Specialist Centre,Penang
node/5107550023,Devil's Hill,Mountain / Peak,natural=peak,5.3720992,100.2586084,14.72,hospital_radius,Bagan Specialist Centre,Penang
node/5110609222,Half Pondok Upeh,General Attraction,tourism=attraction,5.3319671,100.2374812,18.6,hospital_radius,Bagan Specialist Centre,Penang
node/5110609223,Big Bird House,General Attraction,tourism=attraction,5.3232156,100.2404761,18.79,hospital_radius,Bagan Specialist Centre,Penang
node/5118990521,xe,Public Art,tourism=artwork,5.412801,100.3279053,6.42,hospital_radius,Bagan Specialist Centre,Penang
node/5132590526,"Street Art - ""Banh Bao""",General Attraction,tourism=attraction,5.4202424,100.3331062,5.94,hospital_radius,Bagan Specialist Centre,Penang
node/5147539821,Muhibbah,General Attraction,tourism=attraction,5.3665148,100.2389524,16.98,hospital_radius,Bagan Specialist Centre,Penang
node/5147539822,TSLK,General Attraction,tourism=attraction,5.4123458,100.2700982,12.82,hospital_radius,Bagan Specialist Centre,Penang
node/5147539921,Sungai Rusa,General Attraction,tourism=attraction,5.400812,100.2292044,17.38,hospital_radius,Bagan Specialist Centre,Penang
node/5258285471,Chun May Treding Co. 精美画框,Art Gallery,tourism=gallery,5.3618961,100.4444333,8.43,hospital_radius,Bagan Specialist Centre,Penang
node/5340034249,Tan Jetty,General Attraction,tourism=attraction,5.4119025,100.3388158,5.21,hospital_radius,Bagan Specialist Centre,Penang
node/5394943422,"Street Art ""girl hair bird""",Public Art,tourism=artwork,5.4187402,100.3348874,5.72,hospital_radius,Bagan Specialist Centre,Penang
node/5478063521,"Street Art - ""Garbage Rat""",General Attraction,tourism=attraction,5.4184798,100.3365743,5.53,hospital_radius,Bagan Specialist Centre,Penang
node/5480051321,"Street Art ""Chinese""",Public Art,tourism=artwork,5.4188642,100.3320337,6.04,hospital_radius,Bagan Specialist Centre,Penang
node/5484314621,"Street Art - ""Warrior on a horse""",General Attraction,tourism=attraction,5.4196432,100.3309244,6.17,hospital_radius,Bagan Specialist Centre,Penang
node/5484339021,Rumah Teh Bunga,Monument,historic=monument,5.4219409,100.3279781,6.54,hospital_radius,Bagan Specialist Centre,Penang
node/5506266452,Putra Place Play Park,Park / Green Space,leisure=park,5.3409134,100.3090368,11.49,hospital_radius,Bagan Specialist Centre,Penang
node/5510144024,Street Art - Bearded Man,Public Art,tourism=artwork,5.4201676,100.3352652,5.71,hospital_radius,Bagan Specialist Centre,Penang
node/5592596221,Mona Lisa,Public Art,tourism=artwork,5.4190243,100.3344914,5.77,hospital_radius,Bagan Specialist Centre,Penang
node/5603123031,ハイドロホテルペナン,General Attraction,tourism=attraction,5.4775412,100.2689805,14.94,hospital_radius,Bagan Specialist Centre,Penang
node/5617602560,"""The Chicken Alley"" Mural",Public Art,tourism=artwork,5.4165732,100.3407526,5.04,hospital_radius,Bagan Specialist Centre,Penang
node/5651220321,Street Art - Cart Couple,Public Art,tourism=artwork,5.4169439,100.3307429,6.15,hospital_radius,Bagan Specialist Centre,Penang
node/5660326704,"""Giant Rat"" mural",Public Art,tourism=artwork,5.4141161,100.3387748,5.23,hospital_radius,Bagan Specialist Centre,Penang
node/5660326982,"""Cats Walking For Animal Awareness"" Mural",Public Art,tourism=artwork,5.4151926,100.3395283,5.16,hospital_radius,Bagan Specialist Centre,Penang
node/5690425221,Street Art by Thomas Powell,General Attraction,tourism=attraction,5.4207349,100.329092,6.39,hospital_radius,Bagan Specialist Centre,Penang
node/5727361722,The Indian Boatman,Public Art,tourism=artwork,5.4193103,100.3373634,5.46,hospital_radius,Bagan Specialist Centre,Penang
node/5759789461,"""Even If Handicapped, Still Love Me"" sculpture",Public Art,tourism=artwork,5.4138892,100.3393229,5.17,hospital_radius,Bagan Specialist Centre,Penang
node/5759789462,"""Fine 500 For Littering, Sterilize Intead"" sculpture",Public Art,tourism=artwork,5.4135668,100.339047,5.2,hospital_radius,Bagan Specialist Centre,Penang
node/5870565586,Boy and Girl on Bicycle,Public Art,tourism=artwork,5.4166019,100.3313917,6.07,hospital_radius,Bagan Specialist Centre,Penang
node/5907470485,Jeff’s Art Deco,Art Gallery,tourism=gallery,5.4165078,100.3278646,6.46,hospital_radius,Bagan Specialist Centre,Penang
node/6054271386,Taman Eko Rimba Bukit Mertajam,Park / Green Space,leisure=park,5.3582523,100.493265,13.23,hospital_radius,Bagan Specialist Centre,Penang
node/6146952078,Kids on the window with bicycle,Public Art,tourism=artwork,5.41359,100.3391142,5.19,hospital_radius,Bagan Specialist Centre,Penang
node/6177522386,Asia Comic Cultural Museum,Museum,tourism=museum,5.4139357,100.3308541,6.1,hospital_radius,Bagan Specialist Centre,Penang
node/6248488393,Mural-Chendol Boy,Public Art,tourism=artwork,5.4171291,100.3306653,6.16,hospital_radius,Bagan Specialist Centre,Penang
node/6408261885,"""Girl in Blue"" Street Art",Public Art,tourism=artwork,5.4198785,100.3358249,5.64,hospital_radius,Bagan Specialist Centre,Penang
node/6410495185,Muzium Kamera Asia,Museum,tourism=museum,5.4154737,100.3366974,5.47,hospital_radius,Bagan Specialist Centre,Penang
node/6412454886,African Couple,Public Art,tourism=artwork,5.4157771,100.3375782,5.38,hospital_radius,Bagan Specialist Centre,Penang
node/6466323287,Payung Sejahtera,Nature Lodging,tourism=wilderness_hut,5.3991108,100.4649553,8.84,hospital_radius,Bagan Specialist Centre,Penang
node/6514905585,Fish Traders,Public Art,tourism=artwork,5.4127392,100.3345646,5.69,hospital_radius,Bagan Specialist Centre,Penang
node/6538595985,Shan Cheng Durian Penang,General Attraction,tourism=attraction,5.3475542,100.2382522,17.77,hospital_radius,Bagan Specialist Centre,Penang
node/6566126286,Street Art Hand's Woman,Public Art,tourism=artwork,5.4213756,100.325821,6.76,hospital_radius,Bagan Specialist Centre,Penang
node/6566139685,Street Art Woman,Public Art,tourism=artwork,5.4206599,100.3257715,6.75,hospital_radius,Bagan Specialist Centre,Penang
node/6566139785,Marilyn Monroe,Public Art,tourism=artwork,5.4189897,100.3344758,5.77,hospital_radius,Bagan Specialist Centre,Penang
node/6570145987,Street Art Men,Public Art,tourism=artwork,5.4128117,100.3346207,5.68,hospital_radius,Bagan Specialist Centre,Penang
node/6579340133,Statue of Francis Light,Public Art,tourism=artwork,5.4205502,100.3435231,4.82,hospital_radius,Bagan Specialist Centre,Penang
node/6579429126,Stage,General Attraction,tourism=attraction,5.420421,100.3438407,4.79,hospital_radius,Bagan Specialist Centre,Penang
node/6581208685,Boon San Tong,General Attraction,tourism=attraction,5.4123936,100.3368865,5.43,hospital_radius,Bagan Specialist Centre,Penang
node/6591463586,Street Art - “cat looking through blue window”,Public Art,tourism=artwork,5.4147649,100.3366628,5.47,hospital_radius,Bagan Specialist Centre,Penang
node/6601347689,Street Art,Public Art,tourism=artwork,5.4176617,100.3360938,5.57,hospital_radius,Bagan Specialist Centre,Penang
node/6601347690,"Street Art ""Bus""",Public Art,tourism=artwork,5.4180027,100.3362313,5.56,hospital_radius,Bagan Specialist Centre,Penang
node/6601382188,Water Sports,General Attraction,tourism=attraction,5.4752728,100.2484468,16.84,hospital_radius,Bagan Specialist Centre,Penang
node/6602157687,"Street Art ""Scooter""",Public Art,tourism=artwork,5.4124178,100.3400214,5.08,hospital_radius,Bagan Specialist Centre,Penang
node/6602162286,Boat Tour,General Attraction,tourism=attraction,5.4116235,100.340798,4.99,hospital_radius,Bagan Specialist Centre,Penang
node/6602162585,"Street art ""folklore by the sea""",Public Art,tourism=artwork,5.4119198,100.3404712,5.03,hospital_radius,Bagan Specialist Centre,Penang
node/6602215486,street art-minions,Public Art,tourism=artwork,5.4141735,100.3405388,5.04,hospital_radius,Bagan Specialist Centre,Penang
node/6717808987,Lena Viewpoint,Viewpoint / Scenic Spot,tourism=viewpoint,5.3973134,100.2661224,13.34,hospital_radius,Bagan Specialist Centre,Penang
node/6873083886,Street Art - Kungfu Girl,Viewpoint / Scenic Spot,tourism=viewpoint,5.4201313,100.3354179,5.69,hospital_radius,Bagan Specialist Centre,Penang
node/6898908498,Mr. Bean,Public Art,tourism=artwork,5.418985,100.3345276,5.76,hospital_radius,Bagan Specialist Centre,Penang
node/6919473685,"Street art ""Orang utan"" monkey",Public Art,tourism=artwork,5.4148423,100.3405771,5.04,hospital_radius,Bagan Specialist Centre,Penang
node/6923758089,Street Art,General Attraction,tourism=attraction,5.3479757,100.2274236,18.87,hospital_radius,Bagan Specialist Centre,Penang
node/6923785585,Batu Feringghi night market,General Attraction,tourism=attraction,5.4750617,100.2504491,16.63,hospital_radius,Bagan Specialist Centre,Penang
node/7048261820,I Heart Penang,Public Art,tourism=artwork,5.4214193,100.336913,5.56,hospital_radius,Bagan Specialist Centre,Penang
node/7052683852,“Pineapple” New Village Entrance Signboard,Public Art,tourism=artwork,5.3010392,100.4770821,15.8,hospital_radius,Bagan Specialist Centre,Penang
node/7068908785,5.4 Degrees North,General Attraction,tourism=attraction,5.4192804,100.3373659,5.46,hospital_radius,Bagan Specialist Centre,Penang
node/7115807385,Viewing Point,Viewpoint / Scenic Spot,tourism=viewpoint,5.3931158,100.2615017,13.9,hospital_radius,Bagan Specialist Centre,Penang
node/7115837185,Viewing Point,Viewpoint / Scenic Spot,tourism=viewpoint,5.3933718,100.2581359,14.27,hospital_radius,Bagan Specialist Centre,Penang
node/7142656585,宝成园,Viewpoint / Scenic Spot,tourism=viewpoint,5.4028542,100.2196749,18.42,hospital_radius,Bagan Specialist Centre,Penang
node/7174906726,"Malay, Chinese, Indian, Merdeka",Public Art,tourism=artwork,5.3697787,100.5563206,19.4,hospital_radius,Bagan Specialist Centre,Penang
node/7175322691,Kek Lok Si Temple,General Attraction,tourism=attraction,5.3997214,100.2738891,12.45,hospital_radius,Bagan Specialist Centre,Penang
node/7249481285,Girl walking on numbers,Public Art,tourism=artwork,5.413144,100.3369465,5.43,hospital_radius,Bagan Specialist Centre,Penang
node/7249601085,Children in a boat,Public Art,tourism=artwork,5.4119483,100.3405175,5.03,hospital_radius,Bagan Specialist Centre,Penang
node/7249888785,Lebuh Muntri,General Attraction,tourism=attraction,5.4208139,100.3336555,5.9,hospital_radius,Bagan Specialist Centre,Penang
node/7252102885,Flowers Ice Cream,Public Art,tourism=artwork,5.4131698,100.3370725,5.41,hospital_radius,Bagan Specialist Centre,Penang
node/7252106985,Ah Ma & Ah Soon,Public Art,tourism=artwork,5.4127235,100.3398176,5.11,hospital_radius,Bagan Specialist Centre,Penang
node/7252106986,Indian Boat Man,Public Art,tourism=artwork,5.4192037,100.3375042,5.44,hospital_radius,Bagan Specialist Centre,Penang
node/7433071837,Millennium Monument,Public Art,tourism=artwork,5.4218026,100.3424501,4.97,hospital_radius,Bagan Specialist Centre,Penang
node/7561944537,Perai 1,Public Art,tourism=artwork,5.3659716,100.3941273,5.02,hospital_radius,Bagan Specialist Centre,Penang
node/7619276521,Muzium Islam Pulau Pinang,Museum,tourism=museum,5.4156749,100.3359401,5.56,hospital_radius,Bagan Specialist Centre,Penang
node/7619276522,Sun Yat Sen Museum Penang,Museum,tourism=museum,5.4157539,100.3361701,5.54,hospital_radius,Bagan Specialist Centre,Penang
node/7624438600,Bukit Gelugor,Mountain / Peak,natural=peak,5.3794182,100.3047639,9.62,hospital_radius,Bagan Specialist Centre,Penang
node/7628350042,Pusat Rekreasi Air Itam Dalam,Park / Green Space,leisure=park,5.4548228,100.4524792,8.87,hospital_radius,Bagan Specialist Centre,Penang
node/7630957158,Laman Sepadu Sign,Public Art,tourism=artwork,5.4857571,100.4964442,14.83,hospital_radius,Bagan Specialist Centre,Penang
node/7638380222,Statue of Lim Lean Teng,Public Art,tourism=artwork,5.4071985,100.3051074,8.95,hospital_radius,Bagan Specialist Centre,Penang
node/7642194458,House of Yeap Chor Ee,Museum,tourism=museum,5.4199297,100.3418015,4.99,hospital_radius,Bagan Specialist Centre,Penang
node/7902706241,Bukit Elvira,Mountain / Peak,natural=peak,5.3898618,100.2415396,16.14,hospital_radius,Bagan Specialist Centre,Penang
node/8018752016,Bukit Rimba,Mountain / Peak,natural=peak,5.3507974,100.283014,13.18,hospital_radius,Bagan Specialist Centre,Penang
node/8164718245,Bukit Romania,Mountain / Peak,natural=peak,5.3864181,100.288488,11.11,hospital_radius,Bagan Specialist Centre,Penang
node/8639400450,Bukit Susu,Mountain / Peak,natural=peak,5.3636306,100.2639595,14.46,hospital_radius,Bagan Specialist Centre,Penang
node/8779178550,Aiz Aquarium,Aquarium,tourism=aquarium,5.3330136,100.4818484,13.67,hospital_radius,Bagan Specialist Centre,Penang
node/9063431463,Penang Diocesan Museum,Museum,tourism=museum,5.420648,100.3381208,5.41,hospital_radius,Bagan Specialist Centre,Penang
node/9063431475,Our Lady of Fatima,Public Art,tourism=artwork,5.4207946,100.3378165,5.45,hospital_radius,Bagan Specialist Centre,Penang
node/9065683787,Queen Victoria Memorial,Public Art,tourism=artwork,5.4255257,100.3182953,7.67,hospital_radius,Bagan Specialist Centre,Penang
node/9109636525,Rhythm of Light,Public Art,tourism=artwork,5.3967036,100.3288227,6.5,hospital_radius,Bagan Specialist Centre,Penang
node/9109636526,Rhythm of Light,Public Art,tourism=artwork,5.3963793,100.3284875,6.54,hospital_radius,Bagan Specialist Centre,Penang
node/9121631164,Penang Free School Main Gate,Monument,historic=monument,5.403574,100.3040288,9.09,hospital_radius,Bagan Specialist Centre,Penang
node/9144054333,Penang Chinese Relief Memorial,Public Art,tourism=artwork,5.4056439,100.2827633,11.43,hospital_radius,Bagan Specialist Centre,Penang
node/9144054335,World Peace Memorial,Memorial,historic=memorial,5.4055216,100.2825359,11.45,hospital_radius,Bagan Specialist Centre,Penang
node/9150559753,Padang Brown,Memorial,historic=memorial,5.4144561,100.3167016,7.67,hospital_radius,Bagan Specialist Centre,Penang
node/9176020857,The Top,General Attraction,tourism=attraction,5.4159627,100.3304232,6.17,hospital_radius,Bagan Specialist Centre,Penang
node/9211880464,Rain Gauge 6,Viewpoint / Scenic Spot,tourism=viewpoint,5.4181466,100.2624471,13.69,hospital_radius,Bagan Specialist Centre,Penang
node/9285527376,Bukit Gambir,Mountain / Peak,natural=peak,5.3153919,100.2485695,18.51,hospital_radius,Bagan Specialist Centre,Penang
node/9295191773,Bukit Cow,Mountain / Peak,natural=peak,5.3810267,100.2932073,10.77,hospital_radius,Bagan Specialist Centre,Penang
node/9295206300,Circular root,General Attraction,tourism=attraction,5.3878482,100.2930213,10.58,hospital_radius,Bagan Specialist Centre,Penang
node/9378018810,Relau Villa,Historic Ruins,historic=ruins,5.3456093,100.2719144,14.53,hospital_radius,Bagan Specialist Centre,Penang
node/9396166495,Laman Catur,Park / Green Space,leisure=park,5.4294208,100.2960451,10.17,hospital_radius,Bagan Specialist Centre,Penang
node/9396166496,Penang Graffiti Park,General Attraction,tourism=attraction,5.4291993,100.29542,10.23,hospital_radius,Bagan Specialist Centre,Penang
node/9396182933,Dr. Mukai Reflexology Track,Park / Green Space,leisure=park,5.4295411,100.2974384,10.02,hospital_radius,Bagan Specialist Centre,Penang
node/9404547868,Bukit Hijau,Mountain / Peak,natural=peak,5.388722,100.2910529,10.77,hospital_radius,Bagan Specialist Centre,Penang
node/9473131272,Penang State Art Gallery,Art Gallery,tourism=gallery,5.4218781,100.3404975,5.18,hospital_radius,Bagan Specialist Centre,Penang
node/9480698258,Perai 2,Public Art,tourism=artwork,5.3562597,100.4062911,6.43,hospital_radius,Bagan Specialist Centre,Penang
node/9505728378,Archaeological Site A,Archaeological Site,historic=archaeological_site,5.4124549,100.3332965,5.83,hospital_radius,Bagan Specialist Centre,Penang
node/9505728379,Tapak Arkeologi B,Archaeological Site,historic=archaeological_site,5.4121337,100.3338775,5.76,hospital_radius,Bagan Specialist Centre,Penang
node/9538972867,Old Cabin Train,General Attraction,tourism=attraction,5.424302,100.2690781,13.02,hospital_radius,Bagan Specialist Centre,Penang
node/9551480925,Mesin Padi,Public Art,tourism=artwork,5.56785,100.4288225,18.14,hospital_radius,Bagan Specialist Centre,Penang
node/9743578517,TIAHEERA HALL,General Attraction,tourism=attraction,5.3634369,100.5264332,16.41,hospital_radius,Bagan Specialist Centre,Penang
node/9776843188,Mini Astro Rock ViewPoint,Viewpoint / Scenic Spot,tourism=viewpoint,5.4221487,100.2926362,10.4,hospital_radius,Bagan Specialist Centre,Penang
node/9776872227,Astro Rock View Point,Viewpoint / Scenic Spot,tourism=viewpoint,5.4217233,100.2921306,10.45,hospital_radius,Bagan Specialist Centre,Penang
node/9793143772,Muzium Warisan India,Museum,tourism=museum,5.4212438,100.3040368,9.14,hospital_radius,Bagan Specialist Centre,Penang
node/9794987046,Traditional Joss Stick Maker,Public Art,tourism=artwork,5.4184189,100.338471,5.32,hospital_radius,Bagan Specialist Centre,Penang
node/9796088826,The Tarik Man and Girl,Public Art,tourism=artwork,5.4013932,100.2783595,11.95,hospital_radius,Bagan Specialist Centre,Penang
node/9796265332,"Marking Georgetown ""Report Card""",Public Art,tourism=artwork,5.4191159,100.334613,5.76,hospital_radius,Bagan Specialist Centre,Penang
node/9814845237,Bukit Tiga Batu,Mountain / Peak,natural=peak,5.3753978,100.2636887,14.08,hospital_radius,Bagan Specialist Centre,Penang
node/9848158338,Three Red Chair,Viewpoint / Scenic Spot,tourism=viewpoint,5.3654064,100.4866483,12.23,hospital_radius,Bagan Specialist Centre,Penang
node/9865725643,Bukit Batu Itam,Mountain / Peak,natural=peak,5.3904801,100.2389786,16.41,hospital_radius,Bagan Specialist Centre,Penang
node/9876472441,Zoom Bug,General Attraction,tourism=attraction,5.4489829,100.2156565,19.33,hospital_radius,Bagan Specialist Centre,Penang
node/9876472584,Atan's Jump,General Attraction,tourism=attraction,5.4486132,100.2140904,19.49,hospital_radius,Bagan Specialist Centre,Penang
node/9876472638,Gecko Tower,General Attraction,tourism=attraction,5.4489997,100.2163258,19.25,hospital_radius,Bagan Specialist Centre,Penang
node/9876472640,Coco Climb,General Attraction,tourism=attraction,5.4488513,100.2157657,19.31,hospital_radius,Bagan Specialist Centre,Penang
node/9876472649,Slingshot,General Attraction,tourism=attraction,5.4488812,100.2152715,19.37,hospital_radius,Bagan Specialist Centre,Penang
node/9876472824,Dunk Tank,General Attraction,tourism=attraction,5.447668,100.2142393,19.45,hospital_radius,Bagan Specialist Centre,Penang
node/9876472826,Basecamp,Camp Site,tourism=camp_site,5.44894,100.2133965,19.57,hospital_radius,Bagan Specialist Centre,Penang
node/9876472865,Monkey Bussiness,General Attraction,tourism=attraction,5.4488561,100.2156485,19.32,hospital_radius,Bagan Specialist Centre,Penang
node/9876472878,Atan's Leap,General Attraction,tourism=attraction,5.4489272,100.2165275,19.23,hospital_radius,Bagan Specialist Centre,Penang
node/9878473126,Shiva Statue of Balathandayuthapani Temple,Public Art,tourism=artwork,5.4327118,100.2958166,10.27,hospital_radius,Bagan Specialist Centre,Penang
node/9884292988,Strawberry Hill,Mountain / Peak,natural=peak,5.4244049,100.2693755,12.99,hospital_radius,Bagan Specialist Centre,Penang
node/9884623113,Little Village,General Attraction,tourism=attraction,5.4241367,100.2700916,12.91,hospital_radius,Bagan Specialist Centre,Penang
node/9932024636,Sky Walk,General Attraction,tourism=attraction,5.4235266,100.2697069,12.94,hospital_radius,Bagan Specialist Centre,Penang
node/9932024851,The Colugo Zip,General Attraction,tourism=attraction,5.4208494,100.2642185,13.52,hospital_radius,Bagan Specialist Centre,Penang
node/9954031463,Big Rock,Viewpoint / Scenic Spot,tourism=viewpoint,5.4232209,100.2861165,11.14,hospital_radius,Bagan Specialist Centre,Penang
node/9954031465,Rest Stop 39 ViewPoint,Viewpoint / Scenic Spot,tourism=viewpoint,5.4200543,100.2846563,11.26,hospital_radius,Bagan Specialist Centre,Penang
node/9984403693,Sri Rambai Cannon,General Attraction,tourism=attraction,5.421328,100.3434972,4.85,hospital_radius,Bagan Specialist Centre,Penang
node/9984403705,Chapel,General Attraction,tourism=attraction,5.4202163,100.3432285,4.85,hospital_radius,Bagan Specialist Centre,Penang
node/10015260853,The Mask,Viewpoint / Scenic Spot,tourism=viewpoint,5.3586042,100.4890368,12.79,hospital_radius,Bagan Specialist Centre,Penang
node/10015260855,Triple Rock,Viewpoint / Scenic Spot,tourism=viewpoint,5.3623279,100.4856381,12.27,hospital_radius,Bagan Specialist Centre,Penang
node/10015302108,Rock Forest,Viewpoint / Scenic Spot,tourism=viewpoint,5.3631912,100.4843692,12.1,hospital_radius,Bagan Specialist Centre,Penang
node/10057372972,Flying Diamond Mural,Public Art,tourism=artwork,5.4160761,100.3377236,5.37,hospital_radius,Bagan Specialist Centre,Penang
node/10057382714,Cat Mural,Public Art,tourism=artwork,5.4156457,100.337425,5.4,hospital_radius,Bagan Specialist Centre,Penang
node/10060302509,"Marking George Town - ""Same Taste Same Look"" Mural",Public Art,tourism=artwork,5.4182459,100.3338487,5.83,hospital_radius,Bagan Specialist Centre,Penang
node/10264586736,Cheap Beer Place,General Attraction,tourism=attraction,5.418702,100.3381359,5.37,hospital_radius,Bagan Specialist Centre,Penang
node/10542337310,Jimmy Choo,Public Art,tourism=artwork,5.4207243,100.3338449,5.87,hospital_radius,Bagan Specialist Centre,Penang
node/10572319309,Many Cats,General Attraction,tourism=attraction,5.4159534,100.3376743,5.37,hospital_radius,Bagan Specialist Centre,Penang
node/10579263906,Eagle,Public Art,tourism=artwork,5.5075019,100.4700101,14.26,hospital_radius,Bagan Specialist Centre,Penang
node/10679887614,Old Railway Remnant,Viewpoint / Scenic Spot,tourism=viewpoint,5.3547175,100.5030919,14.38,hospital_radius,Bagan Specialist Centre,Penang
node/10679888908,R29,Viewpoint / Scenic Spot,tourism=viewpoint,5.406656,100.2474444,15.33,hospital_radius,Bagan Specialist Centre,Penang
node/10691107295,Tiger Hill,Mountain / Peak,natural=peak,5.4112329,100.251039,14.93,hospital_radius,Bagan Specialist Centre,Penang
node/10697786497,Bukit Paduka,Mountain / Peak,natural=peak,5.3594232,100.27944,13.08,hospital_radius,Bagan Specialist Centre,Penang
node/10698882055,Red Helmet,Viewpoint / Scenic Spot,tourism=viewpoint,5.4221426,100.2897401,10.72,hospital_radius,Bagan Specialist Centre,Penang
node/10698882056,White Helmet,Viewpoint / Scenic Spot,tourism=viewpoint,5.4224502,100.2912593,10.56,hospital_radius,Bagan Specialist Centre,Penang
node/10698882066,Rainbow Rock,Viewpoint / Scenic Spot,tourism=viewpoint,5.4233922,100.2842831,11.34,hospital_radius,Bagan Specialist Centre,Penang
node/10698882074,Point 3 Viewpoint,Viewpoint / Scenic Spot,tourism=viewpoint,5.4309852,100.2937941,10.45,hospital_radius,Bagan Specialist Centre,Penang
node/10698882082,Secret Garden,Viewpoint / Scenic Spot,tourism=viewpoint,5.425584,100.293351,10.38,hospital_radius,Bagan Specialist Centre,Penang
node/10712219528,RG7,Viewpoint / Scenic Spot,tourism=viewpoint,5.4181489,100.2554154,14.47,hospital_radius,Bagan Specialist Centre,Penang
node/10716449519,Art & Garden,Art Gallery,tourism=gallery,5.4145675,100.2149436,18.93,hospital_radius,Bagan Specialist Centre,Penang
node/10729013171,Rock graffiti,Public Art,tourism=artwork,5.3411828,100.2860731,13.47,hospital_radius,Bagan Specialist Centre,Penang
node/10729013172,Rock graffiti,Public Art,tourism=artwork,5.3411648,100.2859329,13.48,hospital_radius,Bagan Specialist Centre,Penang
node/10729013173,Rock graffiti,Public Art,tourism=artwork,5.34153,100.2853543,13.51,hospital_radius,Bagan Specialist Centre,Penang
node/10729013174,Selamat mendaki,Public Art,tourism=artwork,5.3421582,100.2838831,13.6,hospital_radius,Bagan Specialist Centre,Penang
node/10740493206,Fortress Hill,Viewpoint / Scenic Spot,tourism=viewpoint,5.3717326,100.2627204,14.3,hospital_radius,Bagan Specialist Centre,Penang
node/10741072286,Fish head rock,General Attraction,tourism=attraction,5.3882944,100.290197,10.87,hospital_radius,Bagan Specialist Centre,Penang
node/10943481305,Penang House of Music,Museum,tourism=museum,5.4138258,100.3307192,6.12,hospital_radius,Bagan Specialist Centre,Penang
node/10964084451,Kampung Agong,General Attraction,tourism=attraction,5.5402581,100.3796588,14.46,hospital_radius,Bagan Specialist Centre,Penang
node/10983485705,"""Boy on Motorcycle"" Mural",General Attraction,tourism=attraction,5.414982,100.3385923,5.26,hospital_radius,Bagan Specialist Centre,Penang
node/10983548905,Kids Riding Dog Slide,Public Art,tourism=artwork,5.416984,100.3360019,5.57,hospital_radius,Bagan Specialist Centre,Penang
node/11100979606,King Kong Rock,Viewpoint / Scenic Spot,tourism=viewpoint,5.4227688,100.2872968,11.0,hospital_radius,Bagan Specialist Centre,Penang
node/11100983805,King Kong Rock,Viewpoint / Scenic Spot,tourism=viewpoint,5.4217735,100.2866591,11.06,hospital_radius,Bagan Specialist Centre,Penang
node/11129505677,Harmony Fly,Public Art,tourism=artwork,5.3896486,100.3192887,7.72,hospital_radius,Bagan Specialist Centre,Penang
node/11161044322,Bukit Kenari,Mountain / Peak,natural=peak,5.3171023,100.2576431,17.58,hospital_radius,Bagan Specialist Centre,Penang
node/11226723193,Bukit Tepus,Mountain / Peak,natural=peak,5.3027048,100.246412,19.54,hospital_radius,Bagan Specialist Centre,Penang
node/11226759180,Bukit Penduk,Mountain / Peak,natural=peak,5.304347,100.250206,19.1,hospital_radius,Bagan Specialist Centre,Penang
node/11811820869,TeddyVille Museum,Museum,tourism=museum,5.4770041,100.2695626,14.85,hospital_radius,Bagan Specialist Centre,Penang
node/11830361463,Squiggly tree,General Attraction,tourism=attraction,5.3906355,100.2910153,10.73,hospital_radius,Bagan Specialist Centre,Penang
node/11844620037,Beacon Of Hope Mural,Public Art,tourism=artwork,5.4145337,100.3400497,5.09,hospital_radius,Bagan Specialist Centre,Penang
node/11981177227,F3,Viewpoint / Scenic Spot,tourism=viewpoint,5.3619521,100.4823665,11.96,hospital_radius,Bagan Specialist Centre,Penang
node/12086642669,Top of The Pagoda,Viewpoint / Scenic Spot,tourism=viewpoint,5.3997971,100.2735654,12.49,hospital_radius,Bagan Specialist Centre,Penang
node/12104089116,Bukit Toh Alang,Mountain / Peak,natural=peak,5.450031,100.4999149,13.37,hospital_radius,Bagan Specialist Centre,Penang
node/12129477673,Good View Point,Viewpoint / Scenic Spot,tourism=viewpoint,5.3584932,100.4828936,12.19,hospital_radius,Bagan Specialist Centre,Penang
node/12131251684,Bukit Mengkuang,Mountain / Peak,natural=peak,5.3960838,100.5153523,14.42,hospital_radius,Bagan Specialist Centre,Penang
node/12132488449,Bukit Kg Binjai,Mountain / Peak,natural=peak,5.3513369,100.5038309,14.62,hospital_radius,Bagan Specialist Centre,Penang
node/12133794076,Bukit Kolam (Bukit 800),Mountain / Peak,natural=peak,5.3660379,100.4983632,13.39,hospital_radius,Bagan Specialist Centre,Penang
node/12133795006,Bukit Kg Teluk Bukit,Mountain / Peak,natural=peak,5.3536188,100.5016758,14.29,hospital_radius,Bagan Specialist Centre,Penang
node/12252397818,Peter's Peak,Mountain / Peak,natural=peak,5.4206748,100.2127258,19.2,hospital_radius,Bagan Specialist Centre,Penang
node/12290271674,Chairlift,General Attraction,tourism=attraction,5.4485894,100.2150077,19.39,hospital_radius,Bagan Specialist Centre,Penang
node/12290271675,Ski Slope,General Attraction,tourism=attraction,5.4487326,100.2162415,19.26,hospital_radius,Bagan Specialist Centre,Penang
node/12290271676,Go Bananas,General Attraction,tourism=attraction,5.4488992,100.215527,19.34,hospital_radius,Bagan Specialist Centre,Penang
node/12290271677,Harness Station,General Attraction,tourism=attraction,5.4491393,100.2152662,19.37,hospital_radius,Bagan Specialist Centre,Penang
node/12290271678,Aerobat,General Attraction,tourism=attraction,5.4487207,100.215925,19.29,hospital_radius,Bagan Specialist Centre,Penang
node/12290271679,Family Trail,General Attraction,tourism=attraction,5.4490625,100.2163927,19.25,hospital_radius,Bagan Specialist Centre,Penang
node/12290271680,Discovery Dig,General Attraction,tourism=attraction,5.4489898,100.2164228,19.24,hospital_radius,Bagan Specialist Centre,Penang
node/12290271681,Jumping Jack,General Attraction,tourism=attraction,5.4492526,100.2172811,19.16,hospital_radius,Bagan Specialist Centre,Penang
node/12290271682,Monkey School,General Attraction,tourism=attraction,5.449259,100.2171266,19.17,hospital_radius,Bagan Specialist Centre,Penang
node/12290271683,Flying Lemur,General Attraction,tourism=attraction,5.4496602,100.2175031,19.14,hospital_radius,Bagan Specialist Centre,Penang
node/12290271684,Kite Flyer,General Attraction,tourism=attraction,5.4490546,100.2176043,19.12,hospital_radius,Bagan Specialist Centre,Penang
node/12290271685,Zip Coaster,General Attraction,tourism=attraction,5.4487116,100.2183889,19.02,hospital_radius,Bagan Specialist Centre,Penang
node/12290271686,The Longest,General Attraction,tourism=attraction,5.4488483,100.2183696,19.03,hospital_radius,Bagan Specialist Centre,Penang
node/12290271687,Tubby Racer,General Attraction,tourism=attraction,5.4488453,100.2182066,19.05,hospital_radius,Bagan Specialist Centre,Penang
node/12399007610,Bukit Zi Zai,Mountain / Peak,natural=peak,5.4435725,100.2731859,13.01,hospital_radius,Bagan Specialist Centre,Penang
node/12452573501,Kart Hauz Georgetown,General Attraction,tourism=attraction,5.412152,100.325468,6.69,hospital_radius,Bagan Specialist Centre,Penang
node/12485936113,Sister Curry Mee mural,Public Art,tourism=artwork,5.4024184,100.2779861,11.98,hospital_radius,Bagan Specialist Centre,Penang
node/12528768721,ConvEx @ USM,General Attraction,tourism=attraction,5.3549666,100.3026464,11.09,hospital_radius,Bagan Specialist Centre,Penang
node/12528768753,"Cintailah Bahasa Malaysia, Bahasa Kita",Public Art,tourism=artwork,5.3570098,100.3036411,10.87,hospital_radius,Bagan Specialist Centre,Penang
node/12632121094,"Taman Herba, Jabatan Pertanian",Park / Green Space,leisure=park,5.5175663,100.4349336,13.1,hospital_radius,Bagan Specialist Centre,Penang
node/12669783961,Bukit Rawang Kawah,Mountain / Peak,natural=peak,5.4238739,100.2152524,18.95,hospital_radius,Bagan Specialist Centre,Penang
node/12669790089,Bukit Mengkuang Ulu,Mountain / Peak,natural=peak,5.3836654,100.5127795,14.36,hospital_radius,Bagan Specialist Centre,Penang
node/12669791972,Bukit Kampung Sungai Limau,Mountain / Peak,natural=peak,5.4128058,100.5250271,15.41,hospital_radius,Bagan Specialist Centre,Penang
node/12669796556,Bukit Gajah Mati,Mountain / Peak,natural=peak,5.3080996,100.5227754,18.95,hospital_radius,Bagan Specialist Centre,Penang
node/12669797124,Bukit Kampung Lalang,Mountain / Peak,natural=peak,5.4126912,100.5161817,14.43,hospital_radius,Bagan Specialist Centre,Penang
node/12669804338,Bukit Lubuk Binjal,Mountain / Peak,natural=peak,5.4267631,100.4969489,12.43,hospital_radius,Bagan Specialist Centre,Penang
node/12669814041,Bukit Berapit,Mountain / Peak,natural=peak,5.3810565,100.4856711,11.52,hospital_radius,Bagan Specialist Centre,Penang
node/12670123939,Bukit Tanjung Huma,Mountain / Peak,natural=peak,5.4788123,100.2590448,15.97,hospital_radius,Bagan Specialist Centre,Penang
node/12670144061,Bukit Kg Batu Kecil,Mountain / Peak,natural=peak,5.4144462,100.2119999,19.25,hospital_radius,Bagan Specialist Centre,Penang
node/12676339769,Bukit Kg Masjid,Mountain / Peak,natural=peak,5.2760353,100.2826238,18.81,hospital_radius,Bagan Specialist Centre,Penang
node/12676458565,Bukit Lin Chau Yan,Mountain / Peak,natural=peak,5.3961664,100.235288,16.75,hospital_radius,Bagan Specialist Centre,Penang
node/12676461560,Bukit Sungai Pinang Barat,Mountain / Peak,natural=peak,5.396774,100.2291041,17.42,hospital_radius,Bagan Specialist Centre,Penang
node/12676485713,Bukit Ketompang,Mountain / Peak,natural=peak,5.2911203,100.2816483,17.58,hospital_radius,Bagan Specialist Centre,Penang
node/12676528377,Mount Burney,Mountain / Peak,natural=peak,5.3662852,100.2112518,19.95,hospital_radius,Bagan Specialist Centre,Penang
node/12676688735,Bukit Tok Panjang,Mountain / Peak,natural=peak,5.3507049,100.4305606,8.28,hospital_radius,Bagan Specialist Centre,Penang
node/12686151286,Bukit Sungai Pinang,Mountain / Peak,natural=peak,5.3913817,100.2155518,18.97,hospital_radius,Bagan Specialist Centre,Penang
node/12686200418,Bukit Sg Rusa,Mountain / Peak,natural=peak,5.392531,100.230634,17.3,hospital_radius,Bagan Specialist Centre,Penang
node/12765429333,Union Square,Park / Green Space,leisure=park,5.4185986,100.3425244,4.89,hospital_radius,Bagan Specialist Centre,Penang
node/12785630404,Дети на велосипеде,Public Art,tourism=artwork,5.4156282,100.338173,5.31,hospital_radius,Bagan Specialist Centre,Penang
node/12791130301,Кузнец,Public Art,tourism=artwork,5.4133577,100.3354586,5.59,hospital_radius,Bagan Specialist Centre,Penang
node/13027778524,Bukit Pelanduk,Mountain / Peak,natural=peak,5.4173437,100.434195,5.4,hospital_radius,Bagan Specialist Centre,Penang
node/13027778970,Bukit Minyak,Mountain / Peak,natural=peak,5.3270025,100.4462706,11.43,hospital_radius,Bagan Specialist Centre,Penang
node/13027784733,Bukit Berangan,Mountain / Peak,natural=peak,5.4356894,100.4649877,9.2,hospital_radius,Bagan Specialist Centre,Penang
node/13325605665,Bukit Toh Alang,Mountain / Peak,natural=peak,5.4406988,100.5029619,13.39,hospital_radius,Bagan Specialist Centre,Penang
node/13325621392,Bukit Tok Konan,Mountain / Peak,natural=peak,5.3402322,100.522138,16.98,hospital_radius,Bagan Specialist Centre,Penang
node/13325638506,Bukit Kampung Padang Penyangga,Mountain / Peak,natural=peak,5.3215161,100.5288192,18.66,hospital_radius,Bagan Specialist Centre,Penang
node/13325651470,Bukit Jelutong,Mountain / Peak,natural=peak,5.4236172,100.4436163,6.56,hospital_radius,Bagan Specialist Centre,Penang
node/13326051895,Bukit Balik Pulau,Mountain / Peak,natural=peak,5.3632486,100.2565595,15.25,hospital_radius,Bagan Specialist Centre,Penang
node/13326094698,Bukit Bakar Arang,Mountain / Peak,natural=peak,5.34779,100.2671178,14.88,hospital_radius,Bagan Specialist Centre,Penang
node/13342157963,Bukit Patik,Mountain / Peak,natural=peak,5.2646546,100.4100683,16.43,hospital_radius,Bagan Specialist Centre,Penang
node/13342257122,Bukit Kubang Ulu,Mountain / Peak,natural=peak,5.4143594,100.479748,10.4,hospital_radius,Bagan Specialist Centre,Penang
node/13342374790,Bukit Padang Ibu,Mountain / Peak,natural=peak,5.4208697,100.4718847,9.59,hospital_radius,Bagan Specialist Centre,Penang
node/13342413671,Bukit Guar Perahu,Mountain / Peak,natural=peak,5.4242788,100.4727286,9.74,hospital_radius,Bagan Specialist Centre,Penang
node/13433721401,Tiger Hill Peak 1,Mountain / Peak,natural=peak,5.4132833,100.2553251,14.46,hospital_radius,Bagan Specialist Centre,Penang
node/13463331103,ANDAMAN,Public Art,tourism=artwork,5.4419477,100.3116826,8.93,hospital_radius,Bagan Specialist Centre,Penang
node/13518631247,Heah Swee Lee Ancestral Mansion,General Attraction,tourism=attraction,5.2736945,100.4486392,16.71,hospital_radius,Bagan Specialist Centre,Penang
node/13691642076,Flower with Wire,Public Art,tourism=artwork,5.4162657,100.3356984,5.59,hospital_radius,Bagan Specialist Centre,Penang
node/13691656300,Boy behind Doors,Public Art,tourism=artwork,5.4140312,100.3360911,5.53,hospital_radius,Bagan Specialist Centre,Penang
node/13703155303,Cat Beach,Beach,natural=beach,5.4601826,100.2128078,19.94,hospital_radius,Bagan Specialist Centre,Penang
node/13773017801,Umbrella Alley,Public Art,tourism=artwork,5.4154579,100.3373868,5.4,hospital_radius,Bagan Specialist Centre,Penang
node/13908559068,Meng Eng Soo Memorial Hall,Museum,tourism=museum,5.41733,100.3344468,5.75,hospital_radius,Bagan Specialist Centre,Penang
way/7979589,Japanese Garden,Park / Green Space,leisure=park,5.3961057,100.3020397,9.42,hospital_radius,Bagan Specialist Centre,Penang
way/23108876,Tanah Lapang Lorong Delima 9,Park / Green Space,leisure=park,5.3825129,100.2994076,10.06,hospital_radius,Bagan Specialist Centre,Penang
way/31165081,Padang Kota Lama,Park / Green Space,leisure=park,5.4210814,100.3421436,4.99,hospital_radius,Bagan Specialist Centre,Penang
way/31297272,Taman Poket Persiaran Midlands,Park / Green Space,leisure=park,5.4366361,100.3062491,9.29,hospital_radius,Bagan Specialist Centre,Penang
way/31297273,Taman Kejiranan Medan Maktab,Park / Green Space,leisure=park,5.4340558,100.3087682,8.93,hospital_radius,Bagan Specialist Centre,Penang
way/48277759,Taman Poket Lebuh Orchard,Park / Green Space,leisure=park,5.4561484,100.3022383,10.56,hospital_radius,Bagan Specialist Centre,Penang
way/48277767,Taman Poket Jalan Pakawali,Park / Green Space,leisure=park,5.4641707,100.2886656,12.31,hospital_radius,Bagan Specialist Centre,Penang
way/48277793,Taman Kejiranan Jalan Oldham,Park / Green Space,leisure=park,5.4652083,100.2903391,12.21,hospital_radius,Bagan Specialist Centre,Penang
way/48277940,Taman Poket Jalan Telaga Air,Park / Green Space,leisure=park,5.4556215,100.3041684,10.35,hospital_radius,Bagan Specialist Centre,Penang
way/49042037,Casa Permai Central Park,Park / Green Space,leisure=park,5.4544983,100.2899278,11.7,hospital_radius,Bagan Specialist Centre,Penang
way/124319048,Penang State Museum and Art Gallery,Museum,tourism=museum,5.4204831,100.3385301,5.36,hospital_radius,Bagan Specialist Centre,Penang
way/133870600,Taman Kejiranan Karpal Singh Lorong Delima 11,Park / Green Space,leisure=park,5.3804064,100.2993191,10.15,hospital_radius,Bagan Specialist Centre,Penang
way/160314142,B01 Muzium & Galeri Tengku Fauziah,Museum,tourism=museum,5.3608533,100.3067369,10.35,hospital_radius,Bagan Specialist Centre,Penang
way/161238411,Taman Kejiranan Batu Maung 8,Park / Green Space,leisure=park,5.2854257,100.2778157,18.34,hospital_radius,Bagan Specialist Centre,Penang
way/161721612,Tanah Lapang Taman Sri Nibong,Park / Green Space,leisure=park,5.3323904,100.3010635,12.78,hospital_radius,Bagan Specialist Centre,Penang
way/161721623,Taman Kejiranan Pekaka,Park / Green Space,leisure=park,5.3506006,100.2933795,12.21,hospital_radius,Bagan Specialist Centre,Penang
way/161721626,Taman Kejiranan Persiaran Pantai Jerjak 10,Park / Green Space,leisure=park,5.3367853,100.3039797,12.22,hospital_radius,Bagan Specialist Centre,Penang
way/182489021,Tanah Lapang Berjaya,Park / Green Space,leisure=park,5.4302187,100.3084049,8.86,hospital_radius,Bagan Specialist Centre,Penang
way/189574938,Penang State Museum & Art Gallery (Branch),Museum,tourism=museum,5.4150094,100.3254966,6.7,hospital_radius,Bagan Specialist Centre,Penang
way/247175848,Cheong Fatt Tze Mansion,Museum,tourism=museum,5.4215056,100.3347742,5.79,hospital_radius,Bagan Specialist Centre,Penang
way/261379795,Taman Kejiranan Solok Van Praagh,Park / Green Space,leisure=park,5.3991791,100.3094499,8.55,hospital_radius,Bagan Specialist Centre,Penang
way/261479450,Tanah Lapang Lebuh Nipah 2,Park / Green Space,leisure=park,5.3363609,100.2950103,13.0,hospital_radius,Bagan Specialist Centre,Penang
way/261481508,Taman Kejiranan Taman Hutchings,Park / Green Space,leisure=park,5.3987948,100.3072437,8.8,hospital_radius,Bagan Specialist Centre,Penang
way/261511419,Taman Penyayang,Park / Green Space,leisure=park,5.4151623,100.3192754,7.39,hospital_radius,Bagan Specialist Centre,Penang
way/262004062,Taman Kejiranan Desa Mawar,Park / Green Space,leisure=park,5.3997672,100.2896395,10.72,hospital_radius,Bagan Specialist Centre,Penang
way/262011954,Taman Kejiranan Beriksa,Park / Green Space,leisure=park,5.3876858,100.2794673,12.05,hospital_radius,Bagan Specialist Centre,Penang
way/262021443,Taman Poket Semarak Api Farlim,Park / Green Space,leisure=park,5.3852919,100.2825066,11.78,hospital_radius,Bagan Specialist Centre,Penang
way/262027273,Ayer Itam War Memorial Park,Park / Green Space,leisure=park,5.4055826,100.2826101,11.45,hospital_radius,Bagan Specialist Centre,Penang
way/262030904,Taman Linear Padang Tembak,Park / Green Space,leisure=park,5.4099855,100.2922951,10.36,hospital_radius,Bagan Specialist Centre,Penang
way/262500875,Taman Mini Balik Pulau,Park / Green Space,leisure=park,5.350911,100.2409354,17.36,hospital_radius,Bagan Specialist Centre,Penang
way/262506942,Resident's Playground,Park / Green Space,leisure=park,5.2846146,100.2847682,17.91,hospital_radius,Bagan Specialist Centre,Penang
way/262973518,Taman Bukit Dumbar,Park / Green Space,leisure=park,5.3836546,100.3120665,8.7,hospital_radius,Bagan Specialist Centre,Penang
way/262974882,Taman Kejiranan Lintang Delima 10,Park / Green Space,leisure=park,5.3848407,100.3028887,9.62,hospital_radius,Bagan Specialist Centre,Penang
way/262977699,Tanah Lapang Batu Green,Park / Green Space,leisure=park,5.3874059,100.3064223,9.16,hospital_radius,Bagan Specialist Centre,Penang
way/263000151,Tanah Lapang Angkatan,Park / Green Space,leisure=park,5.394884,100.3164298,7.88,hospital_radius,Bagan Specialist Centre,Penang
way/263442396,Friendship Park,Park / Green Space,leisure=park,5.4215481,100.3365581,5.6,hospital_radius,Bagan Specialist Centre,Penang
way/264409589,Koh Seang Tat Fountain Garden,Park / Green Space,leisure=park,5.4208498,100.3409391,5.11,hospital_radius,Bagan Specialist Centre,Penang
way/264413765,Taman Kejiranan Macallum,Park / Green Space,leisure=park,5.4052831,100.3343833,5.73,hospital_radius,Bagan Specialist Centre,Penang
way/264427142,Taman Kejiranan Lengkok Free School,Park / Green Space,leisure=park,5.4036077,100.3139115,8.0,hospital_radius,Bagan Specialist Centre,Penang
way/264428700,Taman Kejiranan Taman Hikmat,Park / Green Space,leisure=park,5.3938243,100.3097246,8.63,hospital_radius,Bagan Specialist Centre,Penang
way/264428701,Tanah Lapang Taman Hijau 3,Park / Green Space,leisure=park,5.3958027,100.3071662,8.86,hospital_radius,Bagan Specialist Centre,Penang
way/264547474,Sun Yat-Sen Memorial Center Penang,Museum,tourism=museum,5.4155318,100.3242019,6.85,hospital_radius,Bagan Specialist Centre,Penang
way/264867106,Penang Bird Park,Zoo / Wildlife Park,tourism=zoo,5.3952034,100.3946025,1.95,hospital_radius,Bagan Specialist Centre,Penang
way/264867107,Armenian Park,Park / Green Space,leisure=park,5.415408,100.3361157,5.54,hospital_radius,Bagan Specialist Centre,Penang
way/265914356,Pantai Tanjung Bungah,General Attraction,tourism=attraction,5.4680059,100.2843792,12.93,hospital_radius,Bagan Specialist Centre,Penang
way/267344806,Han Jiang Ancestral Temple,General Attraction,tourism=attraction,5.4166823,100.338159,5.33,hospital_radius,Bagan Specialist Centre,Penang
way/268531305,Goddess of Mercy Temple,General Attraction,tourism=attraction,5.418679,100.3385723,5.32,hospital_radius,Bagan Specialist Centre,Penang
way/268563990,Nan Hai Hui Guan,Viewpoint / Scenic Spot,tourism=viewpoint,5.419056,100.3335529,5.87,hospital_radius,Bagan Specialist Centre,Penang
way/268854286,i-box Glass Museum Penang,Museum,tourism=museum,5.4175143,100.3295286,6.29,hospital_radius,Bagan Specialist Centre,Penang
way/269782700,Irrawaddy Road Pocket Park,Park / Green Space,leisure=park,5.4253294,100.3223863,7.22,hospital_radius,Bagan Specialist Centre,Penang
way/270030121,Taman Lalulintas,Park / Green Space,leisure=park,5.4171573,100.3194206,7.4,hospital_radius,Bagan Specialist Centre,Penang
way/270531639,Taman Bandaraya Pulau Pinang (Youth Park),Park / Green Space,leisure=park,5.430274,100.2968429,10.1,hospital_radius,Bagan Specialist Centre,Penang
way/270535817,Tanah Lapang Gottlieb,Park / Green Space,leisure=park,5.4322344,100.3005234,9.76,hospital_radius,Bagan Specialist Centre,Penang
way/274731273,Taman Kejiranan Jalan Sungai Ara 1,Park / Green Space,leisure=park,5.3261324,100.2662988,16.22,hospital_radius,Bagan Specialist Centre,Penang
way/275173086,Taman Poket Lorong Nipah 3,Park / Green Space,leisure=park,5.3412929,100.294633,12.69,hospital_radius,Bagan Specialist Centre,Penang
way/275619764,Forestry Museum,Museum,tourism=museum,5.4464666,100.2171091,19.11,hospital_radius,Bagan Specialist Centre,Penang
way/275620241,Taman Buah-Buahan Tropika,General Attraction,tourism=attraction,5.4160723,100.2181738,18.58,hospital_radius,Bagan Specialist Centre,Penang
way/275631932,Yahong Art Gallery,Art Gallery,tourism=gallery,5.4701631,100.2457196,16.88,hospital_radius,Bagan Specialist Centre,Penang
way/276469375,Rumah Kelahiran & Galeri P. Ramlee,Museum,tourism=museum,5.4102675,100.3135195,8.01,hospital_radius,Bagan Specialist Centre,Penang
way/277979972,Taman Poket Jalan Hijau 4,Park / Green Space,leisure=park,5.3949585,100.3058831,9.02,hospital_radius,Bagan Specialist Centre,Penang
way/278141646,Taman Kejiranan Lengkok P. Ramlee,Park / Green Space,leisure=park,5.4053656,100.3099343,8.43,hospital_radius,Bagan Specialist Centre,Penang
way/282453488,Dataran Pemuda Merdeka,Park / Green Space,leisure=park,5.4082459,100.369726,1.8,hospital_radius,Bagan Specialist Centre,Penang
way/290825436,Taman Rekreasi Muara Sungai Pinang,Park / Green Space,leisure=park,5.403435,100.33214,6.0,hospital_radius,Bagan Specialist Centre,Penang
way/290853911,Straits Green Playground By The Sea,Park / Green Space,leisure=park,5.4608177,100.3089823,10.19,hospital_radius,Bagan Specialist Centre,Penang
way/291199644,Tanah Lapang Gelugor,Park / Green Space,leisure=park,5.3848117,100.3074725,9.13,hospital_radius,Bagan Specialist Centre,Penang
way/292411423,Tanah Lapang Sunway Tunas,Park / Green Space,leisure=park,5.3268079,100.2786376,15.08,hospital_radius,Bagan Specialist Centre,Penang
way/312871935,Taman Kejiranan Jalan Sungai Emas,Park / Green Space,leisure=park,5.4733614,100.2535157,16.24,hospital_radius,Bagan Specialist Centre,Penang
way/325187723,Penang Botanic Gardens,General Attraction,tourism=attraction,5.4381489,100.2903453,11.02,hospital_radius,Bagan Specialist Centre,Penang
way/353782552,Jalan Pasar,General Attraction,tourism=attraction,5.3639993,100.4604594,9.74,hospital_radius,Bagan Specialist Centre,Penang
way/354004636,AEON MALL Bukit Mertajam,General Attraction,tourism=attraction,5.3201678,100.4779267,14.3,hospital_radius,Bagan Specialist Centre,Penang
way/354005096,Bukit D.O.,Park / Green Space,leisure=park,5.3611595,100.4576448,9.65,hospital_radius,Bagan Specialist Centre,Penang
way/354331493,Sri Mangalanayagi Amman Devasthanam,General Attraction,tourism=attraction,5.3613032,100.4642161,10.25,hospital_radius,Bagan Specialist Centre,Penang
way/385219774,Ski Slide Park,Park / Green Space,leisure=park,5.3042827,100.4850606,16.12,hospital_radius,Bagan Specialist Centre,Penang
way/388812051,Taman Rekreasi Bagan,Park / Green Space,leisure=park,5.4101175,100.3855382,0.05,hospital_radius,Bagan Specialist Centre,Penang
way/417486416,Linear Park,Park / Green Space,leisure=park,5.3030161,100.4861341,16.3,hospital_radius,Bagan Specialist Centre,Penang
way/460277397,Pusat Kokurikulum Pulau Pinang (Kem Mutiara),Camp Site,tourism=camp_site,5.3412606,100.4783705,12.8,hospital_radius,Bagan Specialist Centre,Penang
way/464338956,Rumah Berhala Tow Boo Kong Butterworth,General Attraction,tourism=attraction,5.4401912,100.3876524,3.32,hospital_radius,Bagan Specialist Centre,Penang
way/470109444,Laman Sepadu,Park / Green Space,leisure=park,5.4852308,100.4967543,14.83,hospital_radius,Bagan Specialist Centre,Penang
way/476057111,Taman Awam Metropolitan Relau,Park / Green Space,leisure=park,5.3472764,100.2710839,14.52,hospital_radius,Bagan Specialist Centre,Penang
way/487787305,Anjung Bagan,Park / Green Space,leisure=park,5.4068999,100.369107,1.9,hospital_radius,Bagan Specialist Centre,Penang
way/488598094,Tanah Lapang Sg. Ara Satu,Park / Green Space,leisure=park,5.3242537,100.2610609,16.81,hospital_radius,Bagan Specialist Centre,Penang
way/502324264,Vangohh Eminent,General Attraction,tourism=attraction,5.3298928,100.4997175,15.46,hospital_radius,Bagan Specialist Centre,Penang
way/506173463,Kulim Hi-Tech Park,Public Art,tourism=artwork,5.4423133,100.5626994,19.89,hospital_radius,Bagan Specialist Centre,Penang
way/518169095,Dataran Kulim,Park / Green Space,leisure=park,5.3673611,100.5531485,19.12,hospital_radius,Bagan Specialist Centre,Penang
way/519580050,Taman Areca,Park / Green Space,leisure=park,5.4028511,100.3308756,6.15,hospital_radius,Bagan Specialist Centre,Penang
way/519580071,Taman Kejiranan Lebuh Sungai Pinang 7,Park / Green Space,leisure=park,5.4015068,100.3324688,6.0,hospital_radius,Bagan Specialist Centre,Penang
way/544494809,Brown Garden Park,Park / Green Space,leisure=park,5.3679281,100.304047,10.22,hospital_radius,Bagan Specialist Centre,Penang
way/547687763,Taman Kejiranan Lebuh Relau 1,Park / Green Space,leisure=park,5.3403043,100.2727884,14.75,hospital_radius,Bagan Specialist Centre,Penang
way/550971418,Penang Hill Gallery @ Edgecliff,Museum,tourism=museum,5.4240972,100.2706086,12.85,hospital_radius,Bagan Specialist Centre,Penang
way/552273890,Taman Kejiranan Bayan Indah,Park / Green Space,leisure=park,5.3399672,100.3092318,11.55,hospital_radius,Bagan Specialist Centre,Penang
way/552276468,Taman Poket Jalan Ladang Lada,Park / Green Space,leisure=park,5.4549061,100.2984626,10.87,hospital_radius,Bagan Specialist Centre,Penang
way/555741381,福德堂 大伯公,Viewpoint / Scenic Spot,tourism=viewpoint,5.4125511,100.2699276,12.84,hospital_radius,Bagan Specialist Centre,Penang
way/560119683,Taman Poket Jesselton,Park / Green Space,leisure=park,5.425027,100.3010441,9.53,hospital_radius,Bagan Specialist Centre,Penang
way/563303087,Dataran Putra,Park / Green Space,leisure=park,5.3727058,100.5415173,17.73,hospital_radius,Bagan Specialist Centre,Penang
way/571661326,Taman Kejiranan Medan Nipah,Park / Green Space,leisure=park,5.33927,100.2967853,12.64,hospital_radius,Bagan Specialist Centre,Penang
way/572253816,Taman Kejiranan Changkat Minden,Park / Green Space,leisure=park,5.3624468,100.3010601,10.8,hospital_radius,Bagan Specialist Centre,Penang
way/572292372,Taman Kejiranan Jalan Batu Uban,Park / Green Space,leisure=park,5.3522306,100.3081794,10.76,hospital_radius,Bagan Specialist Centre,Penang
way/573767559,Taman Kejiranan Lengkok Nipah,Park / Green Space,leisure=park,5.341363,100.2930429,12.83,hospital_radius,Bagan Specialist Centre,Penang
way/574266349,Jalan Pantai Jerjak 10 Neighbourhood Park,Park / Green Space,leisure=park,5.3419503,100.3039712,11.84,hospital_radius,Bagan Specialist Centre,Penang
way/583879776,Taman Tugu Kota Demokrasi Bagan,Park / Green Space,leisure=park,5.4159538,100.3836846,0.66,hospital_radius,Bagan Specialist Centre,Penang
way/585862465,Wonderfood Museum,Museum,tourism=museum,5.4161865,100.3412559,4.98,hospital_radius,Bagan Specialist Centre,Penang
way/589805186,Queen Victoria Memorial Clock Tower,General Attraction,tourism=attraction,5.4193837,100.3442433,4.72,hospital_radius,Bagan Specialist Centre,Penang
way/593774430,Francis Light Memorial,Memorial,historic=memorial,5.420022,100.3393223,5.26,hospital_radius,Bagan Specialist Centre,Penang
way/601267471,Jambatan Pulau Pinang,General Attraction,tourism=attraction,5.3555062,100.3517423,7.18,hospital_radius,Bagan Specialist Centre,Penang
way/608562554,Taman Bandaraya Vision Park,Park / Green Space,leisure=park,5.5210065,100.4609212,14.84,hospital_radius,Bagan Specialist Centre,Penang
way/611864300,WoodHaven,Park / Green Space,leisure=park,5.3548187,100.4471981,9.18,hospital_radius,Bagan Specialist Centre,Penang
way/615823557,Taman Bandar Ampang Jajar,Park / Green Space,leisure=park,5.4159934,100.404347,2.14,hospital_radius,Bagan Specialist Centre,Penang
way/616088358,Taman Perda Indah,Park / Green Space,leisure=park,5.5114071,100.5026383,17.12,hospital_radius,Bagan Specialist Centre,Penang
way/625543032,Amphitheater Park,Park / Green Space,leisure=park,5.3032296,100.4887226,16.48,hospital_radius,Bagan Specialist Centre,Penang
way/627675276,Taman Kejiranan Jln Tengah,Park / Green Space,leisure=park,5.3181902,100.2865864,15.03,hospital_radius,Bagan Specialist Centre,Penang
way/627681157,Taman Pocket Bukit Gedung,Park / Green Space,leisure=park,5.3172972,100.2838065,15.33,hospital_radius,Bagan Specialist Centre,Penang
way/627848751,Icon City,General Attraction,tourism=attraction,5.3436477,100.4337106,9.12,hospital_radius,Bagan Specialist Centre,Penang
way/651532904,Taman Upcycle,Park / Green Space,leisure=park,5.3711474,100.4321946,6.73,hospital_radius,Bagan Specialist Centre,Penang
way/655607701,Taman Rekreasi Awam Sembilang,Park / Green Space,leisure=park,5.40435,100.4000479,1.71,hospital_radius,Bagan Specialist Centre,Penang
way/676977449,Taman Rekreasi Taman Manggis,Park / Green Space,leisure=park,5.4173488,100.3256611,6.71,hospital_radius,Bagan Specialist Centre,Penang
way/690623746,River Trail Kolam Teratai,Park / Green Space,leisure=park,5.3526752,100.4474192,9.36,hospital_radius,Bagan Specialist Centre,Penang
way/693026998,Tanah Lapang Persiaran Bukit Jambul,Park / Green Space,leisure=park,5.3460356,100.2755829,14.15,hospital_radius,Bagan Specialist Centre,Penang
way/699234331,Mertajam Art Walk (Lorong Ann Cheng),General Attraction,tourism=attraction,5.3634127,100.4626391,9.97,hospital_radius,Bagan Specialist Centre,Penang
way/712720603,Taman Bandar Arkeologi Sia Boey,Park / Green Space,leisure=park,5.4126742,100.3333506,5.82,hospital_radius,Bagan Specialist Centre,Penang
way/756819011,Taman Pantai,Park / Green Space,leisure=park,5.4054366,100.3671363,2.15,hospital_radius,Bagan Specialist Centre,Penang
way/764331818,Taman Tunku,Park / Green Space,leisure=park,5.3882112,100.4030681,3.11,hospital_radius,Bagan Specialist Centre,Penang
way/782020626,Taman Kejiranan Lorong Sungai Kelian 8,Park / Green Space,leisure=park,5.4619172,100.2839592,12.65,hospital_radius,Bagan Specialist Centre,Penang
way/804793425,Galeri Arkeologi Guar Kepah,Archaeological Site,historic=archaeological_site,5.5578619,100.4247545,16.95,hospital_radius,Bagan Specialist Centre,Penang
way/807946598,Tanah Lapang Persiaran Paya Terubong 2,Park / Green Space,leisure=park,5.3374435,100.27889,14.36,hospital_radius,Bagan Specialist Centre,Penang
way/808277518,Kediaman Pegawai Daerah Daerah Barat Daya,Historic Fort/Castle,historic=castle,5.3567767,100.2260275,18.67,hospital_radius,Bagan Specialist Centre,Penang
way/809425665,Taman Bukit Dumbar Timur,Park / Green Space,leisure=park,5.3829178,100.314755,8.45,hospital_radius,Bagan Specialist Centre,Penang
way/809600689,MBSP Eco Corridor,Park / Green Space,leisure=park,5.3710692,100.4230463,6.0,hospital_radius,Bagan Specialist Centre,Penang
way/813007515,Taman AWANI,Park / Green Space,leisure=park,5.3877779,100.2763182,12.39,hospital_radius,Bagan Specialist Centre,Penang
way/816400369,Tanah Lapang Persiaran Lengkuas,Park / Green Space,leisure=park,5.4507418,100.303683,10.15,hospital_radius,Bagan Specialist Centre,Penang
way/816825648,Taman Sepadu Playground,Park / Green Space,leisure=park,5.4854966,100.4965525,14.83,hospital_radius,Bagan Specialist Centre,Penang
way/833412650,Robina Eco Park,Park / Green Space,leisure=park,5.4764195,100.3794759,7.38,hospital_radius,Bagan Specialist Centre,Penang
way/865288171,Bukit Bendera,Nature Reserve,leisure=nature_reserve,5.4178712,100.2675948,13.12,hospital_radius,Bagan Specialist Centre,Penang
way/881670967,Taman Kejiranan Persiaran Paya Terubong 3,Park / Green Space,leisure=park,5.335162,100.2763814,14.73,hospital_radius,Bagan Specialist Centre,Penang
way/913244568,Taman Perda Indah,Park / Green Space,leisure=park,5.5127156,100.5023736,17.2,hospital_radius,Bagan Specialist Centre,Penang
way/921288308,Dark Mansion - 3D Glow In The Dark Museum,Museum,tourism=museum,5.4163984,100.3324326,5.95,hospital_radius,Bagan Specialist Centre,Penang
way/943218511,USM,Public Art,tourism=artwork,5.3616494,100.3081804,10.17,hospital_radius,Bagan Specialist Centre,Penang
way/943229470,Lin Xiang Xiong Art Gallery,Art Gallery,tourism=gallery,5.3765583,100.319275,8.28,hospital_radius,Bagan Specialist Centre,Penang
way/943229481,Taman Kejiranan Lengkok Free School,Park / Green Space,leisure=park,5.4044911,100.3143602,7.95,hospital_radius,Bagan Specialist Centre,Penang
way/975344648,G+P,Park / Green Space,leisure=park,5.4183797,100.3413386,5.01,hospital_radius,Bagan Specialist Centre,Penang
way/975859278,Lengkok Burma Pocket Park,Park / Green Space,leisure=park,5.426881,100.314272,8.14,hospital_radius,Bagan Specialist Centre,Penang
way/979451401,Makam Ma'amah,Memorial,historic=memorial,5.416353,100.3363242,5.53,hospital_radius,Bagan Specialist Centre,Penang
way/979737123,Makam Syed Hussain Idid,Memorial,historic=memorial,5.414619,100.3360449,5.54,hospital_radius,Bagan Specialist Centre,Penang
way/980759330,Taman Harapan,Park / Green Space,leisure=park,5.4084631,100.3237486,6.88,hospital_radius,Bagan Specialist Centre,Penang
way/980770326,Taman Kejiranan Lorong Amoy,Park / Green Space,leisure=park,5.4210805,100.3283996,6.47,hospital_radius,Bagan Specialist Centre,Penang
way/983090603,Taman Kejiranan Lorong Gemilang,Park / Green Space,leisure=park,5.395987,100.3112275,8.42,hospital_radius,Bagan Specialist Centre,Penang
way/983525462,Rumah Kelahiran P. Ramlee,Museum,tourism=museum,5.4100871,100.3138065,7.98,hospital_radius,Bagan Specialist Centre,Penang
way/983796235,Tanah Lapang Jalan Sungai,Park / Green Space,leisure=park,5.4080128,100.3248471,6.76,hospital_radius,Bagan Specialist Centre,Penang
way/983796242,Pocket Park Sungai Pinang,Park / Green Space,leisure=park,5.4078898,100.3255246,6.69,hospital_radius,Bagan Specialist Centre,Penang
way/985427002,Taman Lintang Penawar,Park / Green Space,leisure=park,5.3988389,100.3165052,7.79,hospital_radius,Bagan Specialist Centre,Penang
way/985767388,Taman Kejiranan Solok Sungai Pinang 6,Park / Green Space,leisure=park,5.3983036,100.3245622,6.92,hospital_radius,Bagan Specialist Centre,Penang
way/987262520,Taman Kejiranan Lebuh Padang Tembak,Park / Green Space,leisure=park,5.4071928,100.292511,10.34,hospital_radius,Bagan Specialist Centre,Penang
way/987302215,Taman Kejiranan Lorong Zoo 7,Park / Green Space,leisure=park,5.4016681,100.2838316,11.34,hospital_radius,Bagan Specialist Centre,Penang
way/987562422,Taman Kejiranan Medan Terengganu,Park / Green Space,leisure=park,5.403774,100.3074357,8.72,hospital_radius,Bagan Specialist Centre,Penang
way/987633872,Taman Poket Jalan Sungai Dua,Park / Green Space,leisure=park,5.3433692,100.2985843,12.2,hospital_radius,Bagan Specialist Centre,Penang
way/987910765,Batu Lanchang Bamboo Tunnel,Park / Green Space,leisure=park,5.3897918,100.3065725,9.07,hospital_radius,Bagan Specialist Centre,Penang
way/988164236,Tanah Lapang Jelutong,Park / Green Space,leisure=park,5.386506,100.3109096,8.71,hospital_radius,Bagan Specialist Centre,Penang
way/988176373,Taman Jajar Lebuh Bukit Kecil,Park / Green Space,leisure=park,5.3304741,100.3005678,12.97,hospital_radius,Bagan Specialist Centre,Penang
way/988176407,Taman Kejiranan Gerbang Bukit Kecil 2,Park / Green Space,leisure=park,5.3328835,100.2988785,12.93,hospital_radius,Bagan Specialist Centre,Penang
way/988480153,Taman Kejiranan Jalan Gangsa,Park / Green Space,leisure=park,5.3933558,100.2992952,9.77,hospital_radius,Bagan Specialist Centre,Penang
way/988480156,Tanah Lapang Solok Tembaga,Park / Green Space,leisure=park,5.3912098,100.2975021,10.01,hospital_radius,Bagan Specialist Centre,Penang
way/988528798,Taman Poket Jalan Cengai,Park / Green Space,leisure=park,5.4607707,100.301889,10.85,hospital_radius,Bagan Specialist Centre,Penang
way/988531300,Taman Kejiranan Loh Poh Heng,Park / Green Space,leisure=park,5.4621093,100.2880863,12.26,hospital_radius,Bagan Specialist Centre,Penang
way/988824707,Taman Poket Jalan Molek,Park / Green Space,leisure=park,5.3678709,100.309367,9.7,hospital_radius,Bagan Specialist Centre,Penang
way/989297694,Taman Kejiranan Air Putih,Park / Green Space,leisure=park,5.4099101,100.2802235,11.7,hospital_radius,Bagan Specialist Centre,Penang
way/989309415,Memorial Park Mural,Public Art,tourism=artwork,5.4057083,100.2824863,11.46,hospital_radius,Bagan Specialist Centre,Penang
way/990609233,Taman Kejiranan Solok Tembaga,Park / Green Space,leisure=park,5.388207,100.2969291,10.15,hospital_radius,Bagan Specialist Centre,Penang
way/991037366,Taman Kejiranan Lintang Delima 3,Park / Green Space,leisure=park,5.3863335,100.301222,9.75,hospital_radius,Bagan Specialist Centre,Penang
way/991037405,Taman Kejiranan Lintang Delima 2,Park / Green Space,leisure=park,5.3870149,100.3009079,9.76,hospital_radius,Bagan Specialist Centre,Penang
way/991099871,Taman Kejiranan Jalan Kampung Pisang,Park / Green Space,leisure=park,5.3959332,100.2844927,11.34,hospital_radius,Bagan Specialist Centre,Penang
way/991608105,Taman Kejiranan Lorong Delima 13,Park / Green Space,leisure=park,5.3790574,100.3015599,9.96,hospital_radius,Bagan Specialist Centre,Penang
way/992103998,Taman Poket Bukit Jambul,Park / Green Space,leisure=park,5.3476865,100.2732564,14.29,hospital_radius,Bagan Specialist Centre,Penang
way/993213420,Komtar Walk,General Attraction,tourism=attraction,5.4156432,100.3309512,6.11,hospital_radius,Bagan Specialist Centre,Penang
way/993213442,Tech Dome,Museum,tourism=museum,5.4140329,100.3304902,6.15,hospital_radius,Bagan Specialist Centre,Penang
way/995120798,Taman Poket Lengkok Sungai Emas 4,Park / Green Space,leisure=park,5.4705178,100.2518947,16.27,hospital_radius,Bagan Specialist Centre,Penang
way/995120839,Taman Poket Jalan Bayu,Park / Green Space,leisure=park,5.4791595,100.256016,16.28,hospital_radius,Bagan Specialist Centre,Penang
way/1016821228,Vista Point,Park / Green Space,leisure=park,5.3421538,100.2647168,15.41,hospital_radius,Bagan Specialist Centre,Penang
way/1018472479,Taman Kejiranan Jalan Nibong,Park / Green Space,leisure=park,5.3251268,100.2904845,14.19,hospital_radius,Bagan Specialist Centre,Penang
way/1018472513,Taman Kejiranan Murraya Indah,Park / Green Space,leisure=park,5.3434266,100.2912547,12.85,hospital_radius,Bagan Specialist Centre,Penang
way/1018472514,Taman Poket Lengkok Nipah 3,Park / Green Space,leisure=park,5.343882,100.2935628,12.62,hospital_radius,Bagan Specialist Centre,Penang
way/1018568502,Tropical Spice Garden,General Attraction,tourism=attraction,5.4633297,100.2292513,18.31,hospital_radius,Bagan Specialist Centre,Penang
way/1018716392,Penang Bee Gallery,Museum,tourism=museum,5.4351155,100.2943313,10.5,hospital_radius,Bagan Specialist Centre,Penang
way/1026311816,Taman Jajar,Park / Green Space,leisure=park,5.4116934,100.3055917,8.89,hospital_radius,Bagan Specialist Centre,Penang
way/1026731442,Taman Poket Air Raja,Park / Green Space,leisure=park,5.4281008,100.3018526,9.51,hospital_radius,Bagan Specialist Centre,Penang
way/1027449855,Bertam Resort & Water Park,Other (water_park),leisure=water_park,5.5208274,100.4526307,14.33,hospital_radius,Bagan Specialist Centre,Penang
way/1027468422,Pusat Rekreasi Pantai Kamloon,General Attraction,tourism=attraction,5.5624824,100.4436984,18.08,hospital_radius,Bagan Specialist Centre,Penang
way/1029956630,Taman Kejiranan Taman Bunga Raya,Park / Green Space,leisure=park,5.3786422,100.3062417,9.5,hospital_radius,Bagan Specialist Centre,Penang
way/1029963177,Taman Kejiranan Lorong Tanjung Bungah,Park / Green Space,leisure=park,5.4699899,100.2744699,14.0,hospital_radius,Bagan Specialist Centre,Penang
way/1029963178,Taman Kejiranan Lorong Tanjung Bungah,Park / Green Space,leisure=park,5.4692512,100.274502,13.96,hospital_radius,Bagan Specialist Centre,Penang
way/1031926264,Taman Poket Lorong Sungai Kelian 2,Park / Green Space,leisure=park,5.4606423,100.2872715,12.26,hospital_radius,Bagan Specialist Centre,Penang
way/1039007126,Pusat Kokurikulum MRSM PDRM,Camp Site,tourism=camp_site,5.3253854,100.5353768,19.06,hospital_radius,Bagan Specialist Centre,Penang
way/1057214287,Taman Kejiranan Jalan Jeliti,Park / Green Space,leisure=park,5.2798717,100.273821,19.09,hospital_radius,Bagan Specialist Centre,Penang
way/1057272090,Taman Kejiranan Halaman Murni Bayan Lepas,Park / Green Space,leisure=park,5.2958294,100.2621305,18.71,hospital_radius,Bagan Specialist Centre,Penang
way/1067242715,Colonial Penang Museum,Museum,tourism=museum,5.4289008,100.306151,9.06,hospital_radius,Bagan Specialist Centre,Penang
way/1083810905,Earthquake & Typhoon Pavilion,General Attraction,tourism=attraction,5.4251713,100.2690173,13.04,hospital_radius,Bagan Specialist Centre,Penang
way/1087007610,Gazebo (Lookout Point),Viewpoint / Scenic Spot,tourism=viewpoint,5.3429416,100.2864242,13.32,hospital_radius,Bagan Specialist Centre,Penang
way/1087055307,Taman Terapeutik Hospital Seberang Jaya,Park / Green Space,leisure=park,5.3943191,100.4066828,2.91,hospital_radius,Bagan Specialist Centre,Penang
way/1134824477,Musical fountain,General Attraction,tourism=attraction,5.5075947,100.4691815,14.21,hospital_radius,Bagan Specialist Centre,Penang
way/1151490386,Taman Trafik Taman Dahlia,Park / Green Space,leisure=park,5.4232036,100.3847884,1.43,hospital_radius,Bagan Specialist Centre,Penang
way/1151973821,Bangawan Solo,Camp Site,tourism=camp_site,5.4063244,100.206267,19.89,hospital_radius,Bagan Specialist Centre,Penang
way/1185247004,Pek Kong Cheng,General Attraction,tourism=attraction,5.3642481,100.4609155,9.76,hospital_radius,Bagan Specialist Centre,Penang
way/1186178338,Taman Tasik Putra,Park / Green Space,leisure=park,5.3711099,100.5599533,19.76,hospital_radius,Bagan Specialist Centre,Penang
way/1202839211,Tanah Lapang Persiaran Halia 2,Park / Green Space,leisure=park,5.4490839,100.2986978,10.57,hospital_radius,Bagan Specialist Centre,Penang
way/1302204329,Color Port,General Attraction,tourism=attraction,5.414833,100.3432772,4.74,hospital_radius,Bagan Specialist Centre,Penang
way/1306922168,Taman Kejiranan Rena,Park / Green Space,leisure=park,5.3747037,100.2172296,19.09,hospital_radius,Bagan Specialist Centre,Penang
way/1328352102,Har Yang Sit Teik Tong Yeoh Kongsi,General Attraction,tourism=attraction,5.4149094,100.3402059,5.08,hospital_radius,Bagan Specialist Centre,Penang
way/1360038741,Taman Kejiranan Lilitan Sungai Ara,Park / Green Space,leisure=park,5.3314537,100.2737075,15.21,hospital_radius,Bagan Specialist Centre,Penang
way/1424800451,The Habitat Penang Hill,General Attraction,tourism=attraction,5.4227741,100.2661331,13.33,hospital_radius,Bagan Specialist Centre,Penang
way/1434321181,Penang Ferry Museum,Museum,tourism=museum,5.414585,100.3434946,4.72,hospital_radius,Bagan Specialist Centre,Penang
way/1451552618,Taman Kejiranan Lebuh Jesselton Selatan 5,Park / Green Space,leisure=park,5.4174595,100.293408,10.27,hospital_radius,Bagan Specialist Centre,Penang
way/1452803955,Lavenda Fun Park,Theme Park,tourism=theme_park,5.3383736,100.4270151,9.21,hospital_radius,Bagan Specialist Centre,Penang
way/1453006328,Padang Kopa A,Park / Green Space,leisure=park,5.3606217,100.3089924,10.15,hospital_radius,Bagan Specialist Centre,Penang
way/1480149286,Automotive Gallery,Museum,tourism=museum,5.4142583,100.3251464,6.74,hospital_radius,Bagan Specialist Centre,Penang
way/471342266,Padang P11D/14,Park / Green Space,leisure=park,2.9647149,101.6727667,14.61,hospital_radius,Beacon Hospital,Selangor
way/471344128,playground p11d/9,Park / Green Space,leisure=park,2.9651296,101.6740943,14.61,hospital_radius,Beacon Hospital,Selangor
node/2681623364,Oil Well No.1 (Grand Old Lady),Monument,historic=monument,4.3888285,113.9950938,1.46,hospital_radius,Borneo Medical Centre Miri,Sarawak
node/2757720348,Canada Hill,Mountain / Peak,natural=peak,4.3871365,113.9927211,1.13,hospital_radius,Borneo Medical Centre Miri,Sarawak
node/3656214518,Tanjung Lobang World War 2 Victims Memorial,Memorial,historic=memorial,4.3615768,113.9625955,3.25,hospital_radius,Borneo Medical Centre Miri,Sarawak
node/4951969440,Replica of the Grand Old Lady Oil Well,Viewpoint / Scenic Spot,tourism=viewpoint,4.3671097,113.9798945,1.6,hospital_radius,Borneo Medical Centre Miri,Sarawak
node/5042131723,Hornbill statues,Public Art,tourism=artwork,4.3929869,113.9862934,1.38,hospital_radius,Borneo Medical Centre Miri,Sarawak
node/5132767322,Sea Horse Statue,Public Art,tourism=artwork,4.3591089,113.9816855,2.42,hospital_radius,Borneo Medical Centre Miri,Sarawak
node/5297437321,Canada Hill hiking trails,General Attraction,tourism=attraction,4.3861008,113.9950343,1.28,hospital_radius,Borneo Medical Centre Miri,Sarawak
node/5774747656,Waterfront Seahorse Statue,Public Art,tourism=artwork,4.399285,113.985897,2.08,hospital_radius,Borneo Medical Centre Miri,Sarawak
node/11609370387,1945 World War 2 Miri Victims Memorial,Monument,historic=monument,4.3852334,113.9851413,0.51,hospital_radius,Borneo Medical Centre Miri,Sarawak
node/11807387298,Bulatan Roundabout Oil Well Replica,Monument,historic=monument,4.4176971,114.016198,5.39,hospital_radius,Borneo Medical Centre Miri,Sarawak
node/11816232044,Rotary International Monument,Monument,historic=monument,4.4355856,114.0151077,6.97,hospital_radius,Borneo Medical Centre Miri,Sarawak
node/12002155259,MIRI sign (Canada Hill landmark),General Attraction,tourism=attraction,4.3891318,113.9942056,1.4,hospital_radius,Borneo Medical Centre Miri,Sarawak
node/12002277782,Time Capsule,Monument,historic=monument,4.3890587,113.9953629,1.49,hospital_radius,Borneo Medical Centre Miri,Sarawak
node/12003430429,Seahorse statue,Public Art,tourism=artwork,4.3665094,113.979323,1.69,hospital_radius,Borneo Medical Centre Miri,Sarawak
node/12007039447,Seahorse statue,Public Art,tourism=artwork,4.3663135,113.9790976,1.72,hospital_radius,Borneo Medical Centre Miri,Sarawak
node/12029457297,Hornbills,Public Art,tourism=artwork,4.4202803,114.0133797,5.43,hospital_radius,Borneo Medical Centre Miri,Sarawak
node/12061480565,Transformers Family,Public Art,tourism=artwork,4.3848975,113.9702633,1.69,hospital_radius,Borneo Medical Centre Miri,Sarawak
node/12110550202,Alter /  Space Gallery & Studio,Art Gallery,tourism=gallery,4.3787047,113.9763577,0.97,hospital_radius,Borneo Medical Centre Miri,Sarawak
node/12142288594,Seahorse statue,Public Art,tourism=artwork,4.3735409,113.971234,1.7,hospital_radius,Borneo Medical Centre Miri,Sarawak
node/12142288595,Seahorse statue,Public Art,tourism=artwork,4.3735238,113.9712556,1.7,hospital_radius,Borneo Medical Centre Miri,Sarawak
node/12347167182,Batu Asas Pusat Sivik Miri,Monument,historic=monument,4.4012045,113.9941246,2.51,hospital_radius,Borneo Medical Centre Miri,Sarawak
node/12347167188,Chinese Heritage Hundred Surnames Monument,Monument,historic=monument,4.4028618,113.9945588,2.7,hospital_radius,Borneo Medical Centre Miri,Sarawak
node/12347226036,Papan Salam Etnik,Monument,historic=monument,4.4216729,114.0116148,5.44,hospital_radius,Borneo Medical Centre Miri,Sarawak
node/12347267814,dragon statue,Public Art,tourism=artwork,4.4214647,114.0025554,4.95,hospital_radius,Borneo Medical Centre Miri,Sarawak
node/12347267815,dragon statue,Public Art,tourism=artwork,4.4212063,114.002526,4.92,hospital_radius,Borneo Medical Centre Miri,Sarawak
way/262020801,Miri City Fan Recreational Park,Park / Green Space,leisure=park,4.4022311,113.9933947,2.58,hospital_radius,Borneo Medical Centre Miri,Sarawak
way/262491617,Miri Petroleum Science Museum,Museum,tourism=museum,4.3893648,113.9949518,1.48,hospital_radius,Borneo Medical Centre Miri,Sarawak
way/262628287,Visitors Information Centre Garden,Park / Green Space,leisure=park,4.3896313,113.9864894,1.02,hospital_radius,Borneo Medical Centre Miri,Sarawak
way/271970305,Taman Bulatan Miri,Park / Green Space,leisure=park,4.420926,114.0113323,5.36,hospital_radius,Borneo Medical Centre Miri,Sarawak
way/351755556,Taman Awam Miri,Park / Green Space,leisure=park,4.3658701,113.9800199,1.73,hospital_radius,Borneo Medical Centre Miri,Sarawak
way/397914676,Taman Bunga Miri,Park / Green Space,leisure=park,4.3985589,113.9916034,2.13,hospital_radius,Borneo Medical Centre Miri,Sarawak
way/398437953,Piasau Nature Reserve,Nature Reserve,leisure=nature_reserve,4.4402779,113.9993573,6.82,hospital_radius,Borneo Medical Centre Miri,Sarawak
way/694984172,Taman Rekreasi Dato Permaisuri,Park / Green Space,leisure=park,4.4586552,114.0370201,10.43,hospital_radius,Borneo Medical Centre Miri,Sarawak
way/1234580842,Permaisuri Recreation Park Desa Murni,Park / Green Space,leisure=park,4.4692962,114.0467852,12.01,hospital_radius,Borneo Medical Centre Miri,Sarawak
way/1235352829,Taman Herba,Park / Green Space,leisure=park,4.3979463,113.9920809,2.08,hospital_radius,Borneo Medical Centre Miri,Sarawak
way/1262207692,"Mini Recreational Park, Taman Delight 8",Park / Green Space,leisure=park,4.3174657,113.9741825,7.12,hospital_radius,Borneo Medical Centre Miri,Sarawak
way/1263787450,Taman Komuniti Taman Tunku,Park / Green Space,leisure=park,4.3128987,113.9915343,7.57,hospital_radius,Borneo Medical Centre Miri,Sarawak
way/1301935139,Picnic / recreational ground,Picnic / Recreation Site,tourism=picnic_site,4.3877869,113.9748697,1.36,hospital_radius,Borneo Medical Centre Miri,Sarawak
way/1301935165,Miri Central Park,Park / Green Space,leisure=park,4.3878806,113.9757091,1.3,hospital_radius,Borneo Medical Centre Miri,Sarawak
way/1301983274,Marina Bay Park,Park / Green Space,leisure=park,4.3909317,113.9772345,1.42,hospital_radius,Borneo Medical Centre Miri,Sarawak
way/1302402558,Maira Camping Site,Camp Site,tourism=camp_site,4.242861,113.9193117,16.96,hospital_radius,Borneo Medical Centre Miri,Sarawak
way/1308439198,Miri City Hall Level 10 Rooftop,Viewpoint / Scenic Spot,tourism=viewpoint,4.3880568,113.9737085,1.49,hospital_radius,Borneo Medical Centre Miri,Sarawak
way/1322451544,Miri Unity Tower,Monument,historic=monument,4.4048612,113.9932012,2.85,hospital_radius,Borneo Medical Centre Miri,Sarawak
way/1334657404,Ann Jia,Park / Green Space,leisure=park,4.501759,114.032765,14.48,hospital_radius,Borneo Medical Centre Miri,Sarawak
way/479640474,Seri Damai Park,Park / Green Space,leisure=park,2.9890621,101.8098428,15.64,hospital_radius,Columbia Asia Hospital - Bukit Jalil,Wilayah Persekutuan
node/319830199,Bonsai Garden,General Attraction,tourism=attraction,1.3382963,103.7300601,18.7,hospital_radius,Columbia Asia Hospital - Iskandar Puteri,Johor
node/904747552,Gunung Pulai,Mountain / Peak,natural=peak,1.6016216,103.5462487,17.02,hospital_radius,Columbia Asia Hospital - Iskandar Puteri,Johor
node/1285282423,Aerie,Viewpoint / Scenic Spot,tourism=viewpoint,1.4464602,103.7257789,10.47,hospital_radius,Columbia Asia Hospital - Iskandar Puteri,Johor
node/1499839383,Sarimbun Landing Memorial,Memorial,historic=memorial,1.4367599,103.6991485,8.3,hospital_radius,Columbia Asia Hospital - Iskandar Puteri,Johor
node/1557301013,Gangsa Hill,Mountain / Peak,natural=peak,1.3786983,103.7794937,19.32,hospital_radius,Columbia Asia Hospital - Iskandar Puteri,Johor
node/1857029103,Singapore Zoo,Zoo / Wildlife Park,tourism=zoo,1.4045935,103.7907296,18.94,hospital_radius,Columbia Asia Hospital - Iskandar Puteri,Johor
node/1911019465,Sanrio Hello Kitty Town,Theme Park,tourism=theme_park,1.4168378,103.6569427,7.21,hospital_radius,Columbia Asia Hospital - Iskandar Puteri,Johor
node/1975953377,Granite Hill,Mountain / Peak,natural=peak,1.3787805,103.7837913,19.71,hospital_radius,Columbia Asia Hospital - Iskandar Puteri,Johor
node/2005650593,Twin Pagoda,Monument,historic=monument,1.3397144,103.728288,18.46,hospital_radius,Columbia Asia Hospital - Iskandar Puteri,Johor
node/2031222784,Legoland Malaysia Signboard,Viewpoint / Scenic Spot,tourism=viewpoint,1.424604,103.6304793,6.05,hospital_radius,Columbia Asia Hospital - Iskandar Puteri,Johor
node/2825602804,Patung Konfusius,Public Art,tourism=artwork,1.4690864,103.7785813,15.74,hospital_radius,Columbia Asia Hospital - Iskandar Puteri,Johor
node/3133247377,Little Big Club,General Attraction,tourism=attraction,1.4167068,103.6569956,7.22,hospital_radius,Columbia Asia Hospital - Iskandar Puteri,Johor
node/3270110552,Confucius statue,Monument,historic=monument,1.3383071,103.7289296,18.63,hospital_radius,Columbia Asia Hospital - Iskandar Puteri,Johor
node/3745589488,Angry Bird,Theme Park,tourism=theme_park,1.4631375,103.7633771,14.12,hospital_radius,Columbia Asia Hospital - Iskandar Puteri,Johor
node/3987228518,Raptor Tower,Viewpoint / Scenic Spot,tourism=viewpoint,1.4165976,103.728495,12.26,hospital_radius,Columbia Asia Hospital - Iskandar Puteri,Johor
node/4087248494,Kampung Sungai Melayu,General Attraction,tourism=attraction,1.4521282,103.6928728,6.84,hospital_radius,Columbia Asia Hospital - Iskandar Puteri,Johor
node/4226469389,Berjaya Waterfront Food Truck Park,General Attraction,tourism=attraction,1.4691195,103.7819605,16.12,hospital_radius,Columbia Asia Hospital - Iskandar Puteri,Johor
node/4232943395,Pocket Greens Urban Farm & Barn,General Attraction,tourism=attraction,1.3718548,103.7770068,19.55,hospital_radius,Columbia Asia Hospital - Iskandar Puteri,Johor
node/4234717089,CHSL CH 0,General Attraction,tourism=attraction,1.3949731,103.6202919,9.49,hospital_radius,Columbia Asia Hospital - Iskandar Puteri,Johor
node/4348205089,JB 美乐 面线,General Attraction,tourism=attraction,1.5330001,103.7938786,18.43,hospital_radius,Columbia Asia Hospital - Iskandar Puteri,Johor
node/4400965576,African White Lion,General Attraction,tourism=attraction,1.4024246,103.7882941,18.8,hospital_radius,Columbia Asia Hospital - Iskandar Puteri,Johor
node/4400965580,Asian Wild Dog,General Attraction,tourism=attraction,1.4023575,103.7863757,18.61,hospital_radius,Columbia Asia Hospital - Iskandar Puteri,Johor
node/4400965584,Bearded Pig,General Attraction,tourism=attraction,1.4022087,103.7861852,18.6,hospital_radius,Columbia Asia Hospital - Iskandar Puteri,Johor
node/4400965586,Buffalo,General Attraction,tourism=attraction,1.4007634,103.7877543,18.83,hospital_radius,Columbia Asia Hospital - Iskandar Puteri,Johor
node/4400965589,Chawang the Elephant,General Attraction,tourism=attraction,1.4022396,103.784527,18.44,hospital_radius,Columbia Asia Hospital - Iskandar Puteri,Johor
node/4400965593,Clouded Leopard,General Attraction,tourism=attraction,1.4008975,103.7896721,19.01,hospital_radius,Columbia Asia Hospital - Iskandar Puteri,Johor
node/4400965594,Elephant,General Attraction,tourism=attraction,1.402312,103.7852042,18.5,hospital_radius,Columbia Asia Hospital - Iskandar Puteri,Johor
node/4400965608,Indian Wolves,General Attraction,tourism=attraction,1.4030038,103.7838645,18.33,hospital_radius,Columbia Asia Hospital - Iskandar Puteri,Johor
node/4400965610,Malayan Tapir,General Attraction,tourism=attraction,1.4030493,103.7867311,18.61,hospital_radius,Columbia Asia Hospital - Iskandar Puteri,Johor
node/4400965616,Nyala,General Attraction,tourism=attraction,1.4006334,103.7879153,18.85,hospital_radius,Columbia Asia Hospital - Iskandar Puteri,Johor
node/4400965617,Oryx,General Attraction,tourism=attraction,1.3996426,103.7891216,19.02,hospital_radius,Columbia Asia Hospital - Iskandar Puteri,Johor
node/4400965620,Possum,General Attraction,tourism=attraction,1.4030648,103.7878308,18.72,hospital_radius,Columbia Asia Hospital - Iskandar Puteri,Johor
node/4400965623,Sambar Deer,General Attraction,tourism=attraction,1.4018239,103.7841266,18.42,hospital_radius,Columbia Asia Hospital - Iskandar Puteri,Johor
node/4400965625,Sloth Bear,General Attraction,tourism=attraction,1.4001481,103.7889265,18.98,hospital_radius,Columbia Asia Hospital - Iskandar Puteri,Johor
node/4400965627,Slow Loris,General Attraction,tourism=attraction,1.4027477,103.7900275,18.96,hospital_radius,Columbia Asia Hospital - Iskandar Puteri,Johor
node/4400965629,Spiral Horned Antelope,General Attraction,tourism=attraction,1.4005677,103.7880567,18.87,hospital_radius,Columbia Asia Hospital - Iskandar Puteri,Johor
node/4400965632,Sugar Glider,General Attraction,tourism=attraction,1.4031083,103.7878844,18.73,hospital_radius,Columbia Asia Hospital - Iskandar Puteri,Johor
node/4400965633,Tawny Frogmouth Owl,General Attraction,tourism=attraction,1.4029448,103.7874829,18.69,hospital_radius,Columbia Asia Hospital - Iskandar Puteri,Johor
node/4400965635,Tiger,General Attraction,tourism=attraction,1.4036138,103.7861443,18.53,hospital_radius,Columbia Asia Hospital - Iskandar Puteri,Johor
node/4400965638,Wallaby,General Attraction,tourism=attraction,1.4027839,103.7880802,18.76,hospital_radius,Columbia Asia Hospital - Iskandar Puteri,Johor
node/4400965639,White Lipped Python,General Attraction,tourism=attraction,1.4028599,103.7875051,18.7,hospital_radius,Columbia Asia Hospital - Iskandar Puteri,Johor
node/4400965640,Zebra,General Attraction,tourism=attraction,1.3996413,103.788962,19.01,hospital_radius,Columbia Asia Hospital - Iskandar Puteri,Johor
node/4401172219,Eagle,Public Art,tourism=artwork,1.3209108,103.7056562,19.11,hospital_radius,Columbia Asia Hospital - Iskandar Puteri,Johor
node/4446988089,Balai Cerap,Viewpoint / Scenic Spot,tourism=viewpoint,1.5699654,103.6446965,10.19,hospital_radius,Columbia Asia Hospital - Iskandar Puteri,Johor
node/4502051446,Peng Kang Hill,Mountain / Peak,natural=peak,1.3338446,103.6668506,16.43,hospital_radius,Columbia Asia Hospital - Iskandar Puteri,Johor
node/4537990591,Certis Cisco west hub,General Attraction,tourism=attraction,1.3305704,103.7385721,19.94,hospital_radius,Columbia Asia Hospital - Iskandar Puteri,Johor
node/4564589708,Condom Lorry,General Attraction,tourism=attraction,1.3767507,103.7837818,19.83,hospital_radius,Columbia Asia Hospital - Iskandar Puteri,Johor
node/4688199776,Ruins,Historic Ruins,historic=ruins,1.3688016,103.7797542,20.0,hospital_radius,Columbia Asia Hospital - Iskandar Puteri,Johor
node/4688199777,Ruins,Historic Ruins,historic=ruins,1.3702436,103.7794256,19.87,hospital_radius,Columbia Asia Hospital - Iskandar Puteri,Johor
node/4717703117,Camp Site,Picnic / Recreation Site,tourism=picnic_site,1.5609039,103.6273589,9.22,hospital_radius,Columbia Asia Hospital - Iskandar Puteri,Johor
node/4746147039,Talbot Hill,General Attraction,tourism=attraction,1.4578442,103.7899138,17.12,hospital_radius,Columbia Asia Hospital - Iskandar Puteri,Johor
node/4901496190,Ruins,Historic Ruins,historic=ruins,1.3739333,103.7795581,19.63,hospital_radius,Columbia Asia Hospital - Iskandar Puteri,Johor
node/4901496191,Ruins,Historic Ruins,historic=ruins,1.3737056,103.7800424,19.69,hospital_radius,Columbia Asia Hospital - Iskandar Puteri,Johor
node/4974485721,Johor Saleng Eco Village (Vipassana meditation centre),General Attraction,tourism=attraction,1.6400955,103.64081,17.96,hospital_radius,Columbia Asia Hospital - Iskandar Puteri,Johor
node/5020576331,office job sg,Public Art,tourism=artwork,1.3593354,103.7509331,18.31,hospital_radius,Columbia Asia Hospital - Iskandar Puteri,Johor
node/5194648421,UTM ISC,General Attraction,tourism=attraction,1.5557801,103.6435473,8.61,hospital_radius,Columbia Asia Hospital - Iskandar Puteri,Johor
node/5194657221,Sekolah Pengajian Siswazah UTM,General Attraction,tourism=attraction,1.5555116,103.6345532,8.56,hospital_radius,Columbia Asia Hospital - Iskandar Puteri,Johor
node/5423452694,Binturong,General Attraction,tourism=attraction,1.403056,103.7893234,18.87,hospital_radius,Columbia Asia Hospital - Iskandar Puteri,Johor
node/5423452695,Himilayan Tahr,General Attraction,tourism=attraction,1.4032652,103.7890485,18.83,hospital_radius,Columbia Asia Hospital - Iskandar Puteri,Johor
node/5423452696,Mouse Deer,General Attraction,tourism=attraction,1.4034435,103.7892255,18.84,hospital_radius,Columbia Asia Hospital - Iskandar Puteri,Johor
node/5423452697,Fishing Cat,General Attraction,tourism=attraction,1.4031418,103.7895259,18.89,hospital_radius,Columbia Asia Hospital - Iskandar Puteri,Johor
node/5423452698,Fishing Cat,General Attraction,tourism=attraction,1.4030279,103.7896587,18.91,hospital_radius,Columbia Asia Hospital - Iskandar Puteri,Johor
node/5423452699,Pangolin,General Attraction,tourism=attraction,1.4028938,103.7896332,18.91,hospital_radius,Columbia Asia Hospital - Iskandar Puteri,Johor
node/5423452700,Mouse Deer,General Attraction,tourism=attraction,1.4028563,103.7898237,18.93,hospital_radius,Columbia Asia Hospital - Iskandar Puteri,Johor
node/5423452701,Civit,General Attraction,tourism=attraction,1.4027316,103.7897767,18.93,hospital_radius,Columbia Asia Hospital - Iskandar Puteri,Johor
node/5423452702,Flying Fox,General Attraction,tourism=attraction,1.4025399,103.7897579,18.94,hospital_radius,Columbia Asia Hospital - Iskandar Puteri,Johor
node/5423452703,Indian Gharial,General Attraction,tourism=attraction,1.4026123,103.7899336,18.95,hospital_radius,Columbia Asia Hospital - Iskandar Puteri,Johor
node/5423452704,Barking Deer,General Attraction,tourism=attraction,1.4028683,103.7899886,18.95,hospital_radius,Columbia Asia Hospital - Iskandar Puteri,Johor
node/5423452705,Asian Otter,General Attraction,tourism=attraction,1.4029957,103.7899148,18.93,hospital_radius,Columbia Asia Hospital - Iskandar Puteri,Johor
node/5423452706,Barasingha,General Attraction,tourism=attraction,1.4017649,103.7903842,19.04,hospital_radius,Columbia Asia Hospital - Iskandar Puteri,Johor
node/5423452707,Storks,General Attraction,tourism=attraction,1.4023334,103.7903695,19.01,hospital_radius,Columbia Asia Hospital - Iskandar Puteri,Johor
node/5423452708,Fruit Bat,General Attraction,tourism=attraction,1.4003223,103.790918,19.17,hospital_radius,Columbia Asia Hospital - Iskandar Puteri,Johor
node/5423452709,Spectral Tarsier,General Attraction,tourism=attraction,1.4005369,103.7907436,19.14,hospital_radius,Columbia Asia Hospital - Iskandar Puteri,Johor
node/5423452710,Civit,General Attraction,tourism=attraction,1.4006334,103.7909099,19.15,hospital_radius,Columbia Asia Hospital - Iskandar Puteri,Johor
node/5423452711,Porcupine,General Attraction,tourism=attraction,1.4007728,103.7906276,19.12,hospital_radius,Columbia Asia Hospital - Iskandar Puteri,Johor
node/5423452712,Leopard Cat,General Attraction,tourism=attraction,1.4006374,103.7904446,19.1,hospital_radius,Columbia Asia Hospital - Iskandar Puteri,Johor
node/5423452713,Hog Badger,General Attraction,tourism=attraction,1.4007071,103.7901998,19.08,hospital_radius,Columbia Asia Hospital - Iskandar Puteri,Johor
node/5423452714,Giant Flying Squirrel,General Attraction,tourism=attraction,1.4007406,103.7900617,19.06,hospital_radius,Columbia Asia Hospital - Iskandar Puteri,Johor
node/5423452715,Asian Otter,General Attraction,tourism=attraction,1.4008439,103.790228,19.07,hospital_radius,Columbia Asia Hospital - Iskandar Puteri,Johor
node/5423452716,Golden Cat,General Attraction,tourism=attraction,1.4010731,103.7902099,19.06,hospital_radius,Columbia Asia Hospital - Iskandar Puteri,Johor
node/5423452717,Slow Loris,General Attraction,tourism=attraction,1.4013601,103.7905492,19.08,hospital_radius,Columbia Asia Hospital - Iskandar Puteri,Johor
node/5423452718,Sumatran Ourang Utan,General Attraction,tourism=attraction,1.4034462,103.7943197,19.35,hospital_radius,Columbia Asia Hospital - Iskandar Puteri,Johor
node/5423452719,Malayan Sun Bear,General Attraction,tourism=attraction,1.4033081,103.7944444,19.37,hospital_radius,Columbia Asia Hospital - Iskandar Puteri,Johor
node/5423452720,Spiny Hill Turtle,General Attraction,tourism=attraction,1.4030735,103.7945417,19.39,hospital_radius,Columbia Asia Hospital - Iskandar Puteri,Johor
node/5423453421,Komodo Dragon,General Attraction,tourism=attraction,1.4031137,103.7948005,19.42,hospital_radius,Columbia Asia Hospital - Iskandar Puteri,Johor
node/5423453422,Monitor,General Attraction,tourism=attraction,1.4030172,103.7950191,19.44,hospital_radius,Columbia Asia Hospital - Iskandar Puteri,Johor
node/5423453423,Giant Tortoise,General Attraction,tourism=attraction,1.402875,103.7946355,19.41,hospital_radius,Columbia Asia Hospital - Iskandar Puteri,Johor
node/5423453424,Horned Lizard,General Attraction,tourism=attraction,1.4028482,103.7948367,19.43,hospital_radius,Columbia Asia Hospital - Iskandar Puteri,Johor
node/5423453425,Snakes,General Attraction,tourism=attraction,1.4025211,103.7947643,19.44,hospital_radius,Columbia Asia Hospital - Iskandar Puteri,Johor
node/5462566821,Even here somewhere,General Attraction,tourism=attraction,1.4565802,103.7625554,14.14,hospital_radius,Columbia Asia Hospital - Iskandar Puteri,Johor
node/5573564221,little india,General Attraction,tourism=attraction,1.4589737,103.7638968,14.24,hospital_radius,Columbia Asia Hospital - Iskandar Puteri,Johor
node/5599660021,Observation Tower,Viewpoint / Scenic Spot,tourism=viewpoint,1.3780953,103.7783677,19.26,hospital_radius,Columbia Asia Hospital - Iskandar Puteri,Johor
node/5995603453,MCM Studio,Theme Park,tourism=theme_park,1.5063133,103.7166318,9.34,hospital_radius,Columbia Asia Hospital - Iskandar Puteri,Johor
node/6024473086,Proboscis Monkey,General Attraction,tourism=attraction,1.4020099,103.7958293,19.57,hospital_radius,Columbia Asia Hospital - Iskandar Puteri,Johor
node/6082964185,Local market,General Attraction,tourism=attraction,1.3482625,103.7575012,19.71,hospital_radius,Columbia Asia Hospital - Iskandar Puteri,Johor
node/6209861789,Drain Remains,Historic Ruins,historic=ruins,1.3607295,103.7537343,18.42,hospital_radius,Columbia Asia Hospital - Iskandar Puteri,Johor
node/6209861844,Stream,General Attraction,tourism=attraction,1.3558024,103.7575638,19.11,hospital_radius,Columbia Asia Hospital - Iskandar Puteri,Johor
node/6209879703,Fence Ruins,Historic Ruins,historic=ruins,1.3576064,103.7564245,18.88,hospital_radius,Columbia Asia Hospital - Iskandar Puteri,Johor
node/6209879704,Stone Tables,Historic Ruins,historic=ruins,1.3564078,103.7567625,19.0,hospital_radius,Columbia Asia Hospital - Iskandar Puteri,Johor
node/6209912502,Log Bridge,General Attraction,tourism=attraction,1.386493,103.7892303,19.75,hospital_radius,Columbia Asia Hospital - Iskandar Puteri,Johor
node/6246377787,Asrama Kebajikan Ar Rayyan,Viewpoint / Scenic Spot,tourism=viewpoint,1.5765668,103.7190062,14.18,hospital_radius,Columbia Asia Hospital - Iskandar Puteri,Johor
node/6515952332,Lady of the Rosary,Public Art,tourism=artwork,1.3673154,103.7667344,18.98,hospital_radius,Columbia Asia Hospital - Iskandar Puteri,Johor
node/6515952334,Station 1,Public Art,tourism=artwork,1.3673315,103.7664532,18.95,hospital_radius,Columbia Asia Hospital - Iskandar Puteri,Johor
node/6515952335,Station 2,Public Art,tourism=artwork,1.3672128,103.7665822,18.97,hospital_radius,Columbia Asia Hospital - Iskandar Puteri,Johor
node/6515952336,Station 3,Public Art,tourism=artwork,1.3671207,103.7667407,18.99,hospital_radius,Columbia Asia Hospital - Iskandar Puteri,Johor
node/6515952337,Station 4,Public Art,tourism=artwork,1.3670327,103.7668544,19.01,hospital_radius,Columbia Asia Hospital - Iskandar Puteri,Johor
node/6515952338,Station 5,Public Art,tourism=artwork,1.3670692,103.7671037,19.03,hospital_radius,Columbia Asia Hospital - Iskandar Puteri,Johor
node/6515952339,Station 6,Public Art,tourism=artwork,1.3671142,103.7672839,19.04,hospital_radius,Columbia Asia Hospital - Iskandar Puteri,Johor
node/6515952340,Station 7,Public Art,tourism=artwork,1.3672109,103.7674816,19.05,hospital_radius,Columbia Asia Hospital - Iskandar Puteri,Johor
node/6515952342,Station 8,Public Art,tourism=artwork,1.3672737,103.7678005,19.07,hospital_radius,Columbia Asia Hospital - Iskandar Puteri,Johor
node/6515952343,Station 9,Public Art,tourism=artwork,1.3674093,103.7679884,19.08,hospital_radius,Columbia Asia Hospital - Iskandar Puteri,Johor
node/6515952344,Station 10,Public Art,tourism=artwork,1.3675372,103.7681745,19.08,hospital_radius,Columbia Asia Hospital - Iskandar Puteri,Johor
node/6515952345,Station 11,Public Art,tourism=artwork,1.3676113,103.7682854,19.09,hospital_radius,Columbia Asia Hospital - Iskandar Puteri,Johor
node/6515952346,Station 12,Public Art,tourism=artwork,1.3676897,103.7684052,19.09,hospital_radius,Columbia Asia Hospital - Iskandar Puteri,Johor
node/6515952347,Station 13,Public Art,tourism=artwork,1.367779,103.7685099,19.09,hospital_radius,Columbia Asia Hospital - Iskandar Puteri,Johor
node/6515952348,Station 14,Public Art,tourism=artwork,1.368053,103.7687228,19.09,hospital_radius,Columbia Asia Hospital - Iskandar Puteri,Johor
node/6515952372,The Resurrection,Public Art,tourism=artwork,1.3681472,103.7667996,18.92,hospital_radius,Columbia Asia Hospital - Iskandar Puteri,Johor
node/6515952377,This Rosary Garden...,Memorial,historic=memorial,1.3682429,103.7669989,18.93,hospital_radius,Columbia Asia Hospital - Iskandar Puteri,Johor
node/6516694546,1852  1858,Public Art,tourism=artwork,1.4046595,103.7917416,19.04,hospital_radius,Columbia Asia Hospital - Iskandar Puteri,Johor
node/6722078885,Route 2 - closed 2019,Viewpoint / Scenic Spot,tourism=viewpoint,1.4463836,103.7252312,10.41,hospital_radius,Columbia Asia Hospital - Iskandar Puteri,Johor
node/6722078985,Route 2 - closed 2019,Viewpoint / Scenic Spot,tourism=viewpoint,1.4453252,103.7242493,10.35,hospital_radius,Columbia Asia Hospital - Iskandar Puteri,Johor
node/6746284985,Kwong Siew Heritage Gallery,Museum,tourism=museum,1.4590751,103.7662649,14.5,hospital_radius,Columbia Asia Hospital - Iskandar Puteri,Johor
node/6757431146,Bukit Tanjung Kupang,Mountain / Peak,natural=peak,1.3765088,103.6081142,11.8,hospital_radius,Columbia Asia Hospital - Iskandar Puteri,Johor
node/6757799047,Bukit G 253,Mountain / Peak,natural=peak,1.4367163,103.6218233,4.96,hospital_radius,Columbia Asia Hospital - Iskandar Puteri,Johor
node/6757799050,Bukit Tajam,Mountain / Peak,natural=peak,1.444433,103.6872199,6.73,hospital_radius,Columbia Asia Hospital - Iskandar Puteri,Johor
node/6759229200,Bukit Kempas,Mountain / Peak,natural=peak,1.5350096,103.7015713,9.51,hospital_radius,Columbia Asia Hospital - Iskandar Puteri,Johor
node/6801058093,rumah datin sarah,Viewpoint / Scenic Spot,tourism=viewpoint,1.4696285,103.7459717,12.12,hospital_radius,Columbia Asia Hospital - Iskandar Puteri,Johor
node/6942610082,Our Museum @ Taman Jurong,Museum,tourism=museum,1.3351119,103.7220303,18.53,hospital_radius,Columbia Asia Hospital - Iskandar Puteri,Johor
node/7083277892,Woodlands Jetty,Viewpoint / Scenic Spot,tourism=viewpoint,1.4547912,103.7783277,15.9,hospital_radius,Columbia Asia Hospital - Iskandar Puteri,Johor
node/7083277904,Pantai Stulang,Viewpoint / Scenic Spot,tourism=viewpoint,1.4650016,103.7764707,15.55,hospital_radius,Columbia Asia Hospital - Iskandar Puteri,Johor
node/7236529989,The Lone Tree,Public Art,tourism=artwork,1.332559,103.7276346,19.09,hospital_radius,Columbia Asia Hospital - Iskandar Puteri,Johor
node/7287289985,Rainbow Bridge,General Attraction,tourism=attraction,1.4331759,103.7606836,14.62,hospital_radius,Columbia Asia Hospital - Iskandar Puteri,Johor
node/7634317696,Tasik Biru Lookout,Viewpoint / Scenic Spot,tourism=viewpoint,1.5726983,103.5765135,12.46,hospital_radius,Columbia Asia Hospital - Iskandar Puteri,Johor
node/7745706986,Street art by Piet Mondrian,Public Art,tourism=artwork,1.3820645,103.7525295,16.71,hospital_radius,Columbia Asia Hospital - Iskandar Puteri,Johor
node/7832186141,Douc Langur,General Attraction,tourism=attraction,1.4053462,103.794496,19.28,hospital_radius,Columbia Asia Hospital - Iskandar Puteri,Johor
node/7832186142,Colobus Monkey,General Attraction,tourism=attraction,1.405266,103.7949822,19.33,hospital_radius,Columbia Asia Hospital - Iskandar Puteri,Johor
node/7832186143,Cassowary,General Attraction,tourism=attraction,1.4060753,103.7935963,19.15,hospital_radius,Columbia Asia Hospital - Iskandar Puteri,Johor
node/7832186144,Tree Kangaroo,General Attraction,tourism=attraction,1.405976,103.7933102,19.13,hospital_radius,Columbia Asia Hospital - Iskandar Puteri,Johor
node/7832186145,Wallaby,General Attraction,tourism=attraction,1.4058372,103.79304,19.11,hospital_radius,Columbia Asia Hospital - Iskandar Puteri,Johor
node/7832186146,Meerkat,General Attraction,tourism=attraction,1.405231,103.7933181,19.17,hospital_radius,Columbia Asia Hospital - Iskandar Puteri,Johor
node/7832186147,Red-ruffed Lemur,General Attraction,tourism=attraction,1.404113,103.7931666,19.2,hospital_radius,Columbia Asia Hospital - Iskandar Puteri,Johor
node/7836789018,Butterfly Aviary,General Attraction,tourism=attraction,1.4021457,103.7954988,19.53,hospital_radius,Columbia Asia Hospital - Iskandar Puteri,Johor
node/7836789019,Flying Fox,General Attraction,tourism=attraction,1.4024351,103.7954807,19.52,hospital_radius,Columbia Asia Hospital - Iskandar Puteri,Johor
node/7836789020,Ring-tailed Lemur,General Attraction,tourism=attraction,1.4023989,103.7952545,19.5,hospital_radius,Columbia Asia Hospital - Iskandar Puteri,Johor
node/7836789021,Pigmy Marmoset,General Attraction,tourism=attraction,1.4022542,103.7961366,19.59,hospital_radius,Columbia Asia Hospital - Iskandar Puteri,Johor
node/7836789022,Naked Mole Rat,General Attraction,tourism=attraction,1.4019105,103.7948067,19.48,hospital_radius,Columbia Asia Hospital - Iskandar Puteri,Johor
node/8132716617,Former Mandai Hut (demolished),General Attraction,tourism=attraction,1.4026328,103.7764542,17.63,hospital_radius,Columbia Asia Hospital - Iskandar Puteri,Johor
node/8150714223,World of Birdnest Museum,Museum,tourism=museum,1.4191143,103.7187635,11.21,hospital_radius,Columbia Asia Hospital - Iskandar Puteri,Johor
node/8252369163,blue lake 1,Viewpoint / Scenic Spot,tourism=viewpoint,1.6391023,103.5857078,18.75,hospital_radius,Columbia Asia Hospital - Iskandar Puteri,Johor
node/8573320299,Nanyang University Memorial,Public Art,tourism=artwork,1.3431293,103.6845631,15.95,hospital_radius,Columbia Asia Hospital - Iskandar Puteri,Johor
node/8573358107,Former Tuas TV World Site,General Attraction,tourism=attraction,1.3472497,103.6398656,14.61,hospital_radius,Columbia Asia Hospital - Iskandar Puteri,Johor
node/8573367917,Nantah Arch,General Attraction,tourism=attraction,1.3425098,103.68506,16.04,hospital_radius,Columbia Asia Hospital - Iskandar Puteri,Johor
node/8870087897,Pineapple,Public Art,tourism=artwork,1.5076211,103.5109822,14.41,hospital_radius,Columbia Asia Hospital - Iskandar Puteri,Johor
node/9288364791,Estuarine Crocodile,General Attraction,tourism=attraction,1.4027356,103.7953868,19.49,hospital_radius,Columbia Asia Hospital - Iskandar Puteri,Johor
node/9288364792,Indian Gharial,General Attraction,tourism=attraction,1.4034623,103.7947954,19.4,hospital_radius,Columbia Asia Hospital - Iskandar Puteri,Johor
node/9288364800,Ploughshare Tortoise,General Attraction,tourism=attraction,1.4031995,103.7949845,19.43,hospital_radius,Columbia Asia Hospital - Iskandar Puteri,Johor
node/9288364808,Ah Meng Memorial,Memorial,historic=memorial,1.4033433,103.7951639,19.44,hospital_radius,Columbia Asia Hospital - Iskandar Puteri,Johor
node/9288368317,Goat,General Attraction,tourism=attraction,1.4032444,103.7967447,19.61,hospital_radius,Columbia Asia Hospital - Iskandar Puteri,Johor
node/9288368318,Rabbit,General Attraction,tourism=attraction,1.4032297,103.7969398,19.63,hospital_radius,Columbia Asia Hospital - Iskandar Puteri,Johor
node/9288368319,Animal Friends,General Attraction,tourism=attraction,1.4035722,103.7964651,19.56,hospital_radius,Columbia Asia Hospital - Iskandar Puteri,Johor
node/9288368358,Fossa,General Attraction,tourism=attraction,1.4020519,103.7948169,19.47,hospital_radius,Columbia Asia Hospital - Iskandar Puteri,Johor
node/9288368359,Leopard,General Attraction,tourism=attraction,1.4016765,103.7946412,19.47,hospital_radius,Columbia Asia Hospital - Iskandar Puteri,Johor
node/9288368360,Lion,General Attraction,tourism=attraction,1.4016202,103.7943488,19.44,hospital_radius,Columbia Asia Hospital - Iskandar Puteri,Johor
node/9288368361,Giraffe,General Attraction,tourism=attraction,1.4012555,103.7941691,19.44,hospital_radius,Columbia Asia Hospital - Iskandar Puteri,Johor
node/9288368362,Zebra,General Attraction,tourism=attraction,1.4016604,103.7939143,19.4,hospital_radius,Columbia Asia Hospital - Iskandar Puteri,Johor
node/9288368363,Warthog,General Attraction,tourism=attraction,1.4020438,103.7942201,19.41,hospital_radius,Columbia Asia Hospital - Iskandar Puteri,Johor
node/9288368364,African Painted Dog,General Attraction,tourism=attraction,1.4029367,103.7939572,19.34,hospital_radius,Columbia Asia Hospital - Iskandar Puteri,Johor
node/9288368365,Cheetah,General Attraction,tourism=attraction,1.4024943,103.7941182,19.38,hospital_radius,Columbia Asia Hospital - Iskandar Puteri,Johor
node/9288368366,White Tailed Gnu,General Attraction,tourism=attraction,1.4023066,103.7937292,19.35,hospital_radius,Columbia Asia Hospital - Iskandar Puteri,Johor
node/9288368367,Eland,General Attraction,tourism=attraction,1.4026391,103.7934664,19.31,hospital_radius,Columbia Asia Hospital - Iskandar Puteri,Johor
node/9288368368,White Rhinoceros,General Attraction,tourism=attraction,1.4028697,103.7933779,19.29,hospital_radius,Columbia Asia Hospital - Iskandar Puteri,Johor
node/9288368369,Mandrill,General Attraction,tourism=attraction,1.402257,103.7959582,19.57,hospital_radius,Columbia Asia Hospital - Iskandar Puteri,Johor
node/9288368373,Chimpanzee,General Attraction,tourism=attraction,1.4027544,103.7960601,19.56,hospital_radius,Columbia Asia Hospital - Iskandar Puteri,Johor
node/9288368378,Bornean Orang Utan,General Attraction,tourism=attraction,1.4035333,103.7939787,19.31,hospital_radius,Columbia Asia Hospital - Iskandar Puteri,Johor
node/9288368379,Nubian Ibex,General Attraction,tourism=attraction,1.4058849,103.7935656,19.16,hospital_radius,Columbia Asia Hospital - Iskandar Puteri,Johor
node/9288368380,Cotton-top Tamarin,General Attraction,tourism=attraction,1.4052079,103.794259,19.26,hospital_radius,Columbia Asia Hospital - Iskandar Puteri,Johor
node/9288368381,Spider Monkey,General Attraction,tourism=attraction,1.4048861,103.7945111,19.3,hospital_radius,Columbia Asia Hospital - Iskandar Puteri,Johor
node/9288368382,Splash Safari,General Attraction,tourism=attraction,1.4044946,103.7949456,19.37,hospital_radius,Columbia Asia Hospital - Iskandar Puteri,Johor
node/9288368398,Africa Penguin,General Attraction,tourism=attraction,1.4039664,103.7941276,19.31,hospital_radius,Columbia Asia Hospital - Iskandar Puteri,Johor
node/9288368399,Black-and-white Ruffed Lemur,General Attraction,tourism=attraction,1.4051583,103.7952581,19.37,hospital_radius,Columbia Asia Hospital - Iskandar Puteri,Johor
node/9288368400,Capuchin Monkey,General Attraction,tourism=attraction,1.4052213,103.7952863,19.37,hospital_radius,Columbia Asia Hospital - Iskandar Puteri,Johor
node/9288368401,Lion-Tailed Macaque,General Attraction,tourism=attraction,1.4049518,103.794959,19.35,hospital_radius,Columbia Asia Hospital - Iskandar Puteri,Johor
node/9288368402,Asian Elephant,General Attraction,tourism=attraction,1.4052897,103.79582,19.42,hospital_radius,Columbia Asia Hospital - Iskandar Puteri,Johor
node/9288368427,Brickosaurs,General Attraction,tourism=attraction,1.4060217,103.7949161,19.29,hospital_radius,Columbia Asia Hospital - Iskandar Puteri,Johor
node/9288368439,Rainforest Fights Back,General Attraction,tourism=attraction,1.4045174,103.7950301,19.37,hospital_radius,Columbia Asia Hospital - Iskandar Puteri,Johor
node/9288368440,Serval,General Attraction,tourism=attraction,1.4049706,103.7937078,19.22,hospital_radius,Columbia Asia Hospital - Iskandar Puteri,Johor
node/9288368441,Hamadryas Baboon,General Attraction,tourism=attraction,1.4055404,103.7935804,19.18,hospital_radius,Columbia Asia Hospital - Iskandar Puteri,Johor
node/9288368443,Grey Kangaroo,General Attraction,tourism=attraction,1.4060565,103.7932357,19.12,hospital_radius,Columbia Asia Hospital - Iskandar Puteri,Johor
node/9288368444,Red River Hog,General Attraction,tourism=attraction,1.4055149,103.7930185,19.12,hospital_radius,Columbia Asia Hospital - Iskandar Puteri,Johor
node/9288368445,Pygmy Hippo,General Attraction,tourism=attraction,1.4052213,103.7930077,19.14,hospital_radius,Columbia Asia Hospital - Iskandar Puteri,Johor
node/9288368446,Pelican,General Attraction,tourism=attraction,1.4041983,103.7927885,19.16,hospital_radius,Columbia Asia Hospital - Iskandar Puteri,Johor
node/9288368447,Gibbon,General Attraction,tourism=attraction,1.40413,103.7930238,19.19,hospital_radius,Columbia Asia Hospital - Iskandar Puteri,Johor
node/9288368454,Polar Bear,General Attraction,tourism=attraction,1.4035535,103.7931029,19.23,hospital_radius,Columbia Asia Hospital - Iskandar Puteri,Johor
node/9288368461,White Tiger,General Attraction,tourism=attraction,1.4047588,103.7930506,19.16,hospital_radius,Columbia Asia Hospital - Iskandar Puteri,Johor
node/9288368513,Anoa,General Attraction,tourism=attraction,1.4048057,103.792256,19.08,hospital_radius,Columbia Asia Hospital - Iskandar Puteri,Johor
node/9288368517,Valley of Brickosaurs,General Attraction,tourism=attraction,1.4046676,103.7921501,19.08,hospital_radius,Columbia Asia Hospital - Iskandar Puteri,Johor
node/9288368522,Babirusa,General Attraction,tourism=attraction,1.4046837,103.7925142,19.11,hospital_radius,Columbia Asia Hospital - Iskandar Puteri,Johor
node/9288368523,Asian Small-Clawed Otter,General Attraction,tourism=attraction,1.4047226,103.7920234,19.06,hospital_radius,Columbia Asia Hospital - Iskandar Puteri,Johor
node/9288368524,Proboscis Monkey,General Attraction,tourism=attraction,1.4046455,103.7915084,19.01,hospital_radius,Columbia Asia Hospital - Iskandar Puteri,Johor
node/9288368528,Siamang,General Attraction,tourism=attraction,1.4051248,103.7917129,19.01,hospital_radius,Columbia Asia Hospital - Iskandar Puteri,Johor
node/9288368585,Pacu,General Attraction,tourism=attraction,1.4032692,103.7903953,18.97,hospital_radius,Columbia Asia Hospital - Iskandar Puteri,Johor
node/9288368586,Arapaima,General Attraction,tourism=attraction,1.4033349,103.7903443,18.96,hospital_radius,Columbia Asia Hospital - Iskandar Puteri,Johor
node/9288368587,Manatee,General Attraction,tourism=attraction,1.4033416,103.7904556,18.97,hospital_radius,Columbia Asia Hospital - Iskandar Puteri,Johor
node/9288368588,Red-tailed Catfish,General Attraction,tourism=attraction,1.4034073,103.7904167,18.96,hospital_radius,Columbia Asia Hospital - Iskandar Puteri,Johor
node/9288368589,Red-bellied Piranha,General Attraction,tourism=attraction,1.4033993,103.7905253,18.98,hospital_radius,Columbia Asia Hospital - Iskandar Puteri,Johor
node/9288368590,Electric Eel,General Attraction,tourism=attraction,1.4030018,103.790524,18.99,hospital_radius,Columbia Asia Hospital - Iskandar Puteri,Johor
node/9288368591,Giant River Otter,General Attraction,tourism=attraction,1.4031975,103.7906098,18.99,hospital_radius,Columbia Asia Hospital - Iskandar Puteri,Johor
node/9288368593,Cuvier's Dwarf Caiman,General Attraction,tourism=attraction,1.4031901,103.7911905,19.05,hospital_radius,Columbia Asia Hospital - Iskandar Puteri,Johor
node/9288368600,Yellow-footed Tortoise,General Attraction,tourism=attraction,1.4028751,103.7913052,19.08,hospital_radius,Columbia Asia Hospital - Iskandar Puteri,Johor
node/9288368603,Bare-faced Curassow,General Attraction,tourism=attraction,1.4027745,103.7915922,19.11,hospital_radius,Columbia Asia Hospital - Iskandar Puteri,Johor
node/9288368604,Golden Headed Lion Tamarin,General Attraction,tourism=attraction,1.4027303,103.791617,19.12,hospital_radius,Columbia Asia Hospital - Iskandar Puteri,Johor
node/9288368605,Green Anacondo,General Attraction,tourism=attraction,1.4026673,103.7916525,19.12,hospital_radius,Columbia Asia Hospital - Iskandar Puteri,Johor
node/9288368606,Carribbean Flamingo,General Attraction,tourism=attraction,1.4028523,103.7910698,19.06,hospital_radius,Columbia Asia Hospital - Iskandar Puteri,Johor
node/9288368634,Capybara,General Attraction,tourism=attraction,1.4025882,103.7914574,19.11,hospital_radius,Columbia Asia Hospital - Iskandar Puteri,Johor
node/9288368635,Silver Arowana,General Attraction,tourism=attraction,1.4028335,103.7915439,19.1,hospital_radius,Columbia Asia Hospital - Iskandar Puteri,Johor
node/9288368639,White-faced Saki Monkey,General Attraction,tourism=attraction,1.4031921,103.7908962,19.02,hospital_radius,Columbia Asia Hospital - Iskandar Puteri,Johor
node/9288368640,Squirrel Monkey,General Attraction,tourism=attraction,1.4029555,103.7913018,19.07,hospital_radius,Columbia Asia Hospital - Iskandar Puteri,Johor
node/9288368641,Black Howler Monkey,General Attraction,tourism=attraction,1.4030306,103.7910779,19.05,hospital_radius,Columbia Asia Hospital - Iskandar Puteri,Johor
node/9288368656,Brazilian Tapir,General Attraction,tourism=attraction,1.4028509,103.7906863,19.02,hospital_radius,Columbia Asia Hospital - Iskandar Puteri,Johor
node/9288368657,Brazilian Tapir,General Attraction,tourism=attraction,1.4025104,103.7908338,19.05,hospital_radius,Columbia Asia Hospital - Iskandar Puteri,Johor
node/9288368658,Guanaco,General Attraction,tourism=attraction,1.4021913,103.791212,19.1,hospital_radius,Columbia Asia Hospital - Iskandar Puteri,Johor
node/9288368705,Giant Anteater,General Attraction,tourism=attraction,1.4017536,103.7914903,19.15,hospital_radius,Columbia Asia Hospital - Iskandar Puteri,Johor
node/9288368714,Red Howler Monkey,General Attraction,tourism=attraction,1.4016745,103.7916378,19.17,hospital_radius,Columbia Asia Hospital - Iskandar Puteri,Johor
node/9288368737,Bearded Saki,General Attraction,tourism=attraction,1.4015585,103.7915325,19.17,hospital_radius,Columbia Asia Hospital - Iskandar Puteri,Johor
node/9288368738,Tufted Capuchin,General Attraction,tourism=attraction,1.4015451,103.7917525,19.19,hospital_radius,Columbia Asia Hospital - Iskandar Puteri,Johor
node/9288368750,Collared Peccary,General Attraction,tourism=attraction,1.4017449,103.7917974,19.18,hospital_radius,Columbia Asia Hospital - Iskandar Puteri,Johor
node/9288368780,Giant Panda,General Attraction,tourism=attraction,1.4037639,103.7924733,19.15,hospital_radius,Columbia Asia Hospital - Iskandar Puteri,Johor
node/9288368781,Red Panda,General Attraction,tourism=attraction,1.4038149,103.7923305,19.14,hospital_radius,Columbia Asia Hospital - Iskandar Puteri,Johor
node/9288368782,Sturgeon,General Attraction,tourism=attraction,1.4038853,103.7922198,19.12,hospital_radius,Columbia Asia Hospital - Iskandar Puteri,Johor
node/9288368783,Chinese Giant Salamander,General Attraction,tourism=attraction,1.4039369,103.7922353,19.12,hospital_radius,Columbia Asia Hospital - Iskandar Puteri,Johor
node/9288368784,Yangtze Alligator,General Attraction,tourism=attraction,1.4039825,103.7922487,19.12,hospital_radius,Columbia Asia Hospital - Iskandar Puteri,Johor
node/9288368793,Giant Freshwater Stingray,General Attraction,tourism=attraction,1.4041675,103.7918597,19.07,hospital_radius,Columbia Asia Hospital - Iskandar Puteri,Johor
node/9288368799,Mekong Giant Catfish,General Attraction,tourism=attraction,1.4042218,103.7918879,19.07,hospital_radius,Columbia Asia Hospital - Iskandar Puteri,Johor
node/9288368800,Storks,General Attraction,tourism=attraction,1.4041065,103.7920649,19.09,hospital_radius,Columbia Asia Hospital - Iskandar Puteri,Johor
node/9288368801,Fire Eel,General Attraction,tourism=attraction,1.4040596,103.7920267,19.09,hospital_radius,Columbia Asia Hospital - Iskandar Puteri,Johor
node/9288368802,Lion-Tailed Macaque,General Attraction,tourism=attraction,1.4039496,103.7919436,19.09,hospital_radius,Columbia Asia Hospital - Iskandar Puteri,Johor
node/9288368803,Horseshoe Crab,General Attraction,tourism=attraction,1.4037288,103.7918708,19.09,hospital_radius,Columbia Asia Hospital - Iskandar Puteri,Johor
node/9288368804,Mudskipper,General Attraction,tourism=attraction,1.4037509,103.7918369,19.09,hospital_radius,Columbia Asia Hospital - Iskandar Puteri,Johor
node/9288368805,Archerfish,General Attraction,tourism=attraction,1.4037656,103.7918145,19.09,hospital_radius,Columbia Asia Hospital - Iskandar Puteri,Johor
node/9288368806,Australian Lungfish,General Attraction,tourism=attraction,1.4037921,103.7917726,19.08,hospital_radius,Columbia Asia Hospital - Iskandar Puteri,Johor
node/9288368807,Indian Gharial,General Attraction,tourism=attraction,1.4038152,103.7916623,19.07,hospital_radius,Columbia Asia Hospital - Iskandar Puteri,Johor
node/9288368808,Tigerfish,General Attraction,tourism=attraction,1.4039292,103.791043,19.0,hospital_radius,Columbia Asia Hospital - Iskandar Puteri,Johor
node/9288368809,African Dwarf Crocodile,General Attraction,tourism=attraction,1.4039925,103.7909612,18.99,hospital_radius,Columbia Asia Hospital - Iskandar Puteri,Johor
node/9288368810,Kribensis,General Attraction,tourism=attraction,1.4040737,103.7911521,19.0,hospital_radius,Columbia Asia Hospital - Iskandar Puteri,Johor
node/9288368811,Reedfish,General Attraction,tourism=attraction,1.4040631,103.7911526,19.01,hospital_radius,Columbia Asia Hospital - Iskandar Puteri,Johor
node/9288368812,Elephantnose Fish,General Attraction,tourism=attraction,1.4040559,103.791091,19.0,hospital_radius,Columbia Asia Hospital - Iskandar Puteri,Johor
node/9288368813,Eastern Battlenose,General Attraction,tourism=attraction,1.4040569,103.7910759,19.0,hospital_radius,Columbia Asia Hospital - Iskandar Puteri,Johor
node/9288368814,Tigerfish,General Attraction,tourism=attraction,1.4040579,103.7910343,18.99,hospital_radius,Columbia Asia Hospital - Iskandar Puteri,Johor
node/9288368815,Atlantic Tarpons,General Attraction,tourism=attraction,1.4040592,103.7909927,18.99,hospital_radius,Columbia Asia Hospital - Iskandar Puteri,Johor
node/9288368816,Trumpeter Hornbill,General Attraction,tourism=attraction,1.4041809,103.7910618,18.99,hospital_radius,Columbia Asia Hospital - Iskandar Puteri,Johor
node/9455014398,Switch 3272 NBE,General Attraction,tourism=attraction,1.411226,103.756232,15.2,hospital_radius,Columbia Asia Hospital - Iskandar Puteri,Johor
node/9590275022,Johor Bahru Chinese Heritage Museum,Museum,tourism=museum,1.4560242,103.7632774,14.23,hospital_radius,Columbia Asia Hospital - Iskandar Puteri,Johor
node/9794058924,Jurong Hill,Mountain / Peak,natural=peak,1.3174352,103.7078559,19.56,hospital_radius,Columbia Asia Hospital - Iskandar Puteri,Johor
node/9951794363,Camp Bicycle,Camp Site,tourism=camp_site,1.6128969,103.5772516,16.36,hospital_radius,Columbia Asia Hospital - Iskandar Puteri,Johor
node/10718051505,Dataran Mahkota,Memorial,historic=memorial,1.4226179,103.6518003,6.43,hospital_radius,Columbia Asia Hospital - Iskandar Puteri,Johor
node/10719628808,Masjid Al-Makmur Taman Kobena,Memorial,historic=memorial,1.5033807,103.6965681,7.14,hospital_radius,Columbia Asia Hospital - Iskandar Puteri,Johor
node/10878772929,Cloud Dancer,Public Art,tourism=artwork,1.4076072,103.7817026,17.89,hospital_radius,Columbia Asia Hospital - Iskandar Puteri,Johor
node/10878772930,Ephemeral,Public Art,tourism=artwork,1.4084032,103.7804119,17.72,hospital_radius,Columbia Asia Hospital - Iskandar Puteri,Johor
node/10914091290,Staircase to heaven,General Attraction,tourism=attraction,1.3343291,103.5942962,16.74,hospital_radius,Columbia Asia Hospital - Iskandar Puteri,Johor
node/10996581443,Perdana Park Homes,Park / Green Space,leisure=park,1.5656174,103.610001,10.14,hospital_radius,Columbia Asia Hospital - Iskandar Puteri,Johor
node/10996581446,Playground Pulai Heights,Park / Green Space,leisure=park,1.5584746,103.6127892,9.29,hospital_radius,Columbia Asia Hospital - Iskandar Puteri,Johor
node/10996581454,Pulai Perdana Recreation Park,Park / Green Space,leisure=park,1.5600271,103.6121707,9.48,hospital_radius,Columbia Asia Hospital - Iskandar Puteri,Johor
node/11145697605,RUD Karting Medini,General Attraction,tourism=attraction,1.405086,103.6256722,8.27,hospital_radius,Columbia Asia Hospital - Iskandar Puteri,Johor
node/11158944964,Puncak Hang Lekir,Viewpoint / Scenic Spot,tourism=viewpoint,1.5987295,103.5600163,15.88,hospital_radius,Columbia Asia Hospital - Iskandar Puteri,Johor
node/11158944965,Bukit Ulu Choh,Mountain / Peak,natural=peak,1.583709,103.548918,15.27,hospital_radius,Columbia Asia Hospital - Iskandar Puteri,Johor
node/11163174195,Gua Sendang,Cave,natural=cave_entrance,1.582964,103.5286081,16.75,hospital_radius,Columbia Asia Hospital - Iskandar Puteri,Johor
node/11163174196,Gua Kelawar,Cave,natural=cave_entrance,1.5831149,103.5292184,16.71,hospital_radius,Columbia Asia Hospital - Iskandar Puteri,Johor
node/11163174197,Gua Kambing,Cave,natural=cave_entrance,1.5832229,103.5267336,16.92,hospital_radius,Columbia Asia Hospital - Iskandar Puteri,Johor
node/11406975879,Bajau Hill,Mountain / Peak,natural=peak,1.3522489,103.6600859,14.27,hospital_radius,Columbia Asia Hospital - Iskandar Puteri,Johor
node/11406975880,Choa Chu Kang Hill,Mountain / Peak,natural=peak,1.3554674,103.6805383,14.51,hospital_radius,Columbia Asia Hospital - Iskandar Puteri,Johor
node/11461074169,GT Karting,General Attraction,tourism=attraction,1.5543013,103.7949072,19.44,hospital_radius,Columbia Asia Hospital - Iskandar Puteri,Johor
node/11673353763,Sarimbun,Mountain / Peak,natural=peak,1.4099719,103.6815221,9.08,hospital_radius,Columbia Asia Hospital - Iskandar Puteri,Johor
node/11673402532,Rambutan Hill,Mountain / Peak,natural=peak,1.3384633,103.6745723,16.12,hospital_radius,Columbia Asia Hospital - Iskandar Puteri,Johor
node/11673402533,FOFO Hill,Mountain / Peak,natural=peak,1.3354006,103.6639649,16.2,hospital_radius,Columbia Asia Hospital - Iskandar Puteri,Johor
node/11673402534,Elephant Hill,Mountain / Peak,natural=peak,1.3423007,103.6601998,15.37,hospital_radius,Columbia Asia Hospital - Iskandar Puteri,Johor
node/11676731626,Carton Box Theme Park,Theme Park,tourism=theme_park,1.4865186,103.7611203,13.79,hospital_radius,Columbia Asia Hospital - Iskandar Puteri,Johor
node/11868113665,blue lake 2,Viewpoint / Scenic Spot,tourism=viewpoint,1.6321452,103.573869,18.47,hospital_radius,Columbia Asia Hospital - Iskandar Puteri,Johor
node/11919233205,blue lake 1,Viewpoint / Scenic Spot,tourism=viewpoint,1.6391103,103.5857279,18.75,hospital_radius,Columbia Asia Hospital - Iskandar Puteri,Johor
node/12053289881,Mangrove Gallery,Museum,tourism=museum,1.4404805,103.7355896,11.72,hospital_radius,Columbia Asia Hospital - Iskandar Puteri,Johor
node/12517823617,Iora's Nest,Viewpoint / Scenic Spot,tourism=viewpoint,1.3998069,103.7918059,19.28,hospital_radius,Columbia Asia Hospital - Iskandar Puteri,Johor
node/12558633461,Eagle's Perch,Viewpoint / Scenic Spot,tourism=viewpoint,1.4037648,103.7950373,19.41,hospital_radius,Columbia Asia Hospital - Iskandar Puteri,Johor
node/12558642087,Kingfisher's cove,Viewpoint / Scenic Spot,tourism=viewpoint,1.4057509,103.7911443,18.92,hospital_radius,Columbia Asia Hospital - Iskandar Puteri,Johor
node/12558655771,Damselfly's Wing,Viewpoint / Scenic Spot,tourism=viewpoint,1.4009919,103.7940384,19.44,hospital_radius,Columbia Asia Hospital - Iskandar Puteri,Johor
node/12630420019,Wild Cavern Adventure,General Attraction,tourism=attraction,1.4081331,103.7823191,17.92,hospital_radius,Columbia Asia Hospital - Iskandar Puteri,Johor
node/12630420020,Wild Apex Adventure,General Attraction,tourism=attraction,1.4100242,103.7797486,17.58,hospital_radius,Columbia Asia Hospital - Iskandar Puteri,Johor
node/12630420021,Canopy Jump,General Attraction,tourism=attraction,1.4098631,103.7823814,17.85,hospital_radius,Columbia Asia Hospital - Iskandar Puteri,Johor
node/12630420028,Blind Cave Fish,General Attraction,tourism=attraction,1.4082451,103.7818683,17.87,hospital_radius,Columbia Asia Hospital - Iskandar Puteri,Johor
node/12630420050,Estuarine Crocodile,General Attraction,tourism=attraction,1.4085907,103.7815149,17.82,hospital_radius,Columbia Asia Hospital - Iskandar Puteri,Johor
node/12630420051,Phillipine Spotted Deer,General Attraction,tourism=attraction,1.4104371,103.7836819,17.95,hospital_radius,Columbia Asia Hospital - Iskandar Puteri,Johor
node/12630420052,Siamang,General Attraction,tourism=attraction,1.4099773,103.7833604,17.94,hospital_radius,Columbia Asia Hospital - Iskandar Puteri,Johor
node/12630420053,Red-Shanked Douc Langur,General Attraction,tourism=attraction,1.4101145,103.7835872,17.96,hospital_radius,Columbia Asia Hospital - Iskandar Puteri,Johor
node/12630420054,Javan Langur,General Attraction,tourism=attraction,1.410239,103.7833381,17.93,hospital_radius,Columbia Asia Hospital - Iskandar Puteri,Johor
node/12630420055,Asian Brown Tortoise,General Attraction,tourism=attraction,1.4098888,103.7806625,17.67,hospital_radius,Columbia Asia Hospital - Iskandar Puteri,Johor
node/12630420056,Southern River Terrapin,General Attraction,tourism=attraction,1.4092631,103.780942,17.73,hospital_radius,Columbia Asia Hospital - Iskandar Puteri,Johor
node/12630420057,Asian Black Scorpion,General Attraction,tourism=attraction,1.4085985,103.7812736,17.8,hospital_radius,Columbia Asia Hospital - Iskandar Puteri,Johor
node/12630420058,Madagascar Hissing Cockroach,General Attraction,tourism=attraction,1.4080778,103.782277,17.92,hospital_radius,Columbia Asia Hospital - Iskandar Puteri,Johor
node/12630420059,Cave Racer,General Attraction,tourism=attraction,1.4084179,103.7815289,17.83,hospital_radius,Columbia Asia Hospital - Iskandar Puteri,Johor
node/12630420060,Hog Deer,General Attraction,tourism=attraction,1.4099604,103.7808906,17.69,hospital_radius,Columbia Asia Hospital - Iskandar Puteri,Johor
node/12630449339,Francois' Langur,General Attraction,tourism=attraction,1.4098592,103.7798054,17.59,hospital_radius,Columbia Asia Hospital - Iskandar Puteri,Johor
node/12630449340,Malayan Tiger,General Attraction,tourism=attraction,1.4102156,103.7823354,17.83,hospital_radius,Columbia Asia Hospital - Iskandar Puteri,Johor
node/12630449341,Red Dhole,General Attraction,tourism=attraction,1.4101759,103.7814768,17.74,hospital_radius,Columbia Asia Hospital - Iskandar Puteri,Johor
node/12630449431,Karst Lookout,Viewpoint / Scenic Spot,tourism=viewpoint,1.4097981,103.7799515,17.61,hospital_radius,Columbia Asia Hospital - Iskandar Puteri,Johor
node/12844662088,ST Aerospace A-4SU Super Skyhawk,Monument,historic=monument,1.3742729,103.713114,14.34,hospital_radius,Columbia Asia Hospital - Iskandar Puteri,Johor
node/12886620507,The Panda Family,Public Art,tourism=artwork,1.3338726,103.7424046,19.89,hospital_radius,Columbia Asia Hospital - Iskandar Puteri,Johor
node/12955571622,Yuhua Village Neighbourhood Park,Park / Green Space,leisure=park,1.3450223,103.7375932,18.57,hospital_radius,Columbia Asia Hospital - Iskandar Puteri,Johor
node/12955571623,Hong Kah East Neighbourhood Park,Park / Green Space,leisure=park,1.3462164,103.7360433,18.36,hospital_radius,Columbia Asia Hospital - Iskandar Puteri,Johor
node/12969633801,Nirvana Memorial Center (Skudai),Memorial,historic=memorial,1.5259216,103.6562595,5.67,hospital_radius,Columbia Asia Hospital - Iskandar Puteri,Johor
node/13022633679,Puncak Zone 3,Mountain / Peak,natural=peak,1.464723,103.6326423,1.63,hospital_radius,Columbia Asia Hospital - Iskandar Puteri,Johor
node/13049604601,Ring-tailed Lemur,General Attraction,tourism=attraction,1.4055206,103.7950278,19.33,hospital_radius,Columbia Asia Hospital - Iskandar Puteri,Johor
node/13049604701,Giant Gourami,General Attraction,tourism=attraction,1.405497,103.7946887,19.29,hospital_radius,Columbia Asia Hospital - Iskandar Puteri,Johor
node/13049604801,Arapaima,General Attraction,tourism=attraction,1.405289,103.7942534,19.26,hospital_radius,Columbia Asia Hospital - Iskandar Puteri,Johor
node/13049610003,Mini Monkeys,General Attraction,tourism=attraction,1.4052567,103.7942377,19.26,hospital_radius,Columbia Asia Hospital - Iskandar Puteri,Johor
node/13049610901,Hamadryas Baboon,General Attraction,tourism=attraction,1.4056769,103.7939919,19.21,hospital_radius,Columbia Asia Hospital - Iskandar Puteri,Johor
node/13409743701,Eco Tourism Kampung Sungai Melayu Eco Tourism ( PELANCONGAN) Kampung Sungai Melayu,General Attraction,tourism=attraction,1.4548764,103.6914388,6.57,hospital_radius,Columbia Asia Hospital - Iskandar Puteri,Johor
node/13495680401,Amphitheater,General Attraction,tourism=attraction,1.4036464,103.7892601,18.84,hospital_radius,Columbia Asia Hospital - Iskandar Puteri,Johor
node/13527850101,Zero Kilometre (0 KM) of Peninsular Malaysia,General Attraction,tourism=attraction,1.4556069,103.7619812,14.09,hospital_radius,Columbia Asia Hospital - Iskandar Puteri,Johor
node/13565867809,新山南方大学学院文物与艺术馆,Museum,tourism=museum,1.5336731,103.6819021,7.88,hospital_radius,Columbia Asia Hospital - Iskandar Puteri,Johor
node/13565867810,郑良树教授书画珍藏馆,Museum,tourism=museum,1.5337558,103.6818343,7.88,hospital_radius,Columbia Asia Hospital - Iskandar Puteri,Johor
node/14079398263,Canopy Villa (Glamping),Camp Site,tourism=camp_site,1.4653711,103.6414978,1.54,hospital_radius,Columbia Asia Hospital - Iskandar Puteri,Johor
node/14172806001,Jungle X Camp,Camp Site,tourism=camp_site,1.5993925,103.5853152,14.62,hospital_radius,Columbia Asia Hospital - Iskandar Puteri,Johor
node/14181070512,Upper Mandai IV,Mountain / Peak,natural=peak,1.3871088,103.7800389,18.85,hospital_radius,Columbia Asia Hospital - Iskandar Puteri,Johor
node/14181070514,Upper Mandai I,Mountain / Peak,natural=peak,1.4019653,103.7893017,18.92,hospital_radius,Columbia Asia Hospital - Iskandar Puteri,Johor
way/43700119,Cashew Crescent Fitness Corner,Park / Green Space,leisure=park,1.3722857,103.7694949,18.86,hospital_radius,Columbia Asia Hospital - Iskandar Puteri,Johor
way/44638522,Jurong Hill Park,Park / Green Space,leisure=park,1.3178263,103.7071629,19.49,hospital_radius,Columbia Asia Hospital - Iskandar Puteri,Johor
way/49967616,Yunnan Garden,Park / Green Space,leisure=park,1.3441051,103.6850873,15.87,hospital_radius,Columbia Asia Hospital - Iskandar Puteri,Johor
way/49968763,Chinese Heritage Centre,Museum,tourism=museum,1.3438049,103.6840064,15.86,hospital_radius,Columbia Asia Hospital - Iskandar Puteri,Johor
way/71074796,Vista Park,Park / Green Space,leisure=park,1.4297572,103.796139,18.47,hospital_radius,Columbia Asia Hospital - Iskandar Puteri,Johor
way/97193422,Jurong West Neighbourhood Park,Park / Green Space,leisure=park,1.3401754,103.702322,17.0,hospital_radius,Columbia Asia Hospital - Iskandar Puteri,Johor
way/106590698,Taman Istana Besar,Park / Green Space,leisure=park,1.4588297,103.7557185,13.35,hospital_radius,Columbia Asia Hospital - Iskandar Puteri,Johor
way/112562765,Taman Jurong Greens,Park / Green Space,leisure=park,1.3367569,103.7187037,18.18,hospital_radius,Columbia Asia Hospital - Iskandar Puteri,Johor
way/115826789,Jurong Hill Tower,Viewpoint / Scenic Spot,tourism=viewpoint,1.3174225,103.707856,19.56,hospital_radius,Columbia Asia Hospital - Iskandar Puteri,Johor
way/117442426,Bukit Batok Nature Park,Nature Reserve,leisure=nature_reserve,1.3500119,103.7654752,20.19,hospital_radius,Columbia Asia Hospital - Iskandar Puteri,Johor
way/118272708,Admiralty Park,Park / Green Space,leisure=park,1.4463871,103.7814018,16.41,hospital_radius,Columbia Asia Hospital - Iskandar Puteri,Johor
way/119096618,Jurong Central Park,Park / Green Space,leisure=park,1.3378761,103.707802,17.5,hospital_radius,Columbia Asia Hospital - Iskandar Puteri,Johor
way/123096145,Bukit Batok Hillside Park,Park / Green Space,leisure=park,1.3589794,103.7453185,17.92,hospital_radius,Columbia Asia Hospital - Iskandar Puteri,Johor
way/125303509,Fu Shan Garden,Park / Green Space,leisure=park,1.4406404,103.7901634,17.51,hospital_radius,Columbia Asia Hospital - Iskandar Puteri,Johor
way/128019947,Bukit Batok Neighbourhood Park,Park / Green Space,leisure=park,1.3474576,103.7513621,19.32,hospital_radius,Columbia Asia Hospital - Iskandar Puteri,Johor
way/136711105,Sarimbun Scout Camp,Camp Site,tourism=camp_site,1.4376154,103.7008689,8.41,hospital_radius,Columbia Asia Hospital - Iskandar Puteri,Johor
way/136711620,Camp Christine,Camp Site,tourism=camp_site,1.4394502,103.7011661,8.33,hospital_radius,Columbia Asia Hospital - Iskandar Puteri,Johor
way/136711621,Jalan Bahtera Adventure Centre,Camp Site,tourism=camp_site,1.4378732,103.6995535,8.27,hospital_radius,Columbia Asia Hospital - Iskandar Puteri,Johor
way/146763038,Woodlands Crescent Park,Park / Green Space,leisure=park,1.4450046,103.8038978,18.89,hospital_radius,Columbia Asia Hospital - Iskandar Puteri,Johor
way/154251901,Circle Green,Park / Green Space,leisure=park,1.4432575,103.7978133,18.27,hospital_radius,Columbia Asia Hospital - Iskandar Puteri,Johor
way/154260726,Woodlands Admiral Garden,Park / Green Space,leisure=park,1.43773,103.8004196,18.69,hospital_radius,Columbia Asia Hospital - Iskandar Puteri,Johor
way/154430012,Mandai Tekong Park,Park / Green Space,leisure=park,1.4351753,103.7938916,18.06,hospital_radius,Columbia Asia Hospital - Iskandar Puteri,Johor
way/159120520,Taman Botani Iskandar,Park / Green Space,leisure=park,1.4212771,103.6549651,6.67,hospital_radius,Columbia Asia Hospital - Iskandar Puteri,Johor
way/161436160,Limbang Park,Park / Green Space,leisure=park,1.3906881,103.744561,15.42,hospital_radius,Columbia Asia Hospital - Iskandar Puteri,Johor
way/174286661,Marsiling Park,Park / Green Space,leisure=park,1.4372833,103.7702846,15.48,hospital_radius,Columbia Asia Hospital - Iskandar Puteri,Johor
way/174287747,Woodlands Town Park East,Park / Green Space,leisure=park,1.4366836,103.7792281,16.45,hospital_radius,Columbia Asia Hospital - Iskandar Puteri,Johor
way/174287749,Woodlands Waterfront Park,Park / Green Space,leisure=park,1.4531356,103.7801056,16.13,hospital_radius,Columbia Asia Hospital - Iskandar Puteri,Johor
way/177696838,Pavilion Playground,Park / Green Space,leisure=park,1.372004,103.751953,17.4,hospital_radius,Columbia Asia Hospital - Iskandar Puteri,Johor
way/182819154,Garden of Fame,Park / Green Space,leisure=park,1.3175454,103.7077824,19.55,hospital_radius,Columbia Asia Hospital - Iskandar Puteri,Johor
way/189019733,Treehaus Park,Park / Green Space,leisure=park,1.4344064,103.7832549,16.95,hospital_radius,Columbia Asia Hospital - Iskandar Puteri,Johor
way/189634955,Yunnan Park,Park / Green Space,leisure=park,1.3374892,103.6929329,16.86,hospital_radius,Columbia Asia Hospital - Iskandar Puteri,Johor
way/192574776,Legoland Malaysia,Theme Park,tourism=theme_park,1.4277203,103.6288626,5.73,hospital_radius,Columbia Asia Hospital - Iskandar Puteri,Johor
way/193421790,The Arena @ Keat Hong,Park / Green Space,leisure=park,1.3809601,103.7405455,15.8,hospital_radius,Columbia Asia Hospital - Iskandar Puteri,Johor
way/206387762,KELAB FUTSAL PETANG,Park / Green Space,leisure=park,1.5585873,103.6471093,8.96,hospital_radius,Columbia Asia Hospital - Iskandar Puteri,Johor
way/220824508,Bukit Panjang Neighbourhood Park,Park / Green Space,leisure=park,1.3825707,103.7655481,17.81,hospital_radius,Columbia Asia Hospital - Iskandar Puteri,Johor
way/232100475,Taman Impian Emas Paintball Park,Camp Site,tourism=camp_site,1.5642921,103.6672685,10.1,hospital_radius,Columbia Asia Hospital - Iskandar Puteri,Johor
way/233076451,Petir Park,Park / Green Space,leisure=park,1.3756531,103.7684365,18.53,hospital_radius,Columbia Asia Hospital - Iskandar Puteri,Johor
way/235915142,Tembusu Park,Park / Green Space,leisure=park,1.3789796,103.7439642,16.23,hospital_radius,Columbia Asia Hospital - Iskandar Puteri,Johor
way/238927124,Singapore Discovery Centre,Museum,tourism=museum,1.3326643,103.6790491,16.88,hospital_radius,Columbia Asia Hospital - Iskandar Puteri,Johor
way/238927728,Stagmont Park,Park / Green Space,leisure=park,1.3939549,103.7486291,15.55,hospital_radius,Columbia Asia Hospital - Iskandar Puteri,Johor
way/246273708,Wet Play,Other (water_park),leisure=water_park,1.4034359,103.7971859,19.64,hospital_radius,Columbia Asia Hospital - Iskandar Puteri,Johor
way/260182984,The Army Museum of Singapore,Museum,tourism=museum,1.3317409,103.6769997,16.91,hospital_radius,Columbia Asia Hospital - Iskandar Puteri,Johor
way/262861253,Australasia,General Attraction,tourism=attraction,1.4060031,103.7934073,19.14,hospital_radius,Columbia Asia Hospital - Iskandar Puteri,Johor
way/262861264,Elephants Of Asia,General Attraction,tourism=attraction,1.4052531,103.7956887,19.4,hospital_radius,Columbia Asia Hospital - Iskandar Puteri,Johor
way/262861283,Tropical Crops Plantation,Park / Green Space,leisure=park,1.4016931,103.7951816,19.52,hospital_radius,Columbia Asia Hospital - Iskandar Puteri,Johor
way/262885888,Babirusa,General Attraction,tourism=attraction,1.4015799,103.7877576,18.79,hospital_radius,Columbia Asia Hospital - Iskandar Puteri,Johor
way/262885891,Babirusa,General Attraction,tourism=attraction,1.4023846,103.7876923,18.74,hospital_radius,Columbia Asia Hospital - Iskandar Puteri,Johor
way/262885894,Bearded Pig,General Attraction,tourism=attraction,1.401919,103.7879074,18.79,hospital_radius,Columbia Asia Hospital - Iskandar Puteri,Johor
way/262885895,Bharal,General Attraction,tourism=attraction,1.4025586,103.7890329,18.87,hospital_radius,Columbia Asia Hospital - Iskandar Puteri,Johor
way/262885897,Bongo,General Attraction,tourism=attraction,1.4012475,103.7879055,18.82,hospital_radius,Columbia Asia Hospital - Iskandar Puteri,Johor
way/262885907,Giraffe,General Attraction,tourism=attraction,1.3995052,103.7891296,19.03,hospital_radius,Columbia Asia Hospital - Iskandar Puteri,Johor
way/262885909,Hippo,General Attraction,tourism=attraction,1.4011223,103.7872443,18.76,hospital_radius,Columbia Asia Hospital - Iskandar Puteri,Johor
way/262885911,Red River Hog,General Attraction,tourism=attraction,1.4019969,103.7875131,18.75,hospital_radius,Columbia Asia Hospital - Iskandar Puteri,Johor
way/262885912,Hyena,General Attraction,tourism=attraction,1.4015275,103.7900063,19.02,hospital_radius,Columbia Asia Hospital - Iskandar Puteri,Johor
way/262885914,Leopard,General Attraction,tourism=attraction,1.4010612,103.7906369,19.1,hospital_radius,Columbia Asia Hospital - Iskandar Puteri,Johor
way/262885916,Lions,General Attraction,tourism=attraction,1.4012973,103.7895697,18.98,hospital_radius,Columbia Asia Hospital - Iskandar Puteri,Johor
way/262885917,Markhor,General Attraction,tourism=attraction,1.402375,103.7893269,18.91,hospital_radius,Columbia Asia Hospital - Iskandar Puteri,Johor
way/262885919,Marsh Birds,General Attraction,tourism=attraction,1.4020131,103.7897991,18.97,hospital_radius,Columbia Asia Hospital - Iskandar Puteri,Johor
way/262885920,Mouflon,General Attraction,tourism=attraction,1.4022146,103.789654,18.95,hospital_radius,Columbia Asia Hospital - Iskandar Puteri,Johor
way/262885924,Night Safari,Zoo / Wildlife Park,tourism=zoo,1.4013989,103.7873532,18.76,hospital_radius,Columbia Asia Hospital - Iskandar Puteri,Johor
way/262885926,Otter,General Attraction,tourism=attraction,1.4022451,103.7900706,18.99,hospital_radius,Columbia Asia Hospital - Iskandar Puteri,Johor
way/262885929,River Wonders,Zoo / Wildlife Park,tourism=zoo,1.4020741,103.7915209,19.14,hospital_radius,Columbia Asia Hospital - Iskandar Puteri,Johor
way/262885931,Singapore Zoo,Zoo / Wildlife Park,tourism=zoo,1.4037073,103.7944215,19.35,hospital_radius,Columbia Asia Hospital - Iskandar Puteri,Johor
way/262885933,Spotted Hyena,General Attraction,tourism=attraction,1.4009273,103.7881861,18.87,hospital_radius,Columbia Asia Hospital - Iskandar Puteri,Johor
way/262885937,Tiger,General Attraction,tourism=attraction,1.4021874,103.7882864,18.81,hospital_radius,Columbia Asia Hospital - Iskandar Puteri,Johor
way/262961475,Horse Stable,Theme Park,tourism=theme_park,1.555349,103.6415577,8.55,hospital_radius,Columbia Asia Hospital - Iskandar Puteri,Johor
way/263921682,Taman Rusa UTM,Park / Green Space,leisure=park,1.5538676,103.6358656,8.37,hospital_radius,Columbia Asia Hospital - Iskandar Puteri,Johor
way/266756879,Impian Emas Community Park,Park / Green Space,leisure=park,1.54129,103.6769279,8.25,hospital_radius,Columbia Asia Hospital - Iskandar Puteri,Johor
way/267165387,Hutan Bandar MBIP,Park / Green Space,leisure=park,1.5102616,103.6325121,3.56,hospital_radius,Columbia Asia Hospital - Iskandar Puteri,Johor
way/285845913,Bangunan Sultan Ibrahim,General Attraction,tourism=attraction,1.4578152,103.7611326,13.96,hospital_radius,Columbia Asia Hospital - Iskandar Puteri,Johor
way/285861174,Istana Besar,Museum,tourism=museum,1.4550447,103.7564384,13.5,hospital_radius,Columbia Asia Hospital - Iskandar Puteri,Johor
way/286195752,Zoo Negeri Johor,Zoo / Wildlife Park,tourism=zoo,1.4577396,103.7528841,13.06,hospital_radius,Columbia Asia Hospital - Iskandar Puteri,Johor
way/295187128,Bukit Panjang Park,Park / Green Space,leisure=park,1.3725387,103.7760485,19.42,hospital_radius,Columbia Asia Hospital - Iskandar Puteri,Johor
way/305806391,Taman Nibong,Park / Green Space,leisure=park,1.5643677,103.7574343,16.41,hospital_radius,Columbia Asia Hospital - Iskandar Puteri,Johor
way/306759243,Yew Tee Park,Park / Green Space,leisure=park,1.3973761,103.7436713,14.88,hospital_radius,Columbia Asia Hospital - Iskandar Puteri,Johor
way/306763797,Teck Whye Gardens,Park / Green Space,leisure=park,1.3806818,103.7503308,16.63,hospital_radius,Columbia Asia Hospital - Iskandar Puteri,Johor
way/306765708,Beauty Garden Park,Park / Green Space,leisure=park,1.3619707,103.7487495,17.94,hospital_radius,Columbia Asia Hospital - Iskandar Puteri,Johor
way/308040667,Legoland Malaysia Waterpark,Theme Park,tourism=theme_park,1.4254987,103.6303841,5.95,hospital_radius,Columbia Asia Hospital - Iskandar Puteri,Johor
way/364081826,Serene Park Community Park,Park / Green Space,leisure=park,1.4712505,103.7727879,15.08,hospital_radius,Columbia Asia Hospital - Iskandar Puteri,Johor
way/380599765,Amazon Flooded Forest,General Attraction,tourism=attraction,1.4032379,103.7904469,18.98,hospital_radius,Columbia Asia Hospital - Iskandar Puteri,Johor
way/380599774,Giant Panda Forest,General Attraction,tourism=attraction,1.4037275,103.7925034,19.16,hospital_radius,Columbia Asia Hospital - Iskandar Puteri,Johor
way/380599776,Giant Panda Forest,General Attraction,tourism=attraction,1.4035994,103.7927652,19.19,hospital_radius,Columbia Asia Hospital - Iskandar Puteri,Johor
way/380599814,Congo River,General Attraction,tourism=attraction,1.4039832,103.7910204,19.0,hospital_radius,Columbia Asia Hospital - Iskandar Puteri,Johor
way/380599822,Boat Plaza,General Attraction,tourism=attraction,1.4010518,103.7921879,19.26,hospital_radius,Columbia Asia Hospital - Iskandar Puteri,Johor
way/380599835,Mary River,General Attraction,tourism=attraction,1.4037425,103.7918174,19.09,hospital_radius,Columbia Asia Hospital - Iskandar Puteri,Johor
way/380599859,Yangtze River,General Attraction,tourism=attraction,1.4038566,103.7921658,19.12,hospital_radius,Columbia Asia Hospital - Iskandar Puteri,Johor
way/386447663,Bukit Indah Recreational Park,Park / Green Space,leisure=park,1.4799944,103.659586,2.48,hospital_radius,Columbia Asia Hospital - Iskandar Puteri,Johor
way/397739666,Istana Bukit Serene,Historic Fort/Castle,historic=castle,1.4797973,103.7263694,9.9,hospital_radius,Columbia Asia Hospital - Iskandar Puteri,Johor
way/398338262,Jurong Eco-Garden,Park / Green Space,leisure=park,1.3531085,103.6924104,15.24,hospital_radius,Columbia Asia Hospital - Iskandar Puteri,Johor
way/404667169,Setia Indah Park,Park / Green Space,leisure=park,1.5706173,103.7578148,16.86,hospital_radius,Columbia Asia Hospital - Iskandar Puteri,Johor
way/407622575,Hutan Bandar MBJB,Park / Green Space,leisure=park,1.4832885,103.746199,12.12,hospital_radius,Columbia Asia Hospital - Iskandar Puteri,Johor
way/410983411,Chestnut Nature Park,Park / Green Space,leisure=park,1.3773662,103.7795175,19.41,hospital_radius,Columbia Asia Hospital - Iskandar Puteri,Johor
way/424780303,Jalan Dermawan Playground,Park / Green Space,leisure=park,1.3604926,103.7586553,18.83,hospital_radius,Columbia Asia Hospital - Iskandar Puteri,Johor
way/424865790,Chu Yen Playground,Park / Green Space,leisure=park,1.3586745,103.7590308,19.0,hospital_radius,Columbia Asia Hospital - Iskandar Puteri,Johor
way/425933736,Greenwood Sanctuary Admiralty,Park / Green Space,leisure=park,1.4397294,103.8068753,19.34,hospital_radius,Columbia Asia Hospital - Iskandar Puteri,Johor
way/426110732,Ru Yum T'a,Monument,historic=monument,1.3391571,103.7309402,18.67,hospital_radius,Columbia Asia Hospital - Iskandar Puteri,Johor
way/426826450,Neighbourhood Park,Park / Green Space,leisure=park,1.3543138,103.7407929,17.98,hospital_radius,Columbia Asia Hospital - Iskandar Puteri,Johor
way/444915375,Keat Hong Garden,Park / Green Space,leisure=park,1.3757711,103.747299,16.74,hospital_radius,Columbia Asia Hospital - Iskandar Puteri,Johor
way/453471380,Armour Heritage Centre,Museum,tourism=museum,1.4202593,103.6951466,9.13,hospital_radius,Columbia Asia Hospital - Iskandar Puteri,Johor
way/458846541,Choa Chu Kang Park,Park / Green Space,leisure=park,1.3868793,103.7484382,16.02,hospital_radius,Columbia Asia Hospital - Iskandar Puteri,Johor
way/459284415,Chestnut Point,Park / Green Space,leisure=park,1.3716508,103.7798548,19.81,hospital_radius,Columbia Asia Hospital - Iskandar Puteri,Johor
way/464140280,Lakeside Garden,Park / Green Space,leisure=park,1.3437536,103.7247699,17.87,hospital_radius,Columbia Asia Hospital - Iskandar Puteri,Johor
way/464763608,Phoenix Park,Park / Green Space,leisure=park,1.3758846,103.7572402,17.56,hospital_radius,Columbia Asia Hospital - Iskandar Puteri,Johor
way/466244785,Taman Perling Park,Park / Green Space,leisure=park,1.4846297,103.6816629,4.98,hospital_radius,Columbia Asia Hospital - Iskandar Puteri,Johor
way/466244788,Sutera Mall Park,Other (grassland),natural=grassland,1.5167773,103.6690023,5.52,hospital_radius,Columbia Asia Hospital - Iskandar Puteri,Johor
way/466244797,Sutera Park,Park / Green Space,leisure=park,1.4806574,103.6887097,5.72,hospital_radius,Columbia Asia Hospital - Iskandar Puteri,Johor
way/468618272,Zhenghua Nature Park,Park / Green Space,leisure=park,1.3857132,103.7732882,18.31,hospital_radius,Columbia Asia Hospital - Iskandar Puteri,Johor
way/477390064,Camp Site UTM,Park / Green Space,leisure=park,1.5606416,103.6274966,9.19,hospital_radius,Columbia Asia Hospital - Iskandar Puteri,Johor
way/477390065,Camp Site UTM,Park / Green Space,leisure=park,1.5606175,103.6272311,9.19,hospital_radius,Columbia Asia Hospital - Iskandar Puteri,Johor
way/477390067,Paintball Recreation Park,Park / Green Space,leisure=park,1.5677923,103.6340305,9.93,hospital_radius,Columbia Asia Hospital - Iskandar Puteri,Johor
way/477390068,Recreation Park,Park / Green Space,leisure=park,1.5694091,103.6334753,10.11,hospital_radius,Columbia Asia Hospital - Iskandar Puteri,Johor
way/477390069,Recreation Park,Park / Green Space,leisure=park,1.5695941,103.633317,10.13,hospital_radius,Columbia Asia Hospital - Iskandar Puteri,Johor
way/477390070,Recreation Park,Park / Green Space,leisure=park,1.569688,103.6335128,10.14,hospital_radius,Columbia Asia Hospital - Iskandar Puteri,Johor
way/477390071,Recreation Park,Park / Green Space,leisure=park,1.5699427,103.6331373,10.17,hospital_radius,Columbia Asia Hospital - Iskandar Puteri,Johor
way/477390072,Recreation Park,Park / Green Space,leisure=park,1.5701572,103.6335048,10.19,hospital_radius,Columbia Asia Hospital - Iskandar Puteri,Johor
way/482529978,Palm View Garden,Park / Green Space,leisure=park,1.3489908,103.7217733,17.2,hospital_radius,Columbia Asia Hospital - Iskandar Puteri,Johor
way/494544592,Taman Merdeka,Park / Green Space,leisure=park,1.479539,103.7356006,10.93,hospital_radius,Columbia Asia Hospital - Iskandar Puteri,Johor
way/494804047,Danga Bay Park,Park / Green Space,leisure=park,1.4775792,103.7231994,9.55,hospital_radius,Columbia Asia Hospital - Iskandar Puteri,Johor
way/496820603,Cashew Road Playground,Park / Green Space,leisure=park,1.3706506,103.7646668,18.56,hospital_radius,Columbia Asia Hospital - Iskandar Puteri,Johor
way/525508996,Austin Heights Water & Adventure Park,Other (water_park),leisure=water_park,1.5616476,103.7751684,17.89,hospital_radius,Columbia Asia Hospital - Iskandar Puteri,Johor
way/532639357,Little Millets atelier & gallery,Public Art,tourism=artwork,1.4379324,103.61856,4.98,hospital_radius,Columbia Asia Hospital - Iskandar Puteri,Johor
way/532696564,Paradiso Nuova Park,Park / Green Space,leisure=park,1.4227663,103.637264,6.21,hospital_radius,Columbia Asia Hospital - Iskandar Puteri,Johor
way/536536798,Mahkota Park,Park / Green Space,leisure=park,1.424286,103.6376401,6.04,hospital_radius,Columbia Asia Hospital - Iskandar Puteri,Johor
way/536540864,Edible Park,Park / Green Space,leisure=park,1.412579,103.6257452,7.45,hospital_radius,Columbia Asia Hospital - Iskandar Puteri,Johor
way/540287246,Hazel Park Open Space,Park / Green Space,leisure=park,1.3715766,103.7636648,18.41,hospital_radius,Columbia Asia Hospital - Iskandar Puteri,Johor
way/542432748,Keat Hong Park,Park / Green Space,leisure=park,1.3786352,103.7346232,15.51,hospital_radius,Columbia Asia Hospital - Iskandar Puteri,Johor
way/547083953,BFA Park,Park / Green Space,leisure=park,1.3848159,103.7691507,17.99,hospital_radius,Columbia Asia Hospital - Iskandar Puteri,Johor
way/549084019,Blk 184 Playground,Park / Green Space,leisure=park,1.3795734,103.7627514,17.77,hospital_radius,Columbia Asia Hospital - Iskandar Puteri,Johor
way/549084880,Blk 167 Playground,Park / Green Space,leisure=park,1.3771175,103.7648061,18.12,hospital_radius,Columbia Asia Hospital - Iskandar Puteri,Johor
way/549775448,Villa Verde Park,Park / Green Space,leisure=park,1.3916357,103.7526459,16.06,hospital_radius,Columbia Asia Hospital - Iskandar Puteri,Johor
way/563380802,Sutera Mall Dolphin statue,Public Art,tourism=artwork,1.5165518,103.6689594,5.5,hospital_radius,Columbia Asia Hospital - Iskandar Puteri,Johor
way/575289898,Laman Tasik Pandan,Park / Green Space,leisure=park,1.5130297,103.7938254,17.82,hospital_radius,Columbia Asia Hospital - Iskandar Puteri,Johor
way/585835546,Wenya Neighbourhood Park,Park / Green Space,leisure=park,1.3515705,103.7054,16.03,hospital_radius,Columbia Asia Hospital - Iskandar Puteri,Johor
way/612218889,Taman Riadah UTM,Park / Green Space,leisure=park,1.5557517,103.6349308,8.58,hospital_radius,Columbia Asia Hospital - Iskandar Puteri,Johor
way/619100244,Setia Tropika Town Park,Park / Green Space,leisure=park,1.5449694,103.7205189,11.84,hospital_radius,Columbia Asia Hospital - Iskandar Puteri,Johor
way/621691336,Royal Crown Arch,General Attraction,tourism=attraction,1.4822781,103.7224935,9.48,hospital_radius,Columbia Asia Hospital - Iskandar Puteri,Johor
way/622934692,Boon Lay View Recreation Park,Park / Green Space,leisure=park,1.3502441,103.7114233,16.48,hospital_radius,Columbia Asia Hospital - Iskandar Puteri,Johor
way/624397262,Keat Hong Woods,Park / Green Space,leisure=park,1.3731585,103.744544,16.72,hospital_radius,Columbia Asia Hospital - Iskandar Puteri,Johor
way/680650878,Bukit Gombak Park,Park / Green Space,leisure=park,1.3672089,103.7523568,17.8,hospital_radius,Columbia Asia Hospital - Iskandar Puteri,Johor
way/680650879,Pavilion Playground II,Park / Green Space,leisure=park,1.3683389,103.7531779,17.78,hospital_radius,Columbia Asia Hospital - Iskandar Puteri,Johor
way/691659484,Bukit Batok Town Park,Park / Green Space,leisure=park,1.3597892,103.7553635,18.62,hospital_radius,Columbia Asia Hospital - Iskandar Puteri,Johor
way/692801853,Taman Awam MBIP,Park / Green Space,leisure=park,1.5430513,103.6279903,7.24,hospital_radius,Columbia Asia Hospital - Iskandar Puteri,Johor
way/692975515,SEA LIFE Malaysia,Aquarium,tourism=aquarium,1.4277119,103.6316603,5.69,hospital_radius,Columbia Asia Hospital - Iskandar Puteri,Johor
way/694056025,Bukit Batok Central (neighbourhood) Park,Park / Green Space,leisure=park,1.348441,103.7463674,18.88,hospital_radius,Columbia Asia Hospital - Iskandar Puteri,Johor
way/695952745,Jalan Remaja Interim Park,Park / Green Space,leisure=park,1.3575777,103.7607814,19.22,hospital_radius,Columbia Asia Hospital - Iskandar Puteri,Johor
way/695952747,Lor Kemunchup Park,Park / Green Space,leisure=park,1.3604001,103.7610039,19.02,hospital_radius,Columbia Asia Hospital - Iskandar Puteri,Johor
way/695953921,Hillview Crescent Playground,Park / Green Space,leisure=park,1.3552491,103.761003,19.42,hospital_radius,Columbia Asia Hospital - Iskandar Puteri,Johor
way/699092193,Chestnut Close Playground,Park / Green Space,leisure=park,1.3690442,103.773353,19.42,hospital_radius,Columbia Asia Hospital - Iskandar Puteri,Johor
way/722269766,Dog Run,Other (dog_park),leisure=dog_park,1.3332548,103.7264021,18.95,hospital_radius,Columbia Asia Hospital - Iskandar Puteri,Johor
way/722269842,Clusia Cove,General Attraction,tourism=attraction,1.3402969,103.724881,18.2,hospital_radius,Columbia Asia Hospital - Iskandar Puteri,Johor
way/727462072,Cashew Link Playground,Park / Green Space,leisure=park,1.3713115,103.7689161,18.88,hospital_radius,Columbia Asia Hospital - Iskandar Puteri,Johor
way/733837723,Taman Jurong Park,Park / Green Space,leisure=park,1.3282642,103.7210373,19.13,hospital_radius,Columbia Asia Hospital - Iskandar Puteri,Johor
way/733910364,The Frontier Plaza @ Pioneer,Park / Green Space,leisure=park,1.3407077,103.7051935,17.09,hospital_radius,Columbia Asia Hospital - Iskandar Puteri,Johor
way/734681278,Woodlands Neigbourhood 2 Park,Park / Green Space,leisure=park,1.4442766,103.7733138,15.59,hospital_radius,Columbia Asia Hospital - Iskandar Puteri,Johor
way/744193319,Urban Park,Park / Green Space,leisure=park,1.5886419,103.76584,18.81,hospital_radius,Columbia Asia Hospital - Iskandar Puteri,Johor
way/748701230,Chinese Garden,Park / Green Space,leisure=park,1.3385759,103.7304708,18.7,hospital_radius,Columbia Asia Hospital - Iskandar Puteri,Johor
way/750992112,HometeamNS Adventure Centre,Camp Site,tourism=camp_site,1.3670603,103.7476157,17.44,hospital_radius,Columbia Asia Hospital - Iskandar Puteri,Johor
way/751756789,Rini Hills Park,Park / Green Space,leisure=park,1.5177105,103.6468369,4.48,hospital_radius,Columbia Asia Hospital - Iskandar Puteri,Johor
way/753505953,Rini Hills 2 Park,Park / Green Space,leisure=park,1.5207428,103.6438253,4.74,hospital_radius,Columbia Asia Hospital - Iskandar Puteri,Johor
way/758347463,Jurong West Park,Park / Green Space,leisure=park,1.345571,103.6940296,16.08,hospital_radius,Columbia Asia Hospital - Iskandar Puteri,Johor
way/760478125,Adda Height Park,Park / Green Space,leisure=park,1.5532098,103.7448419,14.55,hospital_radius,Columbia Asia Hospital - Iskandar Puteri,Johor
way/767316592,Bird Paradise,Zoo / Wildlife Park,tourism=zoo,1.4054734,103.7814311,17.97,hospital_radius,Columbia Asia Hospital - Iskandar Puteri,Johor
way/767316593,Rainforest Wild Adventure West,Zoo / Wildlife Park,tourism=zoo,1.4093902,103.7817387,17.81,hospital_radius,Columbia Asia Hospital - Iskandar Puteri,Johor
way/768266514,Dataran Mahkota,Park / Green Space,leisure=park,1.4226007,103.6518108,6.43,hospital_radius,Columbia Asia Hospital - Iskandar Puteri,Johor
way/793463271,La Stella Water Theme Park,Theme Park,tourism=theme_park,1.5661808,103.7207289,13.45,hospital_radius,Columbia Asia Hospital - Iskandar Puteri,Johor
way/793483430,Caranday Park,Park / Green Space,leisure=park,1.5383406,103.730481,12.31,hospital_radius,Columbia Asia Hospital - Iskandar Puteri,Johor
way/793483668,Alexandre Avenue,Park / Green Space,leisure=park,1.5409269,103.731643,12.57,hospital_radius,Columbia Asia Hospital - Iskandar Puteri,Johor
way/793483669,Dictyo Alba,Park / Green Space,leisure=park,1.5430687,103.7324857,12.78,hospital_radius,Columbia Asia Hospital - Iskandar Puteri,Johor
way/793483670,Caryota Square,Park / Green Space,leisure=park,1.5441704,103.729032,12.54,hospital_radius,Columbia Asia Hospital - Iskandar Puteri,Johor
way/793483671,Areca Green,Park / Green Space,leisure=park,1.5455035,103.7255277,12.31,hospital_radius,Columbia Asia Hospital - Iskandar Puteri,Johor
way/793483672,Licuala Garden,Park / Green Space,leisure=park,1.5465861,103.7224298,12.11,hospital_radius,Columbia Asia Hospital - Iskandar Puteri,Johor
way/793493114,Elata Haven,Park / Green Space,leisure=park,1.5397737,103.7351234,12.83,hospital_radius,Columbia Asia Hospital - Iskandar Puteri,Johor
way/809917440,Muzium Tokoh Johor,Museum,tourism=museum,1.4722561,103.7654071,14.26,hospital_radius,Columbia Asia Hospital - Iskandar Puteri,Johor
way/824750766,Fuyong Interim Park,Park / Green Space,leisure=park,1.3573922,103.7687377,19.88,hospital_radius,Columbia Asia Hospital - Iskandar Puteri,Johor
way/839311222,Primate Kingdom,General Attraction,tourism=attraction,1.4052948,103.7946927,19.3,hospital_radius,Columbia Asia Hospital - Iskandar Puteri,Johor
way/851996696,Jalan Rasok Park,Park / Green Space,leisure=park,1.4165034,103.7590378,15.19,hospital_radius,Columbia Asia Hospital - Iskandar Puteri,Johor
way/883063464,Johor Bahru Night Market,General Attraction,tourism=attraction,1.5062114,103.7290227,10.65,hospital_radius,Columbia Asia Hospital - Iskandar Puteri,Johor
way/892928712,Serene Square,Park / Green Space,leisure=park,1.4803038,103.7239694,9.64,hospital_radius,Columbia Asia Hospital - Iskandar Puteri,Johor
way/973019769,Future site of Science Centre Singapore,Museum,tourism=museum,1.3421428,103.7308274,18.39,hospital_radius,Columbia Asia Hospital - Iskandar Puteri,Johor
way/974995686,Cashew Road Interim Park,Park / Green Space,leisure=park,1.3724018,103.7680028,18.72,hospital_radius,Columbia Asia Hospital - Iskandar Puteri,Johor
way/993858951,Senja Woods Park,Park / Green Space,leisure=park,1.3889436,103.7616342,17.04,hospital_radius,Columbia Asia Hospital - Iskandar Puteri,Johor
way/1006761124,Tortoise Shell-ter,General Attraction,tourism=attraction,1.4031533,103.7950174,19.44,hospital_radius,Columbia Asia Hospital - Iskandar Puteri,Johor
way/1006761125,Houbii Spot Rope Course,General Attraction,tourism=attraction,1.4031416,103.7954871,19.48,hospital_radius,Columbia Asia Hospital - Iskandar Puteri,Johor
way/1006761154,Panda Outdoor Viewing Gallery,General Attraction,tourism=attraction,1.403576,103.792457,19.16,hospital_radius,Columbia Asia Hospital - Iskandar Puteri,Johor
way/1006761157,Ganges River,General Attraction,tourism=attraction,1.4038106,103.7916855,19.07,hospital_radius,Columbia Asia Hospital - Iskandar Puteri,Johor
way/1006761159,Once Upon A River,General Attraction,tourism=attraction,1.4013019,103.7919241,19.22,hospital_radius,Columbia Asia Hospital - Iskandar Puteri,Johor
way/1006761160,Squirrel Monkey Forest,General Attraction,tourism=attraction,1.4030892,103.7911912,19.06,hospital_radius,Columbia Asia Hospital - Iskandar Puteri,Johor
way/1006761161,Amazon River Quest,General Attraction,tourism=attraction,1.4023196,103.7912374,19.1,hospital_radius,Columbia Asia Hospital - Iskandar Puteri,Johor
way/1006761175,River Nile,General Attraction,tourism=attraction,1.4038236,103.7913729,19.04,hospital_radius,Columbia Asia Hospital - Iskandar Puteri,Johor
way/1006761181,River Gems,General Attraction,tourism=attraction,1.4041718,103.7909811,18.98,hospital_radius,Columbia Asia Hospital - Iskandar Puteri,Johor
way/1006761185,Animal Playground,General Attraction,tourism=attraction,1.4037542,103.7931325,19.22,hospital_radius,Columbia Asia Hospital - Iskandar Puteri,Johor
way/1006761197,Mekong River,General Attraction,tourism=attraction,1.4040163,103.7919653,19.09,hospital_radius,Columbia Asia Hospital - Iskandar Puteri,Johor
way/1009086296,Camellia Park,Park / Green Space,leisure=park,1.5881442,103.7476233,17.29,hospital_radius,Columbia Asia Hospital - Iskandar Puteri,Johor
way/1041660109,I❤MALAYSIA,Memorial,historic=memorial,1.3325578,103.5884193,17.12,hospital_radius,Columbia Asia Hospital - Iskandar Puteri,Johor
way/1041671494,Forest City Maze,General Attraction,tourism=attraction,1.3339712,103.5880491,16.99,hospital_radius,Columbia Asia Hospital - Iskandar Puteri,Johor
way/1041681086,Forest City Water Park,Other (water_park),leisure=water_park,1.3331485,103.5919161,16.94,hospital_radius,Columbia Asia Hospital - Iskandar Puteri,Johor
way/1041713047,X Park Malaysia,Theme Park,tourism=theme_park,1.3951947,103.6246418,9.38,hospital_radius,Columbia Asia Hospital - Iskandar Puteri,Johor
way/1041724143,Tan Hiok Nee Heritage Walk,General Attraction,tourism=attraction,1.4566368,103.7640319,14.3,hospital_radius,Columbia Asia Hospital - Iskandar Puteri,Johor
way/1070321348,Summer Pavilion,Park / Green Space,leisure=park,1.5952331,103.7538611,18.33,hospital_radius,Columbia Asia Hospital - Iskandar Puteri,Johor
way/1070321349,Seri Austin Lake Park,Park / Green Space,leisure=park,1.5844545,103.7443909,16.74,hospital_radius,Columbia Asia Hospital - Iskandar Puteri,Johor
way/1075229098,Villa Verde Park extension,Park / Green Space,leisure=park,1.3888396,103.7542385,16.39,hospital_radius,Columbia Asia Hospital - Iskandar Puteri,Johor
way/1080462330,Austin Perdana Park,Park / Green Space,leisure=park,1.5439936,103.7837909,17.84,hospital_radius,Columbia Asia Hospital - Iskandar Puteri,Johor
way/1084999179,Kempas Utama Park,Park / Green Space,leisure=park,1.5564074,103.7103125,11.86,hospital_radius,Columbia Asia Hospital - Iskandar Puteri,Johor
way/1087165507,Wag & Wild,Other (dog_park),leisure=dog_park,1.3366222,103.7461201,19.89,hospital_radius,Columbia Asia Hospital - Iskandar Puteri,Johor
way/1094032623,JPG Dog Run,Other (dog_park),leisure=dog_park,1.3367051,103.7472201,19.96,hospital_radius,Columbia Asia Hospital - Iskandar Puteri,Johor
way/1101041239,Site,Park / Green Space,leisure=park,1.445765,103.7306521,11.0,hospital_radius,Columbia Asia Hospital - Iskandar Puteri,Johor
way/1105370913,Senja Parc View Common Green,Park / Green Space,leisure=park,1.3880283,103.758679,16.84,hospital_radius,Columbia Asia Hospital - Iskandar Puteri,Johor
way/1121534113,Limbang Green Spine,Park / Green Space,leisure=park,1.3943842,103.745994,15.29,hospital_radius,Columbia Asia Hospital - Iskandar Puteri,Johor
way/1150173831,SENAI AIRPORT CITY,Public Art,tourism=artwork,1.6020546,103.6725734,14.28,hospital_radius,Columbia Asia Hospital - Iskandar Puteri,Johor
way/1150335711,Aspira Liner Park,Park / Green Space,leisure=park,1.4239286,103.5883794,8.15,hospital_radius,Columbia Asia Hospital - Iskandar Puteri,Johor
way/1153958271,Pang Sua Park Connector,Park / Green Space,leisure=park,1.3800859,103.7587116,17.38,hospital_radius,Columbia Asia Hospital - Iskandar Puteri,Johor
way/1158969199,Mandai Wildlife West,Park / Green Space,leisure=park,1.4072822,103.7806106,17.8,hospital_radius,Columbia Asia Hospital - Iskandar Puteri,Johor
way/1159195824,Therapeutic Garden (Adult's Section),General Attraction,tourism=attraction,1.3352074,103.7278032,18.85,hospital_radius,Columbia Asia Hospital - Iskandar Puteri,Johor
way/1159195825,Therapeutic Garden (Children's Discovery Area),General Attraction,tourism=attraction,1.3354463,103.7276888,18.82,hospital_radius,Columbia Asia Hospital - Iskandar Puteri,Johor
way/1159195826,Butterfly Maze,General Attraction,tourism=attraction,1.335712,103.7275796,18.79,hospital_radius,Columbia Asia Hospital - Iskandar Puteri,Johor
way/1159195835,Dog Run,Other (dog_park),leisure=dog_park,1.3333727,103.7261993,18.93,hospital_radius,Columbia Asia Hospital - Iskandar Puteri,Johor
way/1162741896,Kranji Node,Park / Green Space,leisure=park,1.4258357,103.7611979,14.97,hospital_radius,Columbia Asia Hospital - Iskandar Puteri,Johor
way/1163451907,Nanyang University Arch,Monument,historic=monument,1.337408,103.6932173,16.88,hospital_radius,Columbia Asia Hospital - Iskandar Puteri,Johor
way/1165406854,Ocean Network Express Penguin Cove,General Attraction,tourism=attraction,1.406525,103.7825902,18.03,hospital_radius,Columbia Asia Hospital - Iskandar Puteri,Johor
way/1166189242,Australia Outback,General Attraction,tourism=attraction,1.406076,103.7820867,18.0,hospital_radius,Columbia Asia Hospital - Iskandar Puteri,Johor
way/1166189243,Mysterious Papua,General Attraction,tourism=attraction,1.4057622,103.7817595,17.99,hospital_radius,Columbia Asia Hospital - Iskandar Puteri,Johor
way/1166189244,Heart of Africa,General Attraction,tourism=attraction,1.4067904,103.7808002,17.84,hospital_radius,Columbia Asia Hospital - Iskandar Puteri,Johor
way/1166189245,Kuok Group Wings of Asia,General Attraction,tourism=attraction,1.4059029,103.7804723,17.85,hospital_radius,Columbia Asia Hospital - Iskandar Puteri,Johor
way/1166189246,Winged Sanctuary,General Attraction,tourism=attraction,1.4068067,103.7830864,18.07,hospital_radius,Columbia Asia Hospital - Iskandar Puteri,Johor
way/1166189250,Lory Loft,General Attraction,tourism=attraction,1.4051768,103.781558,18.0,hospital_radius,Columbia Asia Hospital - Iskandar Puteri,Johor
way/1166189251,Songs of the Forest,General Attraction,tourism=attraction,1.4046663,103.7813697,18.0,hospital_radius,Columbia Asia Hospital - Iskandar Puteri,Johor
way/1166189252,Amazonian Jewels,General Attraction,tourism=attraction,1.4041566,103.7814348,18.03,hospital_radius,Columbia Asia Hospital - Iskandar Puteri,Johor
way/1166189253,Hong Leong Foundation Crimson Wetlands,General Attraction,tourism=attraction,1.4039223,103.780957,18.0,hospital_radius,Columbia Asia Hospital - Iskandar Puteri,Johor
way/1167764765,Nanyang Ruby Park,Park / Green Space,leisure=park,1.3432144,103.6900424,16.15,hospital_radius,Columbia Asia Hospital - Iskandar Puteri,Johor
way/1174515664,Woodlands (SLE) Park Connector,Park / Green Space,leisure=park,1.425036,103.7943755,18.45,hospital_radius,Columbia Asia Hospital - Iskandar Puteri,Johor
way/1174515665,Woodlands Healing Garden,Park / Green Space,leisure=park,1.4250678,103.7930257,18.31,hospital_radius,Columbia Asia Hospital - Iskandar Puteri,Johor
way/1176237705,Dataran Cahaya Kulai,Park / Green Space,leisure=park,1.6548333,103.6074853,19.88,hospital_radius,Columbia Asia Hospital - Iskandar Puteri,Johor
way/1179979551,Taman Wetland,Park / Green Space,leisure=park,1.5527395,103.7358436,13.71,hospital_radius,Columbia Asia Hospital - Iskandar Puteri,Johor
way/1180511407,Gelanggang Bola Keranjang,Park / Green Space,leisure=park,1.5371466,103.6206674,6.77,hospital_radius,Columbia Asia Hospital - Iskandar Puteri,Johor
way/1182387844,Playground Jalan Anggerik 5,Other (park;sport),leisure=park;sport,1.551422,103.8018343,20.0,hospital_radius,Columbia Asia Hospital - Iskandar Puteri,Johor
way/1182466173,Jalan Suria Park,Park / Green Space,leisure=park,1.4556969,103.5973191,5.12,hospital_radius,Columbia Asia Hospital - Iskandar Puteri,Johor
way/1217559076,Pulai Perdana Recreational Park,Park / Green Space,leisure=park,1.5599777,103.6112713,9.5,hospital_radius,Columbia Asia Hospital - Iskandar Puteri,Johor
way/1225393333,Nanyang Street,Public Art,tourism=artwork,1.565901,103.7760269,18.22,hospital_radius,Columbia Asia Hospital - Iskandar Puteri,Johor
way/1250152881,Lim Chu Kang Nature Park,Park / Green Space,leisure=park,1.4484371,103.7129798,9.06,hospital_radius,Columbia Asia Hospital - Iskandar Puteri,Johor
way/1282344941,Linear Park,Park / Green Space,leisure=park,1.4151761,103.6551231,7.32,hospital_radius,Columbia Asia Hospital - Iskandar Puteri,Johor
way/1316058965,Taman Awam,Park / Green Space,leisure=park,1.5607815,103.6084639,9.68,hospital_radius,Columbia Asia Hospital - Iskandar Puteri,Johor
way/1316058966,Taman Awam,Park / Green Space,leisure=park,1.56372,103.6087142,9.98,hospital_radius,Columbia Asia Hospital - Iskandar Puteri,Johor
way/1319281976,Rainforest Wild Adventure East,Zoo / Wildlife Park,tourism=zoo,1.4045637,103.7858712,18.45,hospital_radius,Columbia Asia Hospital - Iskandar Puteri,Johor
way/1327237686,Taman Damai Interim Park,Park / Green Space,leisure=park,1.3288453,103.7238013,19.23,hospital_radius,Columbia Asia Hospital - Iskandar Puteri,Johor
way/1358896696,Taman Rekreasi Lavender,Park / Green Space,leisure=park,1.5256604,103.58843,7.54,hospital_radius,Columbia Asia Hospital - Iskandar Puteri,Johor
way/1364036068,Entrance Gorge,General Attraction,tourism=attraction,1.4091844,103.7807458,17.72,hospital_radius,Columbia Asia Hospital - Iskandar Puteri,Johor
way/1364036069,Watering Hole,General Attraction,tourism=attraction,1.4090109,103.7818683,17.84,hospital_radius,Columbia Asia Hospital - Iskandar Puteri,Johor
way/1364036076,The Cavern,General Attraction,tourism=attraction,1.4085658,103.7817072,17.84,hospital_radius,Columbia Asia Hospital - Iskandar Puteri,Johor
way/1364036078,Rock Cascade,General Attraction,tourism=attraction,1.4101408,103.7824916,17.85,hospital_radius,Columbia Asia Hospital - Iskandar Puteri,Johor
way/1364036079,The Canopy,General Attraction,tourism=attraction,1.4102007,103.7835531,17.95,hospital_radius,Columbia Asia Hospital - Iskandar Puteri,Johor
way/1364036080,The Karsts,General Attraction,tourism=attraction,1.4098411,103.7798567,17.6,hospital_radius,Columbia Asia Hospital - Iskandar Puteri,Johor
way/1364036081,Forest Floor,General Attraction,tourism=attraction,1.4099824,103.7808576,17.69,hospital_radius,Columbia Asia Hospital - Iskandar Puteri,Johor
way/1383693100,Galeri Penjara Ayer Molek,Museum,tourism=museum,1.4631756,103.756776,13.39,hospital_radius,Columbia Asia Hospital - Iskandar Puteri,Johor
way/1469128675,Bulim Park,Park / Green Space,leisure=park,1.3571423,103.7064201,15.54,hospital_radius,Columbia Asia Hospital - Iskandar Puteri,Johor
way/1475197246,Bulim Park,Park / Green Space,leisure=park,1.3551168,103.7056815,15.69,hospital_radius,Columbia Asia Hospital - Iskandar Puteri,Johor
way/1502392280,TMIYC Iskandar Puteri,Park / Green Space,leisure=park,1.4262152,103.6177699,6.21,hospital_radius,Columbia Asia Hospital - Iskandar Puteri,Johor
way/1543903006,Choa Chu Kang Mini Road Safety Park,Park / Green Space,leisure=park,1.381746,103.7483545,16.38,hospital_radius,Columbia Asia Hospital - Iskandar Puteri,Johor
way/1549014071,Yew Tee Waterplay Plaza,Other (water_park),leisure=water_park,1.3991653,103.7479696,15.14,hospital_radius,Columbia Asia Hospital - Iskandar Puteri,Johor
way/1550338443,Iskandar Puteri Sign,General Attraction,tourism=attraction,1.4510412,103.6526971,3.51,hospital_radius,Columbia Asia Hospital - Iskandar Puteri,Johor
node/394490687,Bukit Timah Hill,Mountain / Peak,natural=peak,1.3546901,103.7763724,17.57,hospital_radius,Gleneagles Hospital Johor,Johor
node/585163940,Shonan Chureito World War II Memorial,Memorial,historic=memorial,1.3509551,103.7667117,16.83,hospital_radius,Gleneagles Hospital Johor,Johor
node/1721892269,Dialogue in the Dark Singapore,Museum,tourism=museum,1.3341909,103.7771594,18.79,hospital_radius,Gleneagles Hospital Johor,Johor
node/2656671597,Kartright Speedway,General Attraction,tourism=attraction,1.3289694,103.6823339,12.04,hospital_radius,Gleneagles Hospital Johor,Johor
node/4283192413,Tuas south Ave 14 ,Public Art,tourism=artwork,1.2735111,103.6178627,17.14,hospital_radius,Gleneagles Hospital Johor,Johor
node/4523600291,Paddle Lodge Pandan Reservoir,General Attraction,tourism=attraction,1.3200331,103.7366181,16.33,hospital_radius,Gleneagles Hospital Johor,Johor
node/4564589940,Ruins,Historic Ruins,historic=ruins,1.3678688,103.7798857,17.32,hospital_radius,Gleneagles Hospital Johor,Johor
node/4740110513,Shelter Ruin,Historic Ruins,historic=ruins,1.3561399,103.7768054,17.54,hospital_radius,Gleneagles Hospital Johor,Johor
node/4740111762,Former Power Station,Historic Ruins,historic=ruins,1.3606982,103.7773778,17.38,hospital_radius,Gleneagles Hospital Johor,Johor
node/4740115067,Dairy Farm Ruins,Historic Ruins,historic=ruins,1.3604092,103.7774935,17.41,hospital_radius,Gleneagles Hospital Johor,Johor
node/4747069527,Former Buona Vista Battery No. 2 Gun,General Attraction,tourism=attraction,1.3187031,103.7753593,19.63,hospital_radius,Gleneagles Hospital Johor,Johor
node/4757969324,ming tombstone,Memorial,historic=memorial,1.3679889,103.7811584,17.44,hospital_radius,Gleneagles Hospital Johor,Johor
node/5526986397,Ruins,Historic Ruins,historic=ruins,1.3611318,103.7754189,17.16,hospital_radius,Gleneagles Hospital Johor,Johor
node/5527010766,Ruins,Historic Ruins,historic=ruins,1.3632525,103.7772782,17.25,hospital_radius,Gleneagles Hospital Johor,Johor
node/6503247896,Battle for Bukit Timah,Memorial,historic=memorial,1.3483739,103.7768999,17.96,hospital_radius,Gleneagles Hospital Johor,Johor
node/6503749171,Hindhede Nature Park,Memorial,historic=memorial,1.3490647,103.7750319,17.74,hospital_radius,Gleneagles Hospital Johor,Johor
node/6503749172,Outdor Classroom,Memorial,historic=memorial,1.3487843,103.7760443,17.85,hospital_radius,Gleneagles Hospital Johor,Johor
node/6503750229,Bukit Timah Summit,Memorial,historic=memorial,1.3546796,103.7763893,17.58,hospital_radius,Gleneagles Hospital Johor,Johor
node/6797999685,rumah pekerja hortpark,Viewpoint / Scenic Spot,tourism=viewpoint,1.308246,103.761885,19.24,hospital_radius,Gleneagles Hospital Johor,Johor
node/7807192023,Ruin,Historic Ruins,historic=ruins,1.3621163,103.7768798,17.27,hospital_radius,Gleneagles Hospital Johor,Johor
node/9284717786,Ruins (NBE),Historic Ruins,historic=ruins,1.367906,103.77972,17.3,hospital_radius,Gleneagles Hospital Johor,Johor
node/9284717787,Motorbike (NBE),General Attraction,tourism=attraction,1.365281,103.784848,17.94,hospital_radius,Gleneagles Hospital Johor,Johor
node/9345386656,Toilet Ruins (NBE),Historic Ruins,historic=ruins,1.35173,103.768532,16.96,hospital_radius,Gleneagles Hospital Johor,Johor
node/9345441482,Toilet Showers Ruins (NBE),Historic Ruins,historic=ruins,1.351424,103.767867,16.91,hospital_radius,Gleneagles Hospital Johor,Johor
node/9345441483,House Ruins (NBE),Historic Ruins,historic=ruins,1.351132,103.767908,16.93,hospital_radius,Gleneagles Hospital Johor,Johor
node/9345441484,Wall Ruins (NBE),Historic Ruins,historic=ruins,1.350282,103.769285,17.11,hospital_radius,Gleneagles Hospital Johor,Johor
node/9345448510,Brick Walls Stairs Ruins (NBE),Historic Ruins,historic=ruins,1.350422,103.76871,17.05,hospital_radius,Gleneagles Hospital Johor,Johor
node/9358634139,Veranda (NBE),Historic Ruins,historic=ruins,1.3518897,103.7690328,17.0,hospital_radius,Gleneagles Hospital Johor,Johor
node/9420127457,Switch Room Ruin #NBE,General Attraction,tourism=attraction,1.324965,103.775771,19.25,hospital_radius,Gleneagles Hospital Johor,Johor
node/9671017632,Old Jurong railway,General Attraction,tourism=attraction,1.32846,103.780294,19.44,hospital_radius,Gleneagles Hospital Johor,Johor
node/9821433868,"rock markings by visitors, stone balancing art",General Attraction,tourism=attraction,1.3556929,103.7826453,18.15,hospital_radius,Gleneagles Hospital Johor,Johor
node/10184046051,Colugo Deck,Viewpoint / Scenic Spot,tourism=viewpoint,1.3448352,103.7820855,18.65,hospital_radius,Gleneagles Hospital Johor,Johor
node/10186111420,Rock Sorter,General Attraction,tourism=attraction,1.3439377,103.7813695,18.63,hospital_radius,Gleneagles Hospital Johor,Johor
node/10285452503,Railway Museum,Museum,tourism=museum,1.3345702,103.7815244,19.18,hospital_radius,Gleneagles Hospital Johor,Johor
node/10294938716,Bukit Tinggi,Mountain / Peak,natural=peak,1.3469504,103.7926966,19.58,hospital_radius,Gleneagles Hospital Johor,Johor
node/10310525733,Pipes,General Attraction,tourism=attraction,1.3507915,103.7850961,18.63,hospital_radius,Gleneagles Hospital Johor,Johor
node/10797486847,Rooftop garden,Park / Green Space,leisure=park,1.3413963,103.6932997,11.44,hospital_radius,Gleneagles Hospital Johor,Johor
node/13847221701,Cave/Tunnel Entrance (Behind Locked Gate),Cave,natural=cave_entrance,1.350993,103.7788522,18.01,hospital_radius,Gleneagles Hospital Johor,Johor
node/13847221702,Accumulation of old bottles and a pot,Historic Ruins,historic=ruins,1.3508501,103.7683077,16.99,hospital_radius,Gleneagles Hospital Johor,Johor
node/13847221801,Cave Entrance (Inaccessible),Cave,natural=cave_entrance,1.3513908,103.778807,17.98,hospital_radius,Gleneagles Hospital Johor,Johor
node/13847221802,Intact walls and a large sink,Historic Ruins,historic=ruins,1.3510243,103.7681616,16.96,hospital_radius,Gleneagles Hospital Johor,Johor
way/119851912,West Coast Park,Park / Green Space,leisure=park,1.2961371,103.762805,20.26,hospital_radius,Gleneagles Hospital Johor,Johor
way/162171718,Jalan Tekukor Playground,Park / Green Space,leisure=park,1.3461293,103.7667771,17.11,hospital_radius,Gleneagles Hospital Johor,Johor
way/175550316,Clementi Woods,Park / Green Space,leisure=park,1.2997949,103.7677109,20.36,hospital_radius,Gleneagles Hospital Johor,Johor
way/178103480,Mayfair Park,Park / Green Space,leisure=park,1.3415644,103.780927,18.72,hospital_radius,Gleneagles Hospital Johor,Johor
way/243443837,Surviving the Japanese Occupation: War and its Legacies,Art Gallery,tourism=gallery,1.3527334,103.7688657,16.94,hospital_radius,Gleneagles Hospital Johor,Johor
way/265150910,Teban Neighbourhood Park,Park / Green Space,leisure=park,1.3206413,103.7406349,16.59,hospital_radius,Gleneagles Hospital Johor,Johor
way/370373911,Burgundy Crescent Playground,Park / Green Space,leisure=park,1.3396619,103.7610519,16.97,hospital_radius,Gleneagles Hospital Johor,Johor
way/425243655,Firefly Park,Park / Green Space,leisure=park,1.3204007,103.7645796,18.58,hospital_radius,Gleneagles Hospital Johor,Johor
way/477622130,Clementi Crescent Park,Park / Green Space,leisure=park,1.3235203,103.7732601,19.12,hospital_radius,Gleneagles Hospital Johor,Johor
way/480683609,Faber Park,Park / Green Space,leisure=park,1.3197493,103.7579908,18.06,hospital_radius,Gleneagles Hospital Johor,Johor
way/481877577,Jalan Mas Kuning Playground,Park / Green Space,leisure=park,1.3078523,103.7636064,19.41,hospital_radius,Gleneagles Hospital Johor,Johor
way/481877578,Taman Mas Merah Playground,Park / Green Space,leisure=park,1.3087031,103.7647604,19.44,hospital_radius,Gleneagles Hospital Johor,Johor
way/481897305,West Coast Place Playground,Park / Green Space,leisure=park,1.3143599,103.7584851,18.5,hospital_radius,Gleneagles Hospital Johor,Johor
way/488474268,Sunset Way Playground,Park / Green Space,leisure=park,1.3265926,103.7663961,18.31,hospital_radius,Gleneagles Hospital Johor,Johor
way/488475221,Sunset Way Park,Park / Green Space,leisure=park,1.327712,103.764798,18.09,hospital_radius,Gleneagles Hospital Johor,Johor
way/539934831,West Coast Green Playground,Park / Green Space,leisure=park,1.3156993,103.7563662,18.23,hospital_radius,Gleneagles Hospital Johor,Johor
way/544436631,Jubilee Gardening Community Park,Park / Green Space,leisure=park,1.3053314,103.7661917,19.81,hospital_radius,Gleneagles Hospital Johor,Johor
way/550786365,Eng Kong Garden,Park / Green Space,leisure=park,1.337016,103.7691712,17.88,hospital_radius,Gleneagles Hospital Johor,Johor
way/551393430,Hoover Park,Park / Green Space,leisure=park,1.3438645,103.7730425,17.84,hospital_radius,Gleneagles Hospital Johor,Johor
way/552201933,Pandan Reservoir Fitness Corner/Park,Park / Green Space,leisure=park,1.3175279,103.7487239,17.47,hospital_radius,Gleneagles Hospital Johor,Johor
way/555851588,Clementi West Tower Park,Park / Green Space,leisure=park,1.3032675,103.7636274,19.76,hospital_radius,Gleneagles Hospital Johor,Johor
way/631851972,Faber Walk Extension Park,Park / Green Space,leisure=park,1.3238448,103.7552223,17.53,hospital_radius,Gleneagles Hospital Johor,Johor
way/692793011,Silo Ruins,General Attraction,tourism=attraction,1.3590292,103.7763391,17.36,hospital_radius,Gleneagles Hospital Johor,Johor
way/817265676,Cheng Soon Garden Playground,Park / Green Space,leisure=park,1.3358752,103.7717096,18.19,hospital_radius,Gleneagles Hospital Johor,Johor
way/891257277,Clementi Neighbourhood Park,Park / Green Space,leisure=park,1.3252369,103.7737193,19.05,hospital_radius,Gleneagles Hospital Johor,Johor
way/902277462,Holland Green Playground,Park / Green Space,leisure=park,1.3268108,103.7828224,19.77,hospital_radius,Gleneagles Hospital Johor,Johor
way/1075543062,Savoy Park,Park / Green Space,leisure=park,1.3334103,103.769987,18.18,hospital_radius,Gleneagles Hospital Johor,Johor
way/1075543072,Sian Tuan Interim Park,Park / Green Space,leisure=park,1.3385318,103.7861674,19.39,hospital_radius,Gleneagles Hospital Johor,Johor
way/1091619207,Tennis Court,Park / Green Space,leisure=park,1.3185511,103.7540381,17.82,hospital_radius,Gleneagles Hospital Johor,Johor
way/1120472410,Pandan Gardens Leisure Park,Park / Green Space,leisure=park,1.3198595,103.7504178,17.43,hospital_radius,Gleneagles Hospital Johor,Johor
way/1136965336,Sunset Heights Open Space,Park / Green Space,leisure=park,1.3279217,103.7688635,18.44,hospital_radius,Gleneagles Hospital Johor,Johor
way/1147523468,Jalan Mas Puteh Playground,Park / Green Space,leisure=park,1.3089872,103.7620265,19.2,hospital_radius,Gleneagles Hospital Johor,Johor
way/1162741418,Bukit Timah Node,Park / Green Space,leisure=park,1.3346011,103.7812245,19.15,hospital_radius,Gleneagles Hospital Johor,Johor
way/1339435349,Faber Heights Open Space,Park / Green Space,leisure=park,1.3225499,103.7576668,17.83,hospital_radius,Gleneagles Hospital Johor,Johor
way/1391127348,Maju Camp Tunnel,General Attraction,tourism=attraction,1.3260769,103.7754278,19.15,hospital_radius,Gleneagles Hospital Johor,Johor
way/1417995383,Garden of Serenity,Park / Green Space,leisure=park,1.4148218,103.8097091,19.4,hospital_radius,Gleneagles Hospital Johor,Johor
node/1531670855,Lok Kawi Wildlife Park,Zoo / Wildlife Park,tourism=zoo,5.8494147,116.0692529,13.22,hospital_radius,Gleneagles Hospital Kota Kinabalu,Sabah
node/1718983790,Gold Minaret Sculpture,Public Art,tourism=artwork,5.9520355,116.0551233,2.08,hospital_radius,Gleneagles Hospital Kota Kinabalu,Sabah
node/2093140403,UMS Aquarium & Marine Museum,Aquarium,tourism=aquarium,6.0397962,116.1128811,9.59,hospital_radius,Gleneagles Hospital Kota Kinabalu,Sabah
node/2103857036,Monsopiad Culture Village,General Attraction,tourism=attraction,5.888988,116.07945,8.96,hospital_radius,Gleneagles Hospital Kota Kinabalu,Sabah
node/2105153637,Sabah State Museum & Heritage Village,Museum,tourism=museum,5.960551,116.0714545,1.14,hospital_radius,Gleneagles Hospital Kota Kinabalu,Sabah
node/2110087376,Double Six Monument,Memorial,historic=memorial,5.9622337,116.0617713,0.73,hospital_radius,Gleneagles Hospital Kota Kinabalu,Sabah
node/2449610197,La Salle Wall of Fame,Memorial,historic=memorial,5.9536211,116.0520357,2.13,hospital_radius,Gleneagles Hospital Kota Kinabalu,Sabah
node/2453773636,Statue of St. John Baptist de La Salle,Monument,historic=monument,5.9530646,116.052539,2.14,hospital_radius,Gleneagles Hospital Kota Kinabalu,Sabah
node/2453808158,Stone boardwalk sunset viewpoint,Viewpoint / Scenic Spot,tourism=viewpoint,5.9602108,116.0520451,1.64,hospital_radius,Gleneagles Hospital Kota Kinabalu,Sabah
node/2789848838,Pantai UMS,Beach,natural=beach,6.0411477,116.1120265,9.66,hospital_radius,Gleneagles Hospital Kota Kinabalu,Sabah
node/2789862468,Universiti Malaysia Sabah Peak,Mountain / Peak,natural=peak,6.0425549,116.1194723,10.26,hospital_radius,Gleneagles Hospital Kota Kinabalu,Sabah
node/4210148013,Pusat Orkid,General Attraction,tourism=attraction,5.9616621,116.0717831,1.08,hospital_radius,Gleneagles Hospital Kota Kinabalu,Sabah
node/4210148112,Signal Hill Observatory Tower,Viewpoint / Scenic Spot,tourism=viewpoint,5.9856382,116.0791035,2.52,hospital_radius,Gleneagles Hospital Kota Kinabalu,Sabah
node/4225381289,SK,General Attraction,tourism=attraction,5.9691729,116.0890179,2.71,hospital_radius,Gleneagles Hospital Kota Kinabalu,Sabah
node/4638362840,Tugu Peringatan Perang Borneo Utara,Memorial,historic=memorial,5.9817102,116.0746698,1.88,hospital_radius,Gleneagles Hospital Kota Kinabalu,Sabah
node/5036890422,Point E,Viewpoint / Scenic Spot,tourism=viewpoint,6.0070347,116.0049659,7.88,hospital_radius,Gleneagles Hospital Kota Kinabalu,Sabah
node/5039133721,Heritage Village Phase II,General Attraction,tourism=attraction,5.9623154,116.0741848,1.25,hospital_radius,Gleneagles Hospital Kota Kinabalu,Sabah
node/5230863322,Marlin Statue,Public Art,tourism=artwork,5.9849554,116.0744749,2.16,hospital_radius,Gleneagles Hospital Kota Kinabalu,Sabah
node/5409304721,Graffiti house,Public Art,tourism=artwork,5.9866834,116.0781177,2.55,hospital_radius,Gleneagles Hospital Kota Kinabalu,Sabah
node/5505189926,Sunset,Viewpoint / Scenic Spot,tourism=viewpoint,5.9880251,116.0758938,2.54,hospital_radius,Gleneagles Hospital Kota Kinabalu,Sabah
node/5724789021,Zip Line,General Attraction,tourism=attraction,6.0128553,116.0081371,7.97,hospital_radius,Gleneagles Hospital Kota Kinabalu,Sabah
node/5755861722,Zipling Between Islands,General Attraction,tourism=attraction,6.012409,116.0085325,7.91,hospital_radius,Gleneagles Hospital Kota Kinabalu,Sabah
node/5791827853,Giant white pagoda and Chinese temple,General Attraction,tourism=attraction,5.9504665,116.0762069,2.36,hospital_radius,Gleneagles Hospital Kota Kinabalu,Sabah
node/5793172253,Great view of Mount Kinabalu,Viewpoint / Scenic Spot,tourism=viewpoint,6.0045271,116.2054637,16.1,hospital_radius,Gleneagles Hospital Kota Kinabalu,Sabah
node/5793172254,Stairs to great view of Mount Kinabalu,General Attraction,tourism=attraction,6.0034203,116.2065716,16.19,hospital_radius,Gleneagles Hospital Kota Kinabalu,Sabah
node/5798077109,阿里王 Aliwang,General Attraction,tourism=attraction,5.9762335,116.0721615,1.23,hospital_radius,Gleneagles Hospital Kota Kinabalu,Sabah
node/6031078085,Ruins of 3rd oldest building in KK,General Attraction,tourism=attraction,5.9866799,116.0781487,2.55,hospital_radius,Gleneagles Hospital Kota Kinabalu,Sabah
node/6046961944,Mari Mari Cultural Village,Museum,tourism=museum,5.9737112,116.2038427,15.42,hospital_radius,Gleneagles Hospital Kota Kinabalu,Sabah
node/6056666688,Highest point,General Attraction,tourism=attraction,6.0198532,116.0219436,7.43,hospital_radius,Gleneagles Hospital Kota Kinabalu,Sabah
node/6057493685,Canopy Walk and Zip Lines,General Attraction,tourism=attraction,6.0297317,116.0145045,8.8,hospital_radius,Gleneagles Hospital Kota Kinabalu,Sabah
node/6057493785,Highest Point,General Attraction,tourism=attraction,6.0212557,116.0271726,7.2,hospital_radius,Gleneagles Hospital Kota Kinabalu,Sabah
node/6057494285,Chinese Temple,General Attraction,tourism=attraction,5.9754152,116.0889188,2.81,hospital_radius,Gleneagles Hospital Kota Kinabalu,Sabah
node/6139905085,RM5 Fee To Walk Around Perimeter,General Attraction,tourism=attraction,5.9944765,116.1071963,5.55,hospital_radius,Gleneagles Hospital Kota Kinabalu,Sabah
node/6223227885,Kokol Hill,Viewpoint / Scenic Spot,tourism=viewpoint,6.0042463,116.2048517,16.03,hospital_radius,Gleneagles Hospital Kota Kinabalu,Sabah
node/6743483603,Bukit Gaya,Mountain / Peak,natural=peak,6.0004721,116.0428596,4.32,hospital_radius,Gleneagles Hospital Kota Kinabalu,Sabah
node/6743556396,Bukit Padang,Mountain / Peak,natural=peak,5.9466992,116.115354,6.11,hospital_radius,Gleneagles Hospital Kota Kinabalu,Sabah
node/6743556397,Signal Hill,Mountain / Peak,natural=peak,5.9861709,116.0801828,2.64,hospital_radius,Gleneagles Hospital Kota Kinabalu,Sabah
node/9846488579,Arapaima Tank,General Attraction,tourism=attraction,5.9776888,116.0877818,2.78,hospital_radius,Gleneagles Hospital Kota Kinabalu,Sabah
node/9905879047,Kopungit,Mountain / Peak,natural=peak,5.9447674,116.0625554,2.61,hospital_radius,Gleneagles Hospital Kota Kinabalu,Sabah
node/9911763410,Tugu Peringatan Malaysian,Monument,historic=monument,5.9822415,116.0755446,1.98,hospital_radius,Gleneagles Hospital Kota Kinabalu,Sabah
node/10294253002,Cave of Japanese Era,Cave,natural=cave_entrance,5.9429425,116.0613634,2.83,hospital_radius,Gleneagles Hospital Kota Kinabalu,Sabah
node/10310260606,Japanese WWII Tunnel Entrance South,Cave,natural=cave_entrance,5.9459958,116.0631544,2.47,hospital_radius,Gleneagles Hospital Kota Kinabalu,Sabah
node/11117579239,Japanese WWII Tunnel Entrance North,Cave,natural=cave_entrance,5.9461348,116.063146,2.46,hospital_radius,Gleneagles Hospital Kota Kinabalu,Sabah
node/11505499542,full coast view kota kinabalu to beaufort,Viewpoint / Scenic Spot,tourism=viewpoint,5.9559347,116.2435158,19.84,hospital_radius,Gleneagles Hospital Kota Kinabalu,Sabah
node/11505966945,kungkurad,Viewpoint / Scenic Spot,tourism=viewpoint,5.955927,116.2435979,19.85,hospital_radius,Gleneagles Hospital Kota Kinabalu,Sabah
node/11811723153,Hibiscus Sculpture,Public Art,tourism=artwork,5.9888519,116.0800735,2.87,hospital_radius,Gleneagles Hospital Kota Kinabalu,Sabah
node/12057272144,Kokol Hill,Mountain / Peak,natural=peak,6.0009938,116.2036147,15.81,hospital_radius,Gleneagles Hospital Kota Kinabalu,Sabah
node/13229776301,Green Nature hydroponic,Viewpoint / Scenic Spot,tourism=viewpoint,5.9675523,116.0870497,2.49,hospital_radius,Gleneagles Hospital Kota Kinabalu,Sabah
node/13700617783,Fire tower,Park / Green Space,leisure=park,5.7989543,116.0203129,19.44,hospital_radius,Gleneagles Hospital Kota Kinabalu,Sabah
node/13756690683,Bukit Locob,Mountain / Peak,natural=peak,6.0721625,116.1594558,15.62,hospital_radius,Gleneagles Hospital Kota Kinabalu,Sabah
node/13759030081,Sepanggar,Mountain / Peak,natural=peak,6.064225,116.0715973,10.71,hospital_radius,Gleneagles Hospital Kota Kinabalu,Sabah
node/13759043086,Lawa Mandau,Mountain / Peak,natural=peak,6.044434,116.2129176,18.47,hospital_radius,Gleneagles Hospital Kota Kinabalu,Sabah
way/132204226,Taman Ujana Rimba Tropika,Park / Green Space,leisure=park,5.9559612,116.0786271,2.07,hospital_radius,Gleneagles Hospital Kota Kinabalu,Sabah
way/201230557,Kota Kinabalu City Park,Park / Green Space,leisure=park,5.9811576,116.07447,1.81,hospital_radius,Gleneagles Hospital Kota Kinabalu,Sabah
way/201230558,Taman Chong Thien Vun,Park / Green Space,leisure=park,5.9802732,116.0749096,1.77,hospital_radius,Gleneagles Hospital Kota Kinabalu,Sabah
way/220865196,Sabah State Museum. Teknologi,Museum,tourism=museum,5.9614657,116.0709375,1.03,hospital_radius,Gleneagles Hospital Kota Kinabalu,Sabah
way/235447272,KKHS Shanghai Garden,Park / Green Space,leisure=park,5.9466099,116.0708796,2.5,hospital_radius,Gleneagles Hospital Kota Kinabalu,Sabah
way/235473335,Indah Permai Recreational Park,Park / Green Space,leisure=park,6.0594454,116.1537529,14.15,hospital_radius,Gleneagles Hospital Kota Kinabalu,Sabah
way/237071982,Tugu Pahlawan,Memorial,historic=memorial,5.9564642,116.0793653,2.1,hospital_radius,Gleneagles Hospital Kota Kinabalu,Sabah
way/237483014,Tun Mustapha Residential House,Heritage Site,historic=heritage,5.9522499,116.052662,2.21,hospital_radius,Gleneagles Hospital Kota Kinabalu,Sabah
way/238836123,Roll Call Area,Park / Green Space,leisure=park,5.9535148,116.0501937,2.28,hospital_radius,Gleneagles Hospital Kota Kinabalu,Sabah
way/240381828,Lingzhi Museum,Museum,tourism=museum,5.9212542,116.0694686,5.25,hospital_radius,Gleneagles Hospital Kota Kinabalu,Sabah
way/240476427,Sabah Islamic Civilization Museum,Museum,tourism=museum,5.9634169,116.0738803,1.16,hospital_radius,Gleneagles Hospital Kota Kinabalu,Sabah
way/240476642,Ecogarden,Museum,tourism=museum,5.9617341,116.0712748,1.04,hospital_radius,Gleneagles Hospital Kota Kinabalu,Sabah
way/240922113,State Mosque Park,Park / Green Space,leisure=park,5.9592365,116.0671303,1.04,hospital_radius,Gleneagles Hospital Kota Kinabalu,Sabah
way/289922329,Kota Kinabalu Wetland Centre,General Attraction,tourism=attraction,5.9874524,116.0892478,3.47,hospital_radius,Gleneagles Hospital Kota Kinabalu,Sabah
way/469530302,Taman Peringatan Petagas,Memorial,historic=memorial,5.9211935,116.0544479,5.34,hospital_radius,Gleneagles Hospital Kota Kinabalu,Sabah
way/469530319,Lok Kawi Wildlife Park,Zoo / Wildlife Park,tourism=zoo,5.847471,116.0686703,13.43,hospital_radius,Gleneagles Hospital Kota Kinabalu,Sabah
way/469539309,Likas Bay Public Park,Park / Green Space,leisure=park,6.002105,116.1055063,5.9,hospital_radius,Gleneagles Hospital Kota Kinabalu,Sabah
way/469543112,Tanjung Dumpil Eatery Park,Park / Green Space,leisure=park,5.8575167,116.0437249,12.52,hospital_radius,Gleneagles Hospital Kota Kinabalu,Sabah
way/469550122,Suria Waterfront,Park / Green Space,leisure=park,5.9875603,116.076031,2.5,hospital_radius,Gleneagles Hospital Kota Kinabalu,Sabah
way/470449296,Taman Prima Sumundu Playground,Park / Green Space,leisure=park,5.9185868,116.1154554,7.88,hospital_radius,Gleneagles Hospital Kota Kinabalu,Sabah
way/470450868,Taman Prima Sumundu Phase 2 Playground,Park / Green Space,leisure=park,5.9195815,116.1136499,7.66,hospital_radius,Gleneagles Hospital Kota Kinabalu,Sabah
way/492706491,Museum Area,Park / Green Space,leisure=park,5.9615496,116.0728163,1.18,hospital_radius,Gleneagles Hospital Kota Kinabalu,Sabah
way/546718274,Kingfisher II Park,Park / Green Space,leisure=park,6.0199134,116.122743,8.63,hospital_radius,Gleneagles Hospital Kota Kinabalu,Sabah
way/548823855,Tun Mustapha Gallery,Art Gallery,tourism=gallery,6.0167974,116.1096361,7.35,hospital_radius,Gleneagles Hospital Kota Kinabalu,Sabah
way/700079255,BDC Playground,Park / Green Space,leisure=park,5.970535,116.1175381,5.87,hospital_radius,Gleneagles Hospital Kota Kinabalu,Sabah
way/739020519,Donggongon Town Park,Park / Green Space,leisure=park,5.9120151,116.1032903,7.58,hospital_radius,Gleneagles Hospital Kota Kinabalu,Sabah
way/909914699,Menara Jam Atkinson,Monument,historic=monument,5.982188,116.0773118,2.1,hospital_radius,Gleneagles Hospital Kota Kinabalu,Sabah
way/1041210983,Ujana Park,Park / Green Space,leisure=park,6.0113724,116.1224343,8.0,hospital_radius,Gleneagles Hospital Kota Kinabalu,Sabah
way/1041210984,Kingfisher Park,Park / Green Space,leisure=park,6.0223833,116.1197629,8.58,hospital_radius,Gleneagles Hospital Kota Kinabalu,Sabah
way/1041210985,Millenium Park,Park / Green Space,leisure=park,6.0234045,116.1232845,8.94,hospital_radius,Gleneagles Hospital Kota Kinabalu,Sabah
way/1081423601,Lintasan Deasoka,Park / Green Space,leisure=park,5.9820076,116.0759906,1.99,hospital_radius,Gleneagles Hospital Kota Kinabalu,Sabah
way/1104876705,Double Six Gallery,Museum,tourism=museum,5.9619452,116.0623675,0.73,hospital_radius,Gleneagles Hospital Kota Kinabalu,Sabah
way/1225581356,Taman Kinanty Phase 2 Park,Park / Green Space,leisure=park,5.9537234,116.0875617,3.01,hospital_radius,Gleneagles Hospital Kota Kinabalu,Sabah
way/1272668965,De Borneo Water Park,Other (water_park),leisure=water_park,5.9201284,116.0693099,5.37,hospital_radius,Gleneagles Hospital Kota Kinabalu,Sabah
way/1462716358,Kokol Elf,Viewpoint / Scenic Spot,tourism=viewpoint,6.0240474,116.19413,15.62,hospital_radius,Gleneagles Hospital Kota Kinabalu,Sabah
way/1508797492,retention pond,Park / Green Space,leisure=park,6.0479835,116.1314299,11.55,hospital_radius,Gleneagles Hospital Kota Kinabalu,Sabah
node/1728580914,Bukit Genting Viewpoint,Viewpoint / Scenic Spot,tourism=viewpoint,5.3091534,100.2207694,17.08,hospital_radius,Gleneagles Hospital Penang,Penang
node/1728581111,Bukit Genting,Mountain / Peak,natural=peak,5.3080364,100.2199257,17.23,hospital_radius,Gleneagles Hospital Penang,Penang
node/3550362502,Bukit Batu Itam,Mountain / Peak,natural=peak,5.4346842,100.2000046,13.31,hospital_radius,Gleneagles Hospital Penang,Penang
node/3611120135,Bukit Teluk Tempoyak Besar,Mountain / Peak,natural=peak,5.2621311,100.2779701,18.89,hospital_radius,Gleneagles Hospital Penang,Penang
node/3611120141,Bukit Payung,Mountain / Peak,natural=peak,5.2826378,100.2509848,17.76,hospital_radius,Gleneagles Hospital Penang,Penang
node/3611120148,Bukit Gemuruh,Mountain / Peak,natural=peak,5.298721,100.2138751,18.46,hospital_radius,Gleneagles Hospital Penang,Penang
node/3611120149,Bukit Bakar Kapur,Mountain / Peak,natural=peak,5.3035156,100.1893672,19.92,hospital_radius,Gleneagles Hospital Penang,Penang
node/3611153537,Bukit Telaga Batu,Mountain / Peak,natural=peak,5.4722128,100.1809901,16.19,hospital_radius,Gleneagles Hospital Penang,Penang
node/3611153538,Bukit Pasir Pandak,Mountain / Peak,natural=peak,5.4619795,100.1896607,14.95,hospital_radius,Gleneagles Hospital Penang,Penang
node/4059873526,Pantai Kerchut,Camp Site,tourism=camp_site,5.450704,100.1835502,15.33,hospital_radius,Gleneagles Hospital Penang,Penang
node/4297996497,Teluk Kampi,Camp Site,tourism=camp_site,5.4415615,100.180707,15.5,hospital_radius,Gleneagles Hospital Penang,Penang
node/4955300421,Lazy Boys,Camp Site,tourism=camp_site,5.4717739,100.1860521,15.65,hospital_radius,Gleneagles Hospital Penang,Penang
node/5110609225,To Bukit Genting,General Attraction,tourism=attraction,5.3013287,100.225273,17.45,hospital_radius,Gleneagles Hospital Penang,Penang
node/5199872421,Countryside Stables Penang,General Attraction,tourism=attraction,5.3392711,100.1981492,16.63,hospital_radius,Gleneagles Hospital Penang,Penang
node/5758502621,Nice View Point,Viewpoint / Scenic Spot,tourism=viewpoint,5.4470249,100.1956951,13.94,hospital_radius,Gleneagles Hospital Penang,Penang
node/6139075086,Lazyboys - Rent Tent,Camp Site,tourism=camp_site,5.4702108,100.1910114,15.07,hospital_radius,Gleneagles Hospital Penang,Penang
node/6139075087,Planctons (Bioluminescent),General Attraction,tourism=attraction,5.471644,100.1864755,15.6,hospital_radius,Gleneagles Hospital Penang,Penang
node/6139075088,Planctons (Bioluminescent),General Attraction,tourism=attraction,5.4705224,100.1893684,15.25,hospital_radius,Gleneagles Hospital Penang,Penang
node/6291085388,Tiger Monkey,Camp Site,tourism=camp_site,5.4710987,100.1869495,15.53,hospital_radius,Gleneagles Hospital Penang,Penang
node/6601347498,Boat Trips,General Attraction,tourism=attraction,5.4597481,100.2066796,13.07,hospital_radius,Gleneagles Hospital Penang,Penang
node/6601347503,Boat Service,General Attraction,tourism=attraction,5.4598397,100.2065631,13.08,hospital_radius,Gleneagles Hospital Penang,Penang
node/6601382191,Boat Rental,General Attraction,tourism=attraction,5.4597238,100.2065829,13.07,hospital_radius,Gleneagles Hospital Penang,Penang
node/9500046027,Bukit Harapan,Mountain / Peak,natural=peak,5.3016024,100.2378328,16.63,hospital_radius,Gleneagles Hospital Penang,Penang
node/9654080139,Blue Hill,Mountain / Peak,natural=peak,5.2952753,100.2416618,17.0,hospital_radius,Gleneagles Hospital Penang,Penang
node/10153356670,Jabatan Pantai Kerachut,Viewpoint / Scenic Spot,tourism=viewpoint,5.4532143,100.184406,15.29,hospital_radius,Gleneagles Hospital Penang,Penang
node/10314180154,Bukit Kimpul,Mountain / Peak,natural=peak,5.2979367,100.2120835,18.65,hospital_radius,Gleneagles Hospital Penang,Penang
node/10314182641,Bukit Candan,Mountain / Peak,natural=peak,5.2905839,100.2034624,19.89,hospital_radius,Gleneagles Hospital Penang,Penang
node/10314194293,Bukit Pari,Mountain / Peak,natural=peak,5.292248,100.2064078,19.54,hospital_radius,Gleneagles Hospital Penang,Penang
node/10763145807,Bukit Bidara,Mountain / Peak,natural=peak,5.299555,100.2158951,18.25,hospital_radius,Gleneagles Hospital Penang,Penang
node/12670015290,Bukit Kechil,Mountain / Peak,natural=peak,5.4004161,100.2000793,13.59,hospital_radius,Gleneagles Hospital Penang,Penang
node/12670108194,Bukit Kg Batu Putih,Mountain / Peak,natural=peak,5.4108302,100.2031906,13.05,hospital_radius,Gleneagles Hospital Penang,Penang
node/12670142925,Bukit Hj Pak Pajuh,Mountain / Peak,natural=peak,5.2771641,100.2456729,18.56,hospital_radius,Gleneagles Hospital Penang,Penang
node/12670148261,Bukit Tanjung Bongkok,Mountain / Peak,natural=peak,5.2808638,100.2219553,19.52,hospital_radius,Gleneagles Hospital Penang,Penang
node/12670162142,Bukit Ka Chooi,Mountain / Peak,natural=peak,5.2894964,100.2155978,19.15,hospital_radius,Gleneagles Hospital Penang,Penang
node/14026391473,Bukit Usia,Mountain / Peak,natural=peak,5.3042589,100.218487,17.66,hospital_radius,Gleneagles Hospital Penang,Penang
way/788099866,"Tugu Peringatan Tsunami Kota Kuala Muda, Kedah",Memorial,historic=memorial,5.5862166,100.3398907,17.86,hospital_radius,Gleneagles Hospital Penang,Penang
way/809447684,Galeri Tsunami,Memorial,historic=memorial,5.5848721,100.3396192,17.71,hospital_radius,Gleneagles Hospital Penang,Penang
way/1057501659,Taman Kejiranan Cangkat Bukit Belah 7,Park / Green Space,leisure=park,5.2883477,100.2471194,17.38,hospital_radius,Gleneagles Hospital Penang,Penang
way/1057501660,Taman Kejiranan Cangkat Bukit Belah 7,Park / Green Space,leisure=park,5.2875418,100.2464359,17.49,hospital_radius,Gleneagles Hospital Penang,Penang
way/1057514882,Taman Poket Teluk Kumbar,Park / Green Space,leisure=park,5.2924527,100.2305122,17.92,hospital_radius,Gleneagles Hospital Penang,Penang
way/1057514888,Taman Poket Matahari Naik,Park / Green Space,leisure=park,5.3018366,100.2276135,17.25,hospital_radius,Gleneagles Hospital Penang,Penang
way/1101757853,Taman Prestij 3,Park / Green Space,leisure=park,5.3568979,100.2033493,15.07,hospital_radius,Gleneagles Hospital Penang,Penang
way/1306922155,Penang International Container Art Festival 2020,Public Art,tourism=artwork,5.3155919,100.2078124,17.52,hospital_radius,Gleneagles Hospital Penang,Penang
node/3611120150,Bukit Pulau Betong,Mountain / Peak,natural=peak,5.2938412,100.1957902,19.34,hospital_radius,Island Hospital,Penang
node/10653475756,Bukit Pisang,Mountain / Peak,natural=peak,5.2906841,100.1914053,19.92,hospital_radius,Island Hospital,Penang
node/12670157315,Bukit Risang,Mountain / Peak,natural=peak,5.2830272,100.2039837,19.67,hospital_radius,Island Hospital,Penang
node/5098778729,Kipandi Butterfly Park,Museum,tourism=museum,5.871446,116.250512,19.15,hospital_radius,Jesselton Medical Centre,Sabah
node/6743483604,Bukit Giling,Mountain / Peak,natural=peak,6.1009218,116.2158091,18.02,hospital_radius,Jesselton Medical Centre,Sabah
node/11505388077,view to kota kinabalu over kokol ridge,Viewpoint / Scenic Spot,tourism=viewpoint,5.9629753,116.2473099,14.96,hospital_radius,Jesselton Medical Centre,Sabah
node/13748599214,Bongalio,Mountain / Peak,natural=peak,6.0900855,116.2490952,19.75,hospital_radius,Jesselton Medical Centre,Sabah
node/13756690736,Lakau,Mountain / Peak,natural=peak,6.0766967,116.235888,17.67,hospital_radius,Jesselton Medical Centre,Sabah
node/602165422,Herbs and Spices,General Attraction,tourism=attraction,1.3203161,103.8156956,19.16,hospital_radius,Johor Specialist Hospital,Johor
node/661034238,Jelutong Tower,Viewpoint / Scenic Spot,tourism=viewpoint,1.3513623,103.8063945,15.61,hospital_radius,Johor Specialist Hospital,Johor
node/3524204697,Lee Kong Chian Natural History Museum,Museum,tourism=museum,1.3014296,103.773624,19.73,hospital_radius,Johor Specialist Hospital,Johor
node/3987251879,Pump House,Historic Ruins,historic=ruins,1.3488033,103.8150064,16.32,hospital_radius,Johor Specialist Hospital,Johor
node/4184889189,Boston Trials,Memorial,historic=memorial,1.362327,103.865669,18.7,hospital_radius,Johor Specialist Hospital,Johor
node/4309387623,bunker,General Attraction,tourism=attraction,1.4568311,103.826719,9.7,hospital_radius,Johor Specialist Hospital,Johor
node/4309401506,bunker,General Attraction,tourism=attraction,1.4582,103.8228486,9.25,hospital_radius,Johor Specialist Hospital,Johor
node/4309430621,bunker,General Attraction,tourism=attraction,1.4547873,103.8266131,9.74,hospital_radius,Johor Specialist Hospital,Johor
node/4314443191,Primary Rainforest Urban Walk,General Attraction,tourism=attraction,1.3123211,103.8158633,19.98,hospital_radius,Johor Specialist Hospital,Johor
node/4467748004,5 Finger Lake,Viewpoint / Scenic Spot,tourism=viewpoint,1.552641,103.876316,17.24,hospital_radius,Johor Specialist Hospital,Johor
node/4558623157,Former Hock Eng Seng Cemetery,Memorial,historic=memorial,1.3239714,103.7901623,17.74,hospital_radius,Johor Specialist Hospital,Johor
node/4746819482,Ruins,General Attraction,tourism=attraction,1.3201875,103.782535,17.91,hospital_radius,Johor Specialist Hospital,Johor
node/4746819559,Ruins,General Attraction,tourism=attraction,1.3204468,103.7822902,17.87,hospital_radius,Johor Specialist Hospital,Johor
node/4826557894,Syonan Jinja,Historic Ruins,historic=ruins,1.3482648,103.8138145,16.31,hospital_radius,Johor Specialist Hospital,Johor
node/4838324641,Ruins,General Attraction,tourism=attraction,1.3603133,103.8233783,15.75,hospital_radius,Johor Specialist Hospital,Johor
node/4961680421,Ruins,General Attraction,tourism=attraction,1.3607876,103.8221125,15.62,hospital_radius,Johor Specialist Hospital,Johor
node/5018172528,HSBC TreeTop Walk,Viewpoint / Scenic Spot,tourism=viewpoint,1.3610473,103.8113955,14.95,hospital_radius,Johor Specialist Hospital,Johor
node/5253879660,Kite Museum Pasir Gudang,Museum,tourism=museum,1.4740442,103.9060608,18.28,hospital_radius,Johor Specialist Hospital,Johor
node/5266004596,Wishing Flower,Public Art,tourism=artwork,1.31448,103.8030149,19.21,hospital_radius,Johor Specialist Hospital,Johor
node/5273189422,Ruins,General Attraction,tourism=attraction,1.3599759,103.8211534,15.64,hospital_radius,Johor Specialist Hospital,Johor
node/5284886057,Roof Garden,Park / Green Space,leisure=park,1.3942179,103.8733463,17.24,hospital_radius,Johor Specialist Hospital,Johor
node/5549593967,Bambusetum,General Attraction,tourism=attraction,1.3112897,103.8128795,19.95,hospital_radius,Johor Specialist Hospital,Johor
node/5598724537,An Enclosure for a Swing,Public Art,tourism=artwork,1.3598707,103.8482042,17.52,hospital_radius,Johor Specialist Hospital,Johor
node/5643671051,Merlion Guardian Statue,Memorial,historic=memorial,1.3648317,103.8409209,16.57,hospital_radius,Johor Specialist Hospital,Johor
node/5643671052,Merlion Guardian Statue,Memorial,historic=memorial,1.3647769,103.8411217,16.59,hospital_radius,Johor Specialist Hospital,Johor
node/5651590245,Goddess of Mercy Statue,Public Art,tourism=artwork,1.3606081,103.8364121,16.6,hospital_radius,Johor Specialist Hospital,Johor
node/5652214588,Rocana Buddha Pagoda,Public Art,tourism=artwork,1.3609979,103.8365033,16.57,hospital_radius,Johor Specialist Hospital,Johor
node/5691797572,Generator room,Historic Ruins,historic=ruins,1.3491742,103.8113988,16.09,hospital_radius,Johor Specialist Hospital,Johor
node/5708459524,Fragrant Garden,General Attraction,tourism=attraction,1.3174422,103.8163834,19.49,hospital_radius,Johor Specialist Hospital,Johor
node/5884004387,Monday Night Market,General Attraction,tourism=attraction,1.5163652,103.8213073,9.94,hospital_radius,Johor Specialist Hospital,Johor
node/6021713085,MacRitchie Reservoir Submerged Boardwalk,General Attraction,tourism=attraction,1.3413737,103.8315193,17.99,hospital_radius,Johor Specialist Hospital,Johor
node/6260971088,Hidden underground Japanese era structure,General Attraction,tourism=attraction,1.3467942,103.8138053,16.45,hospital_radius,Johor Specialist Hospital,Johor
node/6512510561,PUB Water Rapid Flow,General Attraction,tourism=attraction,1.3571032,103.8045715,14.95,hospital_radius,Johor Specialist Hospital,Johor
node/6807575789,NUS Museum,Museum,tourism=museum,1.3014454,103.7725633,19.7,hospital_radius,Johor Specialist Hospital,Johor
node/6813433886,MMHE-Malaysia Marine Heavy Engineering,Viewpoint / Scenic Spot,tourism=viewpoint,1.4551379,103.8800122,15.56,hospital_radius,Johor Specialist Hospital,Johor
node/6813590943,The Bunker,General Attraction,tourism=attraction,1.3200847,103.8178503,19.29,hospital_radius,Johor Specialist Hospital,Johor
node/7095988223,Chopin overlooking the symphony stage,Public Art,tourism=artwork,1.3135605,103.8155012,19.84,hospital_radius,Johor Specialist Hospital,Johor
node/7194716360,Bunker,General Attraction,tourism=attraction,1.4474625,103.8241717,9.71,hospital_radius,Johor Specialist Hospital,Johor
node/7745708185,Street art Layang-Layang,Public Art,tourism=artwork,1.4164858,103.833416,12.16,hospital_radius,Johor Specialist Hospital,Johor
node/7745708285,Street art Attap houses,Public Art,tourism=artwork,1.3741048,103.8838807,19.45,hospital_radius,Johor Specialist Hospital,Johor
node/7900880085,Living Off The Land,General Attraction,tourism=attraction,1.382448,103.8222861,13.73,hospital_radius,Johor Specialist Hospital,Johor
node/7900890085,HAN Family,General Attraction,tourism=attraction,1.3827701,103.8232709,13.77,hospital_radius,Johor Specialist Hospital,Johor
node/8108578052,Beaded Collection,General Attraction,tourism=attraction,1.3198501,103.8167142,19.26,hospital_radius,Johor Specialist Hospital,Johor
node/8150310388,Recycle Hill,Mountain / Peak,natural=peak,1.359809,103.8481675,17.52,hospital_radius,Johor Specialist Hospital,Johor
node/8157382216,I WAS HERE,Public Art,tourism=artwork,1.3013475,103.7720845,19.71,hospital_radius,Johor Specialist Hospital,Johor
node/8166285242,Wealth and Contentment,Public Art,tourism=artwork,1.3015062,103.7715409,19.68,hospital_radius,Johor Specialist Hospital,Johor
node/8209633718,Seletar Aerospace Park,General Attraction,tourism=attraction,1.4085925,103.8680287,15.93,hospital_radius,Johor Specialist Hospital,Johor
node/8520114127,Flight in Harmony,Public Art,tourism=artwork,1.3485472,103.8498128,18.58,hospital_radius,Johor Specialist Hospital,Johor
node/8602874913,Abandoned Car,General Attraction,tourism=attraction,1.3313174,103.8216533,18.38,hospital_radius,Johor Specialist Hospital,Johor
node/8620558763,Mini Dog Park,Other (dog_park),leisure=dog_park,1.393149,103.8776379,17.7,hospital_radius,Johor Specialist Hospital,Johor
node/8735385317,ruins,General Attraction,tourism=attraction,1.3819818,103.822368,13.78,hospital_radius,Johor Specialist Hospital,Johor
node/9043808171,Botanical Art Gallery,General Attraction,tourism=attraction,1.3145593,103.8099841,19.49,hospital_radius,Johor Specialist Hospital,Johor
node/9043819288,Forest Discovery Centre,General Attraction,tourism=attraction,1.3137975,103.810677,19.6,hospital_radius,Johor Specialist Hospital,Johor
node/9106366465,Botanical Garden Gallop extension,Park / Green Space,leisure=park,1.3124618,103.8122789,19.8,hospital_radius,Johor Specialist Hospital,Johor
node/9166612277,#NUS,Public Art,tourism=artwork,1.3053943,103.7726191,19.27,hospital_radius,Johor Specialist Hospital,Johor
node/9311942155,Bukit Brown,Mountain / Peak,natural=peak,1.3371278,103.8263414,18.08,hospital_radius,Johor Specialist Hospital,Johor
node/9444725476,Gibraltar Crescent Bunker,General Attraction,tourism=attraction,1.457724,103.835147,10.6,hospital_radius,Johor Specialist Hospital,Johor
node/9457700734,Aqueduct,General Attraction,tourism=attraction,1.335364,103.81527,17.65,hospital_radius,Johor Specialist Hospital,Johor
node/9482434887,Coral Park Magic Tree,General Attraction,tourism=attraction,1.3539848,103.8436927,17.68,hospital_radius,Johor Specialist Hospital,Johor
node/9565952975,Sembawang air raid shelter,Historic Ruins,historic=ruins,1.4581218,103.8347217,10.54,hospital_radius,Johor Specialist Hospital,Johor
node/10002372751,Event Lawn,Park / Green Space,leisure=park,1.3613679,103.8482535,17.4,hospital_radius,Johor Specialist Hospital,Johor
node/10102513975,Splash @ Kidz Amaze,Other (water_park),leisure=water_park,1.4100711,103.9063108,19.72,hospital_radius,Johor Specialist Hospital,Johor
node/10269561758,Shell town,Viewpoint / Scenic Spot,tourism=viewpoint,1.5234139,103.8489496,13.05,hospital_radius,Johor Specialist Hospital,Johor
node/10692285105,Tan Hoon Siang Mist House,General Attraction,tourism=attraction,1.3133077,103.814459,19.81,hospital_radius,Johor Specialist Hospital,Johor
node/10771041149,Craft Mural,Public Art,tourism=artwork,1.3199525,103.816651,19.25,hospital_radius,Johor Specialist Hospital,Johor
node/10856711198,Rhythms of Nature,Public Art,tourism=artwork,1.3956794,103.8925984,19.01,hospital_radius,Johor Specialist Hospital,Johor
node/11078607495,Elephant rock,General Attraction,tourism=attraction,1.635804,103.7351422,17.79,hospital_radius,Johor Specialist Hospital,Johor
node/11124181364,sambawang,Viewpoint / Scenic Spot,tourism=viewpoint,1.4626078,103.8370301,10.71,hospital_radius,Johor Specialist Hospital,Johor
node/11145448105,Permas Go-Kart,General Attraction,tourism=attraction,1.5359779,103.8526768,14.04,hospital_radius,Johor Specialist Hospital,Johor
node/11160723296,Alfred Russel Wallace & Ali Statue,Public Art,tourism=artwork,1.3011705,103.7738397,19.76,hospital_radius,Johor Specialist Hospital,Johor
node/11179802237,Shuang Long Shan cemetery,Memorial,historic=memorial,1.3061607,103.7956568,19.81,hospital_radius,Johor Specialist Hospital,Johor
node/11391788425,Art Works Gallery,Art Gallery,tourism=gallery,1.31117,103.793813,19.22,hospital_radius,Johor Specialist Hospital,Johor
node/11673353765,Bukit Kallang,Mountain / Peak,natural=peak,1.3613518,103.8094443,14.81,hospital_radius,Johor Specialist Hospital,Johor
node/11703450704,Execution of Captured Rimau Commandos,Memorial,historic=memorial,1.3088449,103.7727815,18.9,hospital_radius,Johor Specialist Hospital,Johor
node/11862049582,VIP Orchid Garden,General Attraction,tourism=attraction,1.3124833,103.8136894,19.86,hospital_radius,Johor Specialist Hospital,Johor
node/12956597652,Dover Meadow,Park / Green Space,leisure=park,1.3054552,103.7779787,19.38,hospital_radius,Johor Specialist Hospital,Johor
node/13150950075,先人を偲ぶ,Memorial,historic=memorial,1.3655745,103.8763614,19.37,hospital_radius,Johor Specialist Hospital,Johor
node/13150953735,「先人を偲ぶ集いの場」拓く,Memorial,historic=memorial,1.3655835,103.8764376,19.37,hospital_radius,Johor Specialist Hospital,Johor
node/13151745056,日本共同墓地紀念碑,Memorial,historic=memorial,1.3653552,103.8762769,19.37,hospital_radius,Johor Specialist Hospital,Johor
node/13185640083,慰霊の碑,Memorial,historic=memorial,1.3654528,103.8763599,19.37,hospital_radius,Johor Specialist Hospital,Johor
node/13232463224,杉良太郎による慰霊碑,Memorial,historic=memorial,1.3659795,103.8771795,19.41,hospital_radius,Johor Specialist Hospital,Johor
node/13233833306,拓南の碑,Memorial,historic=memorial,1.3652432,103.8764584,19.4,hospital_radius,Johor Specialist Hospital,Johor
node/13238212103,Seri Alam tunnel,General Attraction,tourism=attraction,1.5273842,103.8531015,13.65,hospital_radius,Johor Specialist Hospital,Johor
node/13516777194,Sounds Of The Earth,Public Art,tourism=artwork,1.3397749,103.8279558,17.93,hospital_radius,Johor Specialist Hospital,Johor
node/13591770612,Callista Green Playground,Park / Green Space,leisure=park,1.4777454,103.8612376,13.3,hospital_radius,Johor Specialist Hospital,Johor
node/13668504801,35mm Oerlikon Anti-Aircraft Gun,Memorial,historic=memorial,1.412766,103.8738549,16.29,hospital_radius,Johor Specialist Hospital,Johor
node/13676906924,RAF Station Seletar,Memorial,historic=memorial,1.40245,103.8712879,16.57,hospital_radius,Johor Specialist Hospital,Johor
node/13676906925,Seletar Airfield,Memorial,historic=memorial,1.4024906,103.8713798,16.58,hospital_radius,Johor Specialist Hospital,Johor
node/13690405021,Bambi Caravan,General Attraction,tourism=attraction,1.4094177,103.8683192,15.91,hospital_radius,Johor Specialist Hospital,Johor
node/13958576201,old gate,Historic Ruins,historic=ruins,1.4595547,103.8427076,11.39,hospital_radius,Johor Specialist Hospital,Johor
node/14096587301,durian tree,General Attraction,tourism=attraction,1.3237485,103.7684975,17.18,hospital_radius,Johor Specialist Hospital,Johor
node/14181070513,Upper Mandai II,Mountain / Peak,natural=peak,1.3819731,103.7963849,12.09,hospital_radius,Johor Specialist Hospital,Johor
node/14181070515,Peirce Hill,Mountain / Peak,natural=peak,1.3596332,103.8128187,15.16,hospital_radius,Johor Specialist Hospital,Johor
node/14181070516,Bukit Saleh,Mountain / Peak,natural=peak,1.3662025,103.7816134,12.99,hospital_radius,Johor Specialist Hospital,Johor
node/14181070517,Pandan IV,Mountain / Peak,natural=peak,1.3240763,103.7776598,17.35,hospital_radius,Johor Specialist Hospital,Johor
node/14181070518,Clementi,Mountain / Peak,natural=peak,1.3160821,103.7695725,18.04,hospital_radius,Johor Specialist Hospital,Johor
node/14181070519,NUS,Mountain / Peak,natural=peak,1.2989495,103.7711974,19.95,hospital_radius,Johor Specialist Hospital,Johor
node/14181070526,Ang Mo Kio,Mountain / Peak,natural=peak,1.3661551,103.8534452,17.42,hospital_radius,Johor Specialist Hospital,Johor
way/33175767,Yishun Park,Park / Green Space,leisure=park,1.4244901,103.8426318,12.6,hospital_radius,Johor Specialist Hospital,Johor
way/37356325,Ang Mo Kio Town Garden East,Park / Green Space,leisure=park,1.3711018,103.8503298,16.79,hospital_radius,Johor Specialist Hospital,Johor
way/37408625,Bishan-Ang Mo Kio Park,Park / Green Space,leisure=park,1.3605864,103.8473072,17.4,hospital_radius,Johor Specialist Hospital,Johor
way/37408875,Bishan-Ang Mo Kio Park,Park / Green Space,leisure=park,1.36523,103.8356211,16.15,hospital_radius,Johor Specialist Hospital,Johor
way/37522115,Ang Mo Kio Town Garden West,Park / Green Space,leisure=park,1.3744994,103.8429259,15.94,hospital_radius,Johor Specialist Hospital,Johor
way/47250130,Burkill Hall,Museum,tourism=museum,1.3123265,103.8136875,19.88,hospital_radius,Johor Specialist Hospital,Johor
way/47257476,Singapore Botanic Gardens,Park / Green Space,leisure=park,1.3146697,103.8160569,19.75,hospital_radius,Johor Specialist Hospital,Johor
way/48958594,Boys' Brigade and Girls' Brigade Campsite,Camp Site,tourism=camp_site,1.4619565,103.8382428,10.86,hospital_radius,Johor Specialist Hospital,Johor
way/48958599,Sembawang Park,Park / Green Space,leisure=park,1.4614017,103.8367754,10.7,hospital_radius,Johor Specialist Hospital,Johor
way/117038437,Soo Chow Garden,Park / Green Space,leisure=park,1.3536697,103.8320035,16.91,hospital_radius,Johor Specialist Hospital,Johor
way/117038447,Taman Permata Park,Park / Green Space,leisure=park,1.3499727,103.835026,17.44,hospital_radius,Johor Specialist Hospital,Johor
way/117043433,Bishan Active Park,Park / Green Space,leisure=park,1.356515,103.8470904,17.72,hospital_radius,Johor Specialist Hospital,Johor
way/125775139,Town Green,Park / Green Space,leisure=park,1.304908,103.773095,19.34,hospital_radius,Johor Specialist Hospital,Johor
way/128601261,Bougainvillea Park,Park / Green Space,leisure=park,1.3267037,103.8077359,18.15,hospital_radius,Johor Specialist Hospital,Johor
way/139683448,Serangoon Community Park,Park / Green Space,leisure=park,1.3564651,103.8720792,19.67,hospital_radius,Johor Specialist Hospital,Johor
way/140813442,Mei Hwan Crescent Playground,Park / Green Space,leisure=park,1.3527645,103.8617474,19.13,hospital_radius,Johor Specialist Hospital,Johor
way/158212198,Dew Garden,Park / Green Space,leisure=park,1.3992064,103.8710645,16.73,hospital_radius,Johor Specialist Hospital,Johor
way/158215482,Mimosa Terrace Playground,Park / Green Space,leisure=park,1.383932,103.8604555,16.71,hospital_radius,Johor Specialist Hospital,Johor
way/158217732,Begonia Road Playground,Park / Green Space,leisure=park,1.3879995,103.8633881,16.7,hospital_radius,Johor Specialist Hospital,Johor
way/158217733,Mimosa Road Playground,Park / Green Space,leisure=park,1.3841917,103.8629747,16.92,hospital_radius,Johor Specialist Hospital,Johor
way/158217734,Neram Crescent Playground,Park / Green Space,leisure=park,1.3855878,103.8657486,17.07,hospital_radius,Johor Specialist Hospital,Johor
way/158217735,Nim Crescent Playground,Park / Green Space,leisure=park,1.3830819,103.8668416,17.33,hospital_radius,Johor Specialist Hospital,Johor
way/158217807,Dedap Place Playground,Park / Green Space,leisure=park,1.3877776,103.868415,17.17,hospital_radius,Johor Specialist Hospital,Johor
way/158217808,Tamarind Road Playground,Park / Green Space,leisure=park,1.3896992,103.8601926,16.3,hospital_radius,Johor Specialist Hospital,Johor
way/158379318,Stratton Walk Playground,Park / Green Space,leisure=park,1.379093,103.8669233,17.61,hospital_radius,Johor Specialist Hospital,Johor
way/158465513,Mimosa Walk Playground,Park / Green Space,leisure=park,1.3831114,103.8614611,16.85,hospital_radius,Johor Specialist Hospital,Johor
way/158466372,Lilac Drive Playground,Park / Green Space,leisure=park,1.3811382,103.861146,16.96,hospital_radius,Johor Specialist Hospital,Johor
way/158522265,Saraca Road Playground,Park / Green Space,leisure=park,1.3866688,103.8587569,16.38,hospital_radius,Johor Specialist Hospital,Johor
way/158977382,Jalan Kayu Interim Park,Park / Green Space,leisure=park,1.3979772,103.8728543,16.97,hospital_radius,Johor Specialist Hospital,Johor
way/158983315,Lorong Tanggam Park,Park / Green Space,leisure=park,1.3989834,103.8737831,17.0,hospital_radius,Johor Specialist Hospital,Johor
way/159056540,Jalan Selaseh Park,Park / Green Space,leisure=park,1.3855967,103.8733812,17.76,hospital_radius,Johor Specialist Hospital,Johor
way/159056548,Seletar Terrace Playground,Park / Green Space,leisure=park,1.3814829,103.8687193,17.61,hospital_radius,Johor Specialist Hospital,Johor
way/163788346,Punggol Park Connector,Other (park_connector),leisure=park_connector,1.4049863,103.8920546,18.49,hospital_radius,Johor Specialist Hospital,Johor
way/163790537,Punggol Park Connector,Other (park_connector),leisure=park_connector,1.4147991,103.8997617,18.85,hospital_radius,Johor Specialist Hospital,Johor
way/163791722,Punggol Waterway,Other (park_connector),leisure=park_connector,1.4047399,103.9089819,20.22,hospital_radius,Johor Specialist Hospital,Johor
way/166802543,Sembawang Hot Spring,General Attraction,tourism=attraction,1.4344368,103.8226128,10.12,hospital_radius,Johor Specialist Hospital,Johor
way/172127528,Nee Soon Central Community Park,Park / Green Space,leisure=park,1.4278819,103.8324341,11.42,hospital_radius,Johor Specialist Hospital,Johor
way/173033562,one-north Park,Park / Green Space,leisure=park,1.3034051,103.7903099,19.93,hospital_radius,Johor Specialist Hospital,Johor
way/173623373,Shaw Foundation Symphony Stage,General Attraction,tourism=attraction,1.3137599,103.8150435,19.79,hospital_radius,Johor Specialist Hospital,Johor
way/173723553,Yishun Neighbourhood Park,Park / Green Space,leisure=park,1.437764,103.83504,11.22,hospital_radius,Johor Specialist Hospital,Johor
way/173740622,Yishun Town Garden,Park / Green Space,leisure=park,1.425558,103.8358232,11.88,hospital_radius,Johor Specialist Hospital,Johor
way/173887214,Yishun Green Link,Park / Green Space,leisure=park,1.4205653,103.8393474,12.49,hospital_radius,Johor Specialist Hospital,Johor
way/180909679,Punggol Point Park,Park / Green Space,leisure=park,1.4209807,103.9111657,19.82,hospital_radius,Johor Specialist Hospital,Johor
way/180909680,Punggol Promenade Punggol Point Walk,Other (park_connector),leisure=park_connector,1.419163,103.9132194,20.1,hospital_radius,Johor Specialist Hospital,Johor
way/180909682,Punggol Promenade Punggol Point Walk,Other (park_connector),leisure=park_connector,1.4211953,103.9113531,19.83,hospital_radius,Johor Specialist Hospital,Johor
way/180909686,Punggol Waterway Park,Park / Green Space,leisure=park,1.4094089,103.90489,19.6,hospital_radius,Johor Specialist Hospital,Johor
way/181002739,Binchang Rise Playground,Park / Green Space,leisure=park,1.3487915,103.8435473,18.12,hospital_radius,Johor Specialist Hospital,Johor
way/181006865,Clover Crescent Neighbourhood Park,Park / Green Space,leisure=park,1.3508711,103.8445022,18.01,hospital_radius,Johor Specialist Hospital,Johor
way/190023271,Henry Park,Park / Green Space,leisure=park,1.3162631,103.7831279,18.34,hospital_radius,Johor Specialist Hospital,Johor
way/194785068,Ang Mo Kio Ave 5 Park Connector,Other (park_connector),leisure=park_connector,1.3785634,103.8692528,17.85,hospital_radius,Johor Specialist Hospital,Johor
way/219615426,Canberra Park,Park / Green Space,leisure=park,1.4433551,103.8179212,9.23,hospital_radius,Johor Specialist Hospital,Johor
way/221195489,Clover Way Playground,Park / Green Space,leisure=park,1.3500345,103.8460466,18.19,hospital_radius,Johor Specialist Hospital,Johor
way/228920216,Janggus Gardens,Park / Green Space,leisure=park,1.4575143,103.8370202,10.8,hospital_radius,Johor Specialist Hospital,Johor
way/228920217,Kandis Gardens,Park / Green Space,leisure=park,1.4561809,103.8357223,10.69,hospital_radius,Johor Specialist Hospital,Johor
way/228920487,Montreal Green,Park / Green Space,leisure=park,1.449146,103.825932,9.84,hospital_radius,Johor Specialist Hospital,Johor
way/230685156,Buangkok Park Connector,Other (park_connector),leisure=park_connector,1.3808003,103.8865554,19.28,hospital_radius,Johor Specialist Hospital,Johor
way/233149516,Common Green,Park / Green Space,leisure=park,1.3933211,103.8775397,17.69,hospital_radius,Johor Specialist Hospital,Johor
way/241884043,Dover Meadow,Park / Green Space,leisure=park,1.3054968,103.777837,19.37,hospital_radius,Johor Specialist Hospital,Johor
way/262162119,Jalan Riang Park,Park / Green Space,leisure=park,1.3471518,103.8673949,20.02,hospital_radius,Johor Specialist Hospital,Johor
way/274480789,N4 Teck Ghee Park,Park / Green Space,leisure=park,1.3673156,103.8594436,17.82,hospital_radius,Johor Specialist Hospital,Johor
way/278092091,Nee Soon Link Park,Park / Green Space,leisure=park,1.4254092,103.8486079,13.16,hospital_radius,Johor Specialist Hospital,Johor
way/278099870,Lower Seletar Reservoir Park,Park / Green Space,leisure=park,1.4074058,103.831206,12.54,hospital_radius,Johor Specialist Hospital,Johor
way/278107147,Yishun N8 Park,Park / Green Space,leisure=park,1.4158623,103.8309642,11.97,hospital_radius,Johor Specialist Hospital,Johor
way/287215858,Taman Seri Alam,Park / Green Space,leisure=park,1.5118734,103.8695215,14.77,hospital_radius,Johor Specialist Hospital,Johor
way/292797379,Hwi Yoh Green,Park / Green Space,leisure=park,1.3677316,103.8718669,18.83,hospital_radius,Johor Specialist Hospital,Johor
way/292797383,Tavistock Avenue Park,Park / Green Space,leisure=park,1.3701027,103.8654229,18.11,hospital_radius,Johor Specialist Hospital,Johor
way/296606105,Mei Hwan Drive Playground,Park / Green Space,leisure=park,1.3533333,103.8634732,19.22,hospital_radius,Johor Specialist Hospital,Johor
way/301621984,Balau Park and Field,Park / Green Space,leisure=park,1.4844709,103.8676413,14.04,hospital_radius,Johor Specialist Hospital,Johor
way/304614264,Serangoon North Avenue 1 Park,Park / Green Space,leisure=park,1.3668051,103.8747072,19.14,hospital_radius,Johor Specialist Hospital,Johor
way/304614414,Punggol South Park,Park / Green Space,leisure=park,1.3692947,103.8826413,19.66,hospital_radius,Johor Specialist Hospital,Johor
way/306458376,Toa Payoh Sensory Park,Park / Green Space,leisure=park,1.3350547,103.8527875,19.95,hospital_radius,Johor Specialist Hospital,Johor
way/306458527,Toa Payoh Lorong 7 Park,Park / Green Space,leisure=park,1.3389978,103.8534654,19.66,hospital_radius,Johor Specialist Hospital,Johor
way/306458562,Bishan Harmony Park,Park / Green Space,leisure=park,1.3450212,103.8477391,18.74,hospital_radius,Johor Specialist Hospital,Johor
way/306458911,Play@Heights Park,Park / Green Space,leisure=park,1.3345397,103.8442032,19.42,hospital_radius,Johor Specialist Hospital,Johor
way/306981294,Yishun Pond Park,Park / Green Space,leisure=park,1.4264289,103.8395389,12.2,hospital_radius,Johor Specialist Hospital,Johor
way/308531611,Mugliston Park Playground,Park / Green Space,leisure=park,1.3854523,103.8779066,18.19,hospital_radius,Johor Specialist Hospital,Johor
way/310724464,SpringLeaf Nature Park,Park / Green Space,leisure=park,1.4008736,103.8193117,12.01,hospital_radius,Johor Specialist Hospital,Johor
way/327714403,Chiltern Drive Park,Park / Green Space,leisure=park,1.3485803,103.8620052,19.49,hospital_radius,Johor Specialist Hospital,Johor
way/334124317,Nepal Park,Park / Green Space,leisure=park,1.3017946,103.7882225,20.04,hospital_radius,Johor Specialist Hospital,Johor
way/336772793,Watten Heights Playground,Park / Green Space,leisure=park,1.3315275,103.8089824,17.72,hospital_radius,Johor Specialist Hospital,Johor
way/336813651,Shelford Road Playground,Park / Green Space,leisure=park,1.3283701,103.8105087,18.11,hospital_radius,Johor Specialist Hospital,Johor
way/361365666,Play Ground,Park / Green Space,leisure=park,1.5824033,103.7874579,12.89,hospital_radius,Johor Specialist Hospital,Johor
way/362209874,Play Ground,Park / Green Space,leisure=park,1.5755122,103.8050079,13.13,hospital_radius,Johor Specialist Hospital,Johor
way/380661931,Chartwell Drive Park,Park / Green Space,leisure=park,1.359482,103.863968,18.78,hospital_radius,Johor Specialist Hospital,Johor
way/386273673,Luxus Hills Park,Park / Green Space,leisure=park,1.379468,103.8749125,18.29,hospital_radius,Johor Specialist Hospital,Johor
way/397426425,Buangkok Square Park,Park / Green Space,leisure=park,1.3832706,103.881147,18.62,hospital_radius,Johor Specialist Hospital,Johor
way/397720906,Common Green,Park / Green Space,leisure=park,1.4044934,103.8991436,19.23,hospital_radius,Johor Specialist Hospital,Johor
way/405043380,Bayan Park,Park / Green Space,leisure=park,1.4973703,103.8524362,12.55,hospital_radius,Johor Specialist Hospital,Johor
way/406709058,one-north Park Rochester East,Park / Green Space,leisure=park,1.3054832,103.7890503,19.67,hospital_radius,Johor Specialist Hospital,Johor
way/422810227,Jalan Kemuning Park,Park / Green Space,leisure=park,1.4393607,103.8269689,10.33,hospital_radius,Johor Specialist Hospital,Johor
way/425721984,one-north Park Rochester West,Park / Green Space,leisure=park,1.306044,103.788102,19.58,hospital_radius,Johor Specialist Hospital,Johor
way/428124565,Thomson Park,Park / Green Space,leisure=park,1.3542862,103.8343815,17.01,hospital_radius,Johor Specialist Hospital,Johor
way/445001358,Rockridge Park,Park / Green Space,leisure=park,1.4168135,103.8423567,12.99,hospital_radius,Johor Specialist Hospital,Johor
way/454093139,Coronation Park,Park / Green Space,leisure=park,1.321955,103.7963884,18.17,hospital_radius,Johor Specialist Hospital,Johor
way/461334207,Common Green,Park / Green Space,leisure=park,1.4044988,103.8964554,18.96,hospital_radius,Johor Specialist Hospital,Johor
way/461778872,Community Park,Park / Green Space,leisure=park,1.3618855,103.8513709,17.6,hospital_radius,Johor Specialist Hospital,Johor
way/463187123,Pebble Garden,Park / Green Space,leisure=park,1.4506423,103.8294898,10.17,hospital_radius,Johor Specialist Hospital,Johor
way/463203107,Yishun Nature Park @ Yishun Greenwalk,Park / Green Space,leisure=park,1.4317775,103.8430887,12.3,hospital_radius,Johor Specialist Hospital,Johor
way/463589179,Entry Park,Park / Green Space,leisure=park,1.4914625,103.8324057,10.24,hospital_radius,Johor Specialist Hospital,Johor
way/463589236,Island Park,Park / Green Space,leisure=park,1.4843866,103.8356882,10.5,hospital_radius,Johor Specialist Hospital,Johor
way/464206330,Ang Mo Kio Ave 5 Park Connector,Other (park_connector),leisure=park_connector,1.3790349,103.8755675,18.38,hospital_radius,Johor Specialist Hospital,Johor
way/464206331,Ang Mo Kio Ave 5 Park Connector,Other (park_connector),leisure=park_connector,1.3790816,103.8760712,18.42,hospital_radius,Johor Specialist Hospital,Johor
way/465803001,Thomson Walk Playground,Park / Green Space,leisure=park,1.37596,103.8324866,15.02,hospital_radius,Johor Specialist Hospital,Johor
way/467476785,Gelenggang Park,Park / Green Space,leisure=park,1.3734751,103.8298713,15.04,hospital_radius,Johor Specialist Hospital,Johor
way/468254072,Bukit Canberra,Park / Green Space,leisure=park,1.447463,103.8239982,9.69,hospital_radius,Johor Specialist Hospital,Johor
way/468263973,Jelutung Harbour Park,Park / Green Space,leisure=park,1.4557887,103.8171251,8.69,hospital_radius,Johor Specialist Hospital,Johor
way/468578566,Bishan Kallang PCN Park,Park / Green Space,leisure=park,1.3509554,103.853776,18.67,hospital_radius,Johor Specialist Hospital,Johor
way/468586018,Bishan Street 11 Recreation Park,Park / Green Space,leisure=park,1.3457605,103.8559863,19.27,hospital_radius,Johor Specialist Hospital,Johor
way/468589050,Buangkok Crescent Park,Park / Green Space,leisure=park,1.3804392,103.8785097,18.56,hospital_radius,Johor Specialist Hospital,Johor
way/469494732,Cactus Road Playground,Park / Green Space,leisure=park,1.3900334,103.8522123,15.57,hospital_radius,Johor Specialist Hospital,Johor
way/469499255,Sunrise Drive Playground II,Park / Green Space,leisure=park,1.3903195,103.8552336,15.82,hospital_radius,Johor Specialist Hospital,Johor
way/469499256,Sunrise Drive Playground,Park / Green Space,leisure=park,1.388233,103.8573763,16.15,hospital_radius,Johor Specialist Hospital,Johor
way/469499257,Sunrise Close Playground,Park / Green Space,leisure=park,1.3869986,103.8575087,16.24,hospital_radius,Johor Specialist Hospital,Johor
way/469499258,Sunrise Place Playground,Park / Green Space,leisure=park,1.3869386,103.8566071,16.17,hospital_radius,Johor Specialist Hospital,Johor
way/469499259,Sunrise Way Playground,Park / Green Space,leisure=park,1.3876914,103.8567594,16.13,hospital_radius,Johor Specialist Hospital,Johor
way/470195429,Common Green,Park / Green Space,leisure=park,1.3901079,103.8810639,18.21,hospital_radius,Johor Specialist Hospital,Johor
way/472261755,Hougang Street 61 Neighbourhood Park,Park / Green Space,leisure=park,1.3756048,103.8865289,19.6,hospital_radius,Johor Specialist Hospital,Johor
way/480621472,Jalan Pintau Neighbourhood Park,Park / Green Space,leisure=park,1.3538213,103.8400122,17.44,hospital_radius,Johor Specialist Hospital,Johor
way/480685920,Lower Peirce Reservoir Park,Park / Green Space,leisure=park,1.3691909,103.8264415,15.16,hospital_radius,Johor Specialist Hospital,Johor
way/480686661,Upper Peirce Reservoir Park,Park / Green Space,leisure=park,1.3725698,103.8119876,13.9,hospital_radius,Johor Specialist Hospital,Johor
way/480687889,Leban Park,Park / Green Space,leisure=park,1.3724078,103.8290859,15.07,hospital_radius,Johor Specialist Hospital,Johor
way/481618513,Springleaf Garden Park,Park / Green Space,leisure=park,1.3980396,103.8223221,12.47,hospital_radius,Johor Specialist Hospital,Johor
way/482255881,Countryside Park,Park / Green Space,leisure=park,1.390147,103.8386273,14.4,hospital_radius,Johor Specialist Hospital,Johor
way/486722943,Braddell Park,Park / Green Space,leisure=park,1.3393587,103.8451,19.05,hospital_radius,Johor Specialist Hospital,Johor
way/488471423,Venus Green,Park / Green Space,leisure=park,1.3586199,103.8273064,16.15,hospital_radius,Johor Specialist Hospital,Johor
way/488811885,Lim Bo Seng memorial,Memorial,historic=memorial,1.3418457,103.8310234,17.92,hospital_radius,Johor Specialist Hospital,Johor
way/489365459,National Orchid Garden,General Attraction,tourism=attraction,1.3127466,103.8137141,19.84,hospital_radius,Johor Specialist Hospital,Johor
way/489366770,Jacob Ballas Children's Garden,General Attraction,tourism=attraction,1.3214959,103.8184582,19.18,hospital_radius,Johor Specialist Hospital,Johor
way/489368546,Evolution Garden,General Attraction,tourism=attraction,1.3170381,103.8159691,19.51,hospital_radius,Johor Specialist Hospital,Johor
way/492794263,Taman Bandar Bukit Layang-Layang,Park / Green Space,leisure=park,1.4744101,103.9058673,18.26,hospital_radius,Johor Specialist Hospital,Johor
way/493179347,Sejahtera Park,Park / Green Space,leisure=park,1.4986883,103.9023828,18.05,hospital_radius,Johor Specialist Hospital,Johor
way/493179580,Harmoni Park,Park / Green Space,leisure=park,1.5020081,103.9070392,18.62,hospital_radius,Johor Specialist Hospital,Johor
way/493182564,Kijang Park,Park / Green Space,leisure=park,1.4943054,103.9145331,19.33,hospital_radius,Johor Specialist Hospital,Johor
way/493599048,Kancil Recreation Park,Park / Green Space,leisure=park,1.4972521,103.9122154,19.11,hospital_radius,Johor Specialist Hospital,Johor
way/494077621,Serindit Park,Park / Green Space,leisure=park,1.5132176,103.9122617,19.42,hospital_radius,Johor Specialist Hospital,Johor
way/494077622,Serindit Recreation Park,Park / Green Space,leisure=park,1.5163391,103.9137667,19.66,hospital_radius,Johor Specialist Hospital,Johor
way/494544590,Pasir Gudang Park,Park / Green Space,leisure=park,1.4755399,103.9010388,17.72,hospital_radius,Johor Specialist Hospital,Johor
way/494798872,Riang Park,Park / Green Space,leisure=park,1.5059697,103.9011689,18.05,hospital_radius,Johor Specialist Hospital,Johor
way/494798877,Kiara Recreation Park,Park / Green Space,leisure=park,1.4995381,103.904793,18.33,hospital_radius,Johor Specialist Hospital,Johor
way/501582670,Oasis Waterpark @ Nee Soon East,Park / Green Space,leisure=park,1.4303788,103.8413329,12.19,hospital_radius,Johor Specialist Hospital,Johor
way/516941263,Compassvale Ancilla Park,Park / Green Space,leisure=park,1.3847587,103.8923108,19.58,hospital_radius,Johor Specialist Hospital,Johor
way/518769540,Ci Yuan Sports Park,Park / Green Space,leisure=park,1.3734317,103.8805979,19.2,hospital_radius,Johor Specialist Hospital,Johor
way/521717979,Fernvale Park,Park / Green Space,leisure=park,1.3975713,103.8747285,17.17,hospital_radius,Johor Specialist Hospital,Johor
way/522803121,Jalan Sendudok Park,Park / Green Space,leisure=park,1.4438377,103.8271437,10.16,hospital_radius,Johor Specialist Hospital,Johor
way/535351038,Parry Road Playground,Park / Green Space,leisure=park,1.3659086,103.8775682,19.45,hospital_radius,Johor Specialist Hospital,Johor
way/539925173,Ang Mo Kio Linear Park,Park / Green Space,leisure=park,1.3792754,103.8706035,17.92,hospital_radius,Johor Specialist Hospital,Johor
way/541177822,Ang Mo Kio Town Garden West,Other (park_connector),leisure=park_connector,1.3752941,103.8439859,15.96,hospital_radius,Johor Specialist Hospital,Johor
way/542426238,Bishan Community Centre,Park / Green Space,leisure=park,1.3498393,103.8505959,18.53,hospital_radius,Johor Specialist Hospital,Johor
way/543779829,Punggol Linear Park,Park / Green Space,leisure=park,1.4008264,103.8999875,19.49,hospital_radius,Johor Specialist Hospital,Johor
way/543779831,Punggol Linear Park,Park / Green Space,leisure=park,1.4029759,103.9010743,19.5,hospital_radius,Johor Specialist Hospital,Johor
way/544462546,Springside Park,Park / Green Space,leisure=park,1.4058451,103.8205829,11.74,hospital_radius,Johor Specialist Hospital,Johor
way/544682164,Brooks Park,Park / Green Space,leisure=park,1.4056275,103.8230037,11.96,hospital_radius,Johor Specialist Hospital,Johor
way/544694366,Bishan East Community Park,Park / Green Space,leisure=park,1.3489195,103.8519979,18.71,hospital_radius,Johor Specialist Hospital,Johor
way/544694379,Bishan Summit Park,Park / Green Space,leisure=park,1.3462436,103.8500256,18.79,hospital_radius,Johor Specialist Hospital,Johor
way/544704586,Marquee @ Hougang St 51,Park / Green Space,leisure=park,1.3782845,103.8899789,19.75,hospital_radius,Johor Specialist Hospital,Johor
way/545620896,Parry Avenue Interim Park,Park / Green Space,leisure=park,1.363899,103.8811722,19.9,hospital_radius,Johor Specialist Hospital,Johor
way/546768405,My Waterway@Punggol,Park / Green Space,leisure=park,1.4088668,103.8996146,19.08,hospital_radius,Johor Specialist Hospital,Johor
way/552089374,Gardens Exercise Area,Park / Green Space,leisure=park,1.3935222,103.8784299,17.76,hospital_radius,Johor Specialist Hospital,Johor
way/552090437,Fernvale Court Green Playground,Park / Green Space,leisure=park,1.3924753,103.8777836,17.76,hospital_radius,Johor Specialist Hospital,Johor
way/552090551,Fernvale Grove Green Playground,Park / Green Space,leisure=park,1.39255,103.8768031,17.66,hospital_radius,Johor Specialist Hospital,Johor
way/552509827,Bishan North Neighbourhood Park,Park / Green Space,leisure=park,1.358139,103.8432864,17.3,hospital_radius,Johor Specialist Hospital,Johor
way/558401470,Ang Mo Kio Park Connector,Other (park_connector),leisure=park_connector,1.3678988,103.8447586,16.61,hospital_radius,Johor Specialist Hospital,Johor
way/562956568,Eastlawn @ Canberra,Park / Green Space,leisure=park,1.4473893,103.8313434,10.47,hospital_radius,Johor Specialist Hospital,Johor
way/574681983,Legundi Park,Park / Green Space,leisure=park,1.4411011,103.8220693,9.75,hospital_radius,Johor Specialist Hospital,Johor
way/585050901,3G Park @ Shunfu,Park / Green Space,leisure=park,1.3491328,103.8385705,17.75,hospital_radius,Johor Specialist Hospital,Johor
way/585741789,Dog Run,Other (dog_park),leisure=dog_park,1.3623019,103.8486593,17.36,hospital_radius,Johor Specialist Hospital,Johor
way/591868445,Pemimpin Place Neighbourhood Park,Park / Green Space,leisure=park,1.3533244,103.8427437,17.67,hospital_radius,Johor Specialist Hospital,Johor
way/592107933,Fulton Avenue Playground,Park / Green Space,leisure=park,1.3620893,103.8335566,16.27,hospital_radius,Johor Specialist Hospital,Johor
way/593171960,The Inglewood Neighbourhood Park,Park / Green Space,leisure=park,1.3610628,103.8301653,16.13,hospital_radius,Johor Specialist Hospital,Johor
way/593883881,Campus Park,Park / Green Space,leisure=park,1.3196307,103.8183933,19.36,hospital_radius,Johor Specialist Hospital,Johor
way/616984344,Namly Park,Park / Green Space,leisure=park,1.3233057,103.7966347,18.04,hospital_radius,Johor Specialist Hospital,Johor
way/619378332,(Former)Nee soon mansion,Historic Ruins,historic=ruins,1.4103378,103.8236146,11.68,hospital_radius,Johor Specialist Hospital,Johor
way/625075260,Common Green,Park / Green Space,leisure=park,1.3997054,103.9004603,19.59,hospital_radius,Johor Specialist Hospital,Johor
way/636258470,Lentor Vale Playground,Park / Green Space,leisure=park,1.3879937,103.8361798,14.36,hospital_radius,Johor Specialist Hospital,Johor
way/636258471,Florissa Park Playground,Park / Green Space,leisure=park,1.386973,103.8350737,14.35,hospital_radius,Johor Specialist Hospital,Johor
way/636258472,Lentor Road Playground,Park / Green Space,leisure=park,1.3882995,103.8376434,14.46,hospital_radius,Johor Specialist Hospital,Johor
way/636258473,Lentor Walk Playground,Park / Green Space,leisure=park,1.3886117,103.8384071,14.49,hospital_radius,Johor Specialist Hospital,Johor
way/636258474,Lentor Green Playground,Park / Green Space,leisure=park,1.3852648,103.8370768,14.64,hospital_radius,Johor Specialist Hospital,Johor
way/636258475,Lentor Grove Playground,Park / Green Space,leisure=park,1.3863749,103.8383149,14.65,hospital_radius,Johor Specialist Hospital,Johor
way/636283523,Fudu Walk Playground,Park / Green Space,leisure=park,1.3897964,103.8372222,14.31,hospital_radius,Johor Specialist Hospital,Johor
way/636283525,Lentor Street Playground,Park / Green Space,leisure=park,1.3900854,103.8342843,14.05,hospital_radius,Johor Specialist Hospital,Johor
way/636290956,Banyan Villas Playground,Park / Green Space,leisure=park,1.3873075,103.8388408,14.63,hospital_radius,Johor Specialist Hospital,Johor
way/640806665,Banquet Lawn,Park / Green Space,leisure=park,1.3597112,103.8301621,16.25,hospital_radius,Johor Specialist Hospital,Johor
way/648707161,Ethnobotany Garden,General Attraction,tourism=attraction,1.3197304,103.8164881,19.26,hospital_radius,Johor Specialist Hospital,Johor
way/657515180,Compassvale Lane Park,Park / Green Space,leisure=park,1.3850796,103.8969166,20.0,hospital_radius,Johor Specialist Hospital,Johor
way/659688749,Kheam Hock Park,Park / Green Space,leisure=park,1.3304332,103.8192397,18.34,hospital_radius,Johor Specialist Hospital,Johor
way/671043673,Maple Lane Park,Park / Green Space,leisure=park,1.3304357,103.792608,17.14,hospital_radius,Johor Specialist Hospital,Johor
way/680647026,Rower's Bay,Park / Green Space,leisure=park,1.4209258,103.8627949,14.8,hospital_radius,Johor Specialist Hospital,Johor
way/685033058,Tai Hwan Terrace Playground,Park / Green Space,leisure=park,1.3564529,103.8604031,18.73,hospital_radius,Johor Specialist Hospital,Johor
way/693309162,Kampong Park@Serangoon,Park / Green Space,leisure=park,1.3518876,103.8681701,19.7,hospital_radius,Johor Specialist Hospital,Johor
way/694070496,Everspring Park,Park / Green Space,leisure=park,1.4275075,103.8512513,13.33,hospital_radius,Johor Specialist Hospital,Johor
way/699215517,Parry Avenue Park,Park / Green Space,leisure=park,1.3648608,103.8794113,19.68,hospital_radius,Johor Specialist Hospital,Johor
way/704131393,Irau Drive Playground,Park / Green Space,leisure=park,1.4620559,103.8398382,11.03,hospital_radius,Johor Specialist Hospital,Johor
way/718039217,Serangoon Park Connector,Other (park_connector),leisure=park_connector,1.3798448,103.8928895,19.93,hospital_radius,Johor Specialist Hospital,Johor
way/718039220,Serangoon Park Connector,Other (park_connector),leisure=park_connector,1.381921,103.8885389,19.39,hospital_radius,Johor Specialist Hospital,Johor
way/718039221,Serangoon Park Connector,Other (park_connector),leisure=park_connector,1.3806314,103.8905271,19.66,hospital_radius,Johor Specialist Hospital,Johor
way/718039222,Serangoon Park Connector,Other (park_connector),leisure=park_connector,1.3796076,103.8923204,19.89,hospital_radius,Johor Specialist Hospital,Johor
way/723548059,Heritage Trees,Park / Green Space,leisure=park,1.4063018,103.8667532,15.92,hospital_radius,Johor Specialist Hospital,Johor
way/736934929,Singapore Botanic Gardens Gallop Extension,Park / Green Space,leisure=park,1.3132412,103.8108397,19.66,hospital_radius,Johor Specialist Hospital,Johor
way/737814202,Mini Street 61 Park,Park / Green Space,leisure=park,1.3822684,103.8396744,15.08,hospital_radius,Johor Specialist Hospital,Johor
way/741356209,Holland Village Park,Park / Green Space,leisure=park,1.3115552,103.7955602,19.24,hospital_radius,Johor Specialist Hospital,Johor
way/753474846,Keruing Children Playground,Park / Green Space,leisure=park,1.5994101,103.8178886,16.14,hospital_radius,Johor Specialist Hospital,Johor
way/753481867,Community garden park,Park / Green Space,leisure=park,1.5676982,103.8070685,12.54,hospital_radius,Johor Specialist Hospital,Johor
way/764338520,Sembawang Hot Spring Park,Park / Green Space,leisure=park,1.4343917,103.8231181,10.17,hospital_radius,Johor Specialist Hospital,Johor
way/764401726,JALAN LEDANG PARK,Park / Green Space,leisure=park,1.6043359,103.8133939,16.36,hospital_radius,Johor Specialist Hospital,Johor
way/764402946,JALAN PANTI PARK,Park / Green Space,leisure=park,1.6058674,103.8085966,16.26,hospital_radius,Johor Specialist Hospital,Johor
way/764404623,JALAN BANANG PLAYGROUND,Park / Green Space,leisure=park,1.6059225,103.8072899,16.2,hospital_radius,Johor Specialist Hospital,Johor
way/764405508,JALAN LEDANG PARK,Park / Green Space,leisure=park,1.607651,103.8109687,16.55,hospital_radius,Johor Specialist Hospital,Johor
way/764409331,狗乐园公园,Park / Green Space,leisure=park,1.5896576,103.8011489,14.28,hospital_radius,Johor Specialist Hospital,Johor
way/765160981,Taman Mutiara Park,Park / Green Space,leisure=park,1.5873169,103.8174251,14.98,hospital_radius,Johor Specialist Hospital,Johor
way/802417736,Children playground,Park / Green Space,leisure=park,1.3364644,103.8441392,19.25,hospital_radius,Johor Specialist Hospital,Johor
way/808404353,Malcolm Park,Park / Green Space,leisure=park,1.3225488,103.8270429,19.52,hospital_radius,Johor Specialist Hospital,Johor
way/822197584,Lembah Community Area,Park / Green Space,leisure=park,1.507348,103.8743723,15.17,hospital_radius,Johor Specialist Hospital,Johor
way/846635530,Hilltop park,Park / Green Space,leisure=park,1.3096214,103.7938918,19.38,hospital_radius,Johor Specialist Hospital,Johor
way/864579440,Ang Mo Kio Park Connector,Other (park_connector),leisure=park_connector,1.3691569,103.8453042,16.55,hospital_radius,Johor Specialist Hospital,Johor
way/864579443,Ang Mo Kio Park Connector,Other (park_connector),leisure=park_connector,1.3706235,103.8452791,16.43,hospital_radius,Johor Specialist Hospital,Johor
way/864887070,Ang Mo Kio Ave 5 Park Connector,Other (park_connector),leisure=park_connector,1.3766396,103.8493737,16.29,hospital_radius,Johor Specialist Hospital,Johor
way/864887217,Ang Mo Kio Park Connector,Other (park_connector),leisure=park_connector,1.376374,103.8509044,16.44,hospital_radius,Johor Specialist Hospital,Johor
way/864887218,Ang Mo Kio Ave 5 Park Connector,Other (park_connector),leisure=park_connector,1.3761803,103.8527957,16.61,hospital_radius,Johor Specialist Hospital,Johor
way/864887219,Ang Mo Kio Ave 5 Park Connector,Other (park_connector),leisure=park_connector,1.3759866,103.8547348,16.78,hospital_radius,Johor Specialist Hospital,Johor
way/866199192,Ang Mo Kio Park Connector,Other (park_connector),leisure=park_connector,1.3656339,103.8436418,16.71,hospital_radius,Johor Specialist Hospital,Johor
way/866199193,Ang Mo Kio Park Connector,Other (park_connector),leisure=park_connector,1.3667819,103.8442141,16.66,hospital_radius,Johor Specialist Hospital,Johor
way/866201183,Ang Mo Kio Park Connector,Other (park_connector),leisure=park_connector,1.3642356,103.843021,16.77,hospital_radius,Johor Specialist Hospital,Johor
way/866923980,Ang Mo Kio Ave 5 Park Connector,Other (park_connector),leisure=park_connector,1.3767297,103.8584422,17.04,hospital_radius,Johor Specialist Hospital,Johor
way/866923981,Ang Mo Kio Ave 5 Park Connector,Other (park_connector),leisure=park_connector,1.3763043,103.8563458,16.9,hospital_radius,Johor Specialist Hospital,Johor
way/867325578,University Road Park,Park / Green Space,leisure=park,1.3254481,103.817673,18.75,hospital_radius,Johor Specialist Hospital,Johor
way/872910133,Ang Mo Kio Ave 5 Park Connector,Other (park_connector),leisure=park_connector,1.3775474,103.8611068,17.21,hospital_radius,Johor Specialist Hospital,Johor
way/872910134,Ang Mo Kio Ave 5 Park Connector,Other (park_connector),leisure=park_connector,1.3780681,103.863039,17.34,hospital_radius,Johor Specialist Hospital,Johor
way/873367954,Ang Mo Kio Ave 5 Park Connector,Other (park_connector),leisure=park_connector,1.3769275,103.8591003,17.08,hospital_radius,Johor Specialist Hospital,Johor
way/877498629,Hampstead Wetlands Park,Park / Green Space,leisure=park,1.4093652,103.8693187,16.01,hospital_radius,Johor Specialist Hospital,Johor
way/878928505,Buangkok Park Connector,Other (park_connector),leisure=park_connector,1.3793867,103.8814978,18.9,hospital_radius,Johor Specialist Hospital,Johor
way/878928506,Buangkok Park Connector,Other (park_connector),leisure=park_connector,1.379247,103.8790801,18.69,hospital_radius,Johor Specialist Hospital,Johor
way/880968292,Serangoon Park Connector,Other (park_connector),leisure=park_connector,1.37964,103.8925012,19.9,hospital_radius,Johor Specialist Hospital,Johor
way/881846996,Serangoon Park Connector,Other (park_connector),leisure=park_connector,1.379426,103.8947835,20.13,hospital_radius,Johor Specialist Hospital,Johor
way/882242156,Buangkok Park Connector,Other (park_connector),leisure=park_connector,1.3790672,103.8766289,18.48,hospital_radius,Johor Specialist Hospital,Johor
way/885007722,Punggol Park Connector,Other (park_connector),leisure=park_connector,1.4159153,103.9001434,18.85,hospital_radius,Johor Specialist Hospital,Johor
way/885007724,Punggol Park Connector,Other (park_connector),leisure=park_connector,1.4181304,103.9030953,19.07,hospital_radius,Johor Specialist Hospital,Johor
way/885007725,Punggol Park Connector,Other (park_connector),leisure=park_connector,1.4157542,103.9002033,18.86,hospital_radius,Johor Specialist Hospital,Johor
way/913854386,Lagoon Park,Park / Green Space,leisure=park,1.4837872,103.8403048,11.01,hospital_radius,Johor Specialist Hospital,Johor
way/960055546,Teacher's Estate Playground,Park / Green Space,leisure=park,1.3821464,103.8292255,14.27,hospital_radius,Johor Specialist Hospital,Johor
way/995896866,Jalan Kenari Park,Park / Green Space,leisure=park,1.5134091,103.9149726,19.72,hospital_radius,Johor Specialist Hospital,Johor
way/1032432376,Boardwalk Park @ Yishun,Park / Green Space,leisure=park,1.4344615,103.8456378,12.45,hospital_radius,Johor Specialist Hospital,Johor
way/1056816256,Ang Mo Kio Ave 5 Park Connector,Other (park_connector),leisure=park_connector,1.3760078,103.8549042,16.8,hospital_radius,Johor Specialist Hospital,Johor
way/1086428254,Punggol Green,Park / Green Space,leisure=park,1.4078657,103.9038476,19.56,hospital_radius,Johor Specialist Hospital,Johor
way/1098100423,Dog Run,Other (dog_park),leisure=dog_park,1.4120399,103.901789,19.17,hospital_radius,Johor Specialist Hospital,Johor
way/1098187966,Punggol Waterway Park,Other (park_connector),leisure=park_connector,1.4111559,103.9039825,19.44,hospital_radius,Johor Specialist Hospital,Johor
way/1098187967,Punggol Promenade Punggol Point Walk,Other (park_connector),leisure=park_connector,1.4206334,103.9085742,19.55,hospital_radius,Johor Specialist Hospital,Johor
way/1098282335,Dog Run,Other (dog_park),leisure=dog_park,1.397002,103.8828941,17.99,hospital_radius,Johor Specialist Hospital,Johor
way/1098550403,Common Green,Park / Green Space,leisure=park,1.4022218,103.9041909,19.85,hospital_radius,Johor Specialist Hospital,Johor
way/1122309513,Jalan Bedara Park,Park / Green Space,leisure=park,1.5983005,103.8201612,16.17,hospital_radius,Johor Specialist Hospital,Johor
way/1122422529,Common Green,Park / Green Space,leisure=park,1.3890221,103.8744291,17.65,hospital_radius,Johor Specialist Hospital,Johor
way/1138039122,Grave of Lim Bo Seng,Memorial,historic=memorial,1.3421122,103.8307241,17.88,hospital_radius,Johor Specialist Hospital,Johor
way/1169319427,Bukit Brown Cemetery gates,General Attraction,tourism=attraction,1.335101,103.8210549,17.98,hospital_radius,Johor Specialist Hospital,Johor
way/1170130714,Lake Park,Park / Green Space,leisure=park,1.4856044,103.8445278,11.49,hospital_radius,Johor Specialist Hospital,Johor
way/1172693946,Yishun Park Connector,Park / Green Space,leisure=park,1.4433983,103.8295023,10.42,hospital_radius,Johor Specialist Hospital,Johor
way/1173930103,Thong Soon Green Playground,Park / Green Space,leisure=park,1.4000543,103.8184465,12.01,hospital_radius,Johor Specialist Hospital,Johor
way/1174205146,Punggol Heritage Trail Park,Park / Green Space,leisure=park,1.4142269,103.9094229,19.88,hospital_radius,Johor Specialist Hospital,Johor
way/1174205148,Campus Heart,Park / Green Space,leisure=park,1.4134887,103.9095187,19.92,hospital_radius,Johor Specialist Hospital,Johor
way/1182388723,Jalan Ayu 31 Park,Park / Green Space,leisure=park,1.575997,103.7955884,12.64,hospital_radius,Johor Specialist Hospital,Johor
way/1182432365,Jalan Lembah 31 Park,Park / Green Space,leisure=park,1.5504653,103.8063408,10.98,hospital_radius,Johor Specialist Hospital,Johor
way/1182432372,Jalan Danau 32 Park,Park / Green Space,leisure=park,1.5527538,103.809844,11.43,hospital_radius,Johor Specialist Hospital,Johor
way/1182432377,Ehsan Jaya 3 Park,Park / Green Space,leisure=park,1.5440751,103.8139424,11.05,hospital_radius,Johor Specialist Hospital,Johor
way/1182469104,Jalan Danau 16 Playground,Park / Green Space,leisure=park,1.5565336,103.8082022,11.63,hospital_radius,Johor Specialist Hospital,Johor
way/1182469106,Jalan Permatang 31 Park,Park / Green Space,leisure=park,1.5596146,103.8046264,11.65,hospital_radius,Johor Specialist Hospital,Johor
way/1183385321,Meng Suan Interim Park,Park / Green Space,leisure=park,1.4029906,103.8153655,11.53,hospital_radius,Johor Specialist Hospital,Johor
way/1186982228,Chuan Park Playground,Park / Green Space,leisure=park,1.3572426,103.8675533,19.24,hospital_radius,Johor Specialist Hospital,Johor
way/1187504673,NUS THE BEST CAMPUS LIFE,Public Art,tourism=artwork,1.3035973,103.7741488,19.5,hospital_radius,Johor Specialist Hospital,Johor
way/1204009024,Running Park,Park / Green Space,leisure=park,1.5056412,103.824441,9.79,hospital_radius,Johor Specialist Hospital,Johor
way/1222067198,Jalan Sembilang Park,Park / Green Space,leisure=park,1.3565897,103.8339907,16.78,hospital_radius,Johor Specialist Hospital,Johor
way/1247514748,Sky Park,Park / Green Space,leisure=park,1.3513664,103.8655882,19.54,hospital_radius,Johor Specialist Hospital,Johor
way/1247514836,Sky Park,Park / Green Space,leisure=park,1.3508217,103.8656877,19.59,hospital_radius,Johor Specialist Hospital,Johor
way/1264838378,Khatib Bongsu Park Connector,Park / Green Space,leisure=park,1.4315558,103.8435585,12.36,hospital_radius,Johor Specialist Hospital,Johor
way/1266565270,Simpang Kiri Park Connector,Park / Green Space,leisure=park,1.450068,103.8372164,11.01,hospital_radius,Johor Specialist Hospital,Johor
way/1266565279,Canberra Park Connector,Park / Green Space,leisure=park,1.4467764,103.8315683,10.51,hospital_radius,Johor Specialist Hospital,Johor
way/1294957441,Nim Meadow Park,Park / Green Space,leisure=park,1.3786037,103.8633948,17.33,hospital_radius,Johor Specialist Hospital,Johor
way/1309612144,Sky Park,Park / Green Space,leisure=park,1.3515733,103.8654547,19.51,hospital_radius,Johor Specialist Hospital,Johor
way/1331316307,Buona Vista Node,Park / Green Space,leisure=park,1.3069944,103.7920289,19.6,hospital_radius,Johor Specialist Hospital,Johor
way/1339887220,3G Park,Park / Green Space,leisure=park,1.4141221,103.8346556,12.42,hospital_radius,Johor Specialist Hospital,Johor
way/1382830497,Butterfly Garden,Park / Green Space,leisure=park,1.3851117,103.8968995,20.0,hospital_radius,Johor Specialist Hospital,Johor
way/1408555573,Healing Garden,General Attraction,tourism=attraction,1.3174042,103.8174137,19.54,hospital_radius,Johor Specialist Hospital,Johor
way/1419114374,Bishan East Open Space,Park / Green Space,leisure=park,1.3441226,103.8523753,19.14,hospital_radius,Johor Specialist Hospital,Johor
way/1433339552,Duchess Park,Park / Green Space,leisure=park,1.3242721,103.8054932,18.3,hospital_radius,Johor Specialist Hospital,Johor
way/1444245789,Linear Park,Park / Green Space,leisure=park,1.483961,103.8422621,11.23,hospital_radius,Johor Specialist Hospital,Johor
way/1447657085,King's Road Park,Park / Green Space,leisure=park,1.3168886,103.8047835,19.03,hospital_radius,Johor Specialist Hospital,Johor
way/1465090463,Buangkok Park Connector,Other (park_connector),leisure=park_connector,1.3794785,103.8830369,19.03,hospital_radius,Johor Specialist Hospital,Johor
way/1465090464,Buangkok Park Connector,Other (park_connector),leisure=park_connector,1.3795125,103.8845396,19.17,hospital_radius,Johor Specialist Hospital,Johor
way/1465229481,Punggol Park Connector,Other (park_connector),leisure=park_connector,1.4157983,103.9003531,18.87,hospital_radius,Johor Specialist Hospital,Johor
way/1467983045,Ang Mo Kio Town Garden West,Other (park_connector),leisure=park_connector,1.3732004,103.8448001,16.19,hospital_radius,Johor Specialist Hospital,Johor
way/1481414033,Serangoon Park Connector,Other (park_connector),leisure=park_connector,1.3798625,103.8926666,19.9,hospital_radius,Johor Specialist Hospital,Johor
way/1481414035,Serangoon Park Connector,Other (park_connector),leisure=park_connector,1.379745,103.8926331,19.91,hospital_radius,Johor Specialist Hospital,Johor
way/1482430926,Cove Park,Park / Green Space,leisure=park,1.4827579,103.8446852,11.49,hospital_radius,Johor Specialist Hospital,Johor
way/1486851307,Buona Vista Estate Park,Park / Green Space,leisure=park,1.3085546,103.7952961,19.54,hospital_radius,Johor Specialist Hospital,Johor
way/1529450978,Melunak Park,Park / Green Space,leisure=park,1.5616696,103.8093112,12.15,hospital_radius,Johor Specialist Hospital,Johor
way/1529450985,Ehsan Jaya 1 Park,Park / Green Space,leisure=park,1.5513877,103.8127695,11.53,hospital_radius,Johor Specialist Hospital,Johor
way/1529450987,Ehsan Jaya 6 Park,Park / Green Space,leisure=park,1.5513397,103.815433,11.74,hospital_radius,Johor Specialist Hospital,Johor
way/1531976676,Springleaf Avenue Playground,Park / Green Space,leisure=park,1.4010571,103.8225861,12.26,hospital_radius,Johor Specialist Hospital,Johor
way/1532710623,Ang Mo Kio Ave 5 Park Connector,Other (park_connector),leisure=park_connector,1.3771686,103.8466147,16.03,hospital_radius,Johor Specialist Hospital,Johor
way/1532710624,Ang Mo Kio Ave 5 Park Connector,Other (park_connector),leisure=park_connector,1.3769212,103.8476618,16.13,hospital_radius,Johor Specialist Hospital,Johor
way/1532898197,Ang Mo Kio Ave 5 Park Connector,Other (park_connector),leisure=park_connector,1.3774363,103.8454369,15.91,hospital_radius,Johor Specialist Hospital,Johor
way/1547735126,Buangkok Park Connector,Other (park_connector),leisure=park_connector,1.3791285,103.8768337,18.49,hospital_radius,Johor Specialist Hospital,Johor
way/1547735127,Ang Mo Kio Ave 5 Park Connector,Other (park_connector),leisure=park_connector,1.3790877,103.8764269,18.46,hospital_radius,Johor Specialist Hospital,Johor
way/1552566373,Live Turtle Museum,Museum,tourism=museum,1.4151844,103.8294624,11.88,hospital_radius,Johor Specialist Hospital,Johor
way/1556559542,Serangoon Park Connector,Other (park_connector),leisure=park_connector,1.3817047,103.8887241,19.42,hospital_radius,Johor Specialist Hospital,Johor
way/1556789503,Ang Mo Kio Ave 5 Park Connector,Other (park_connector),leisure=park_connector,1.3768654,103.8588876,17.07,hospital_radius,Johor Specialist Hospital,Johor
way/1556789504,Ang Mo Kio Ave 5 Park Connector,Other (park_connector),leisure=park_connector,1.3770077,103.8592627,17.09,hospital_radius,Johor Specialist Hospital,Johor
way/1556789505,Ang Mo Kio Ave 5 Park Connector,Other (park_connector),leisure=park_connector,1.3765694,103.8578858,17.01,hospital_radius,Johor Specialist Hospital,Johor
way/1556789506,Ang Mo Kio Ave 5 Park Connector,Other (park_connector),leisure=park_connector,1.3765888,103.8577617,16.99,hospital_radius,Johor Specialist Hospital,Johor
way/1556789507,Ang Mo Kio Ave 5 Park Connector,Other (park_connector),leisure=park_connector,1.3765975,103.8580184,17.01,hospital_radius,Johor Specialist Hospital,Johor
node/10201538077,Banyan Tree,General Attraction,tourism=attraction,3.2285415,101.3986588,19.82,hospital_radius,KPJ Klang Specialist Hospital,Selangor
node/13077404535,Gallery KEV,Art Gallery,tourism=gallery,3.1157434,101.3248622,16.46,hospital_radius,KPJ Klang Specialist Hospital,Selangor
node/508543554,Berlin Wall - old site,Memorial,historic=memorial,1.3396691,103.933688,15.84,hospital_radius,KPJ Pasir Gudang Specialist Hospital,Johor
node/924815250,Carmichael Road Playground,Monument,historic=monument,1.3425915,103.8630059,15.39,hospital_radius,KPJ Pasir Gudang Specialist Hospital,Johor
node/1541260942,Police Heritage Centre,Museum,tourism=museum,1.324405,103.8454916,17.87,hospital_radius,KPJ Pasir Gudang Specialist Hospital,Johor
node/1788371255,Campsite Area D,Camp Site,tourism=camp_site,1.3027807,103.9199695,19.56,hospital_radius,KPJ Pasir Gudang Specialist Hospital,Johor
node/2544668348,Butterfly Garden,Zoo / Wildlife Park,tourism=zoo,1.3575401,103.9861793,16.66,hospital_radius,KPJ Pasir Gudang Specialist Hospital,Johor
node/2571557766,Johor Lama Museum,Museum,tourism=museum,1.5804784,104.0174991,17.76,hospital_radius,KPJ Pasir Gudang Specialist Hospital,Johor
node/2720371600,Jelutong Camp Site,Camp Site,tourism=camp_site,1.4025448,103.9679885,11.53,hospital_radius,KPJ Pasir Gudang Specialist Hospital,Johor
node/2967080194,Jejawi Tower,Viewpoint / Scenic Spot,tourism=viewpoint,1.4095612,103.9899545,12.88,hospital_radius,KPJ Pasir Gudang Specialist Hospital,Johor
node/3294315861,Koi pond,Zoo / Wildlife Park,tourism=zoo,1.3572945,103.9860701,16.67,hospital_radius,KPJ Pasir Gudang Specialist Hospital,Johor
node/4008733889,Haw Par Beach Villa,General Attraction,tourism=attraction,1.4103963,103.9222681,7.97,hospital_radius,KPJ Pasir Gudang Specialist Hospital,Johor
node/4281640467,Puaka Hill,Viewpoint / Scenic Spot,tourism=viewpoint,1.4080354,103.9594365,10.44,hospital_radius,KPJ Pasir Gudang Specialist Hospital,Johor
node/4300422591,Chek Jawa Wetlands,General Attraction,tourism=attraction,1.408688,103.9907677,13.01,hospital_radius,KPJ Pasir Gudang Specialist Hospital,Johor
node/4349885789,SG Quán ăn Thái,Public Art,tourism=artwork,1.311867,103.8762219,18.49,hospital_radius,KPJ Pasir Gudang Specialist Hospital,Johor
node/4378685092,Monsoon Point Break,Viewpoint / Scenic Spot,tourism=viewpoint,1.3164035,103.9761603,19.97,hospital_radius,KPJ Pasir Gudang Specialist Hospital,Johor
node/4530892089,The Intan,Museum,tourism=museum,1.314681,103.9009812,18.06,hospital_radius,KPJ Pasir Gudang Specialist Hospital,Johor
node/4564608589,Former Thai Temple,General Attraction,tourism=attraction,1.4168486,103.9521052,9.16,hospital_radius,KPJ Pasir Gudang Specialist Hospital,Johor
node/4564614398,Chancery Lane Pill Box,General Attraction,tourism=attraction,1.3221485,103.8385138,18.36,hospital_radius,KPJ Pasir Gudang Specialist Hospital,Johor
node/4670529689,Umbrella Trees,Public Art,tourism=artwork,1.3084711,103.8536863,19.32,hospital_radius,KPJ Pasir Gudang Specialist Hospital,Johor
node/4671587876,Historic Cannon,Memorial,historic=memorial,1.3059744,103.8445889,19.85,hospital_radius,KPJ Pasir Gudang Specialist Hospital,Johor
node/4689561371,That Aquarium,Aquarium,tourism=aquarium,1.3176246,103.9064387,17.76,hospital_radius,KPJ Pasir Gudang Specialist Hospital,Johor
node/4692287495,Sakya Muni Buddha Gaya Temple,Monument,historic=monument,1.31482,103.856897,18.55,hospital_radius,KPJ Pasir Gudang Specialist Hospital,Johor
node/4791222171,Sir Arthur's Bridge Plaque,Memorial,historic=memorial,1.3100487,103.8705049,18.78,hospital_radius,KPJ Pasir Gudang Specialist Hospital,Johor
node/5018207223,Peranakan Terrace houses,General Attraction,tourism=attraction,1.3103725,103.902457,18.55,hospital_radius,KPJ Pasir Gudang Specialist Hospital,Johor
node/5026572225,Street of Peranakan shophouses,General Attraction,tourism=attraction,1.3141955,103.8989857,18.11,hospital_radius,KPJ Pasir Gudang Specialist Hospital,Johor
node/5140584427,Arab Street,General Attraction,tourism=attraction,1.3021612,103.8583262,19.89,hospital_radius,KPJ Pasir Gudang Specialist Hospital,Johor
node/5240833760,Old Kallang Airport Gateway,Memorial,historic=memorial,1.3098351,103.872121,18.78,hospital_radius,KPJ Pasir Gudang Specialist Hospital,Johor
node/5283108421,Lithe House,General Attraction,tourism=attraction,1.3049244,103.8527464,19.73,hospital_radius,KPJ Pasir Gudang Specialist Hospital,Johor
node/5344372224,Peranakan Terrace Houses,General Attraction,tourism=attraction,1.3137524,103.90286,18.17,hospital_radius,KPJ Pasir Gudang Specialist Hospital,Johor
node/5352193422,Viewpoint (westward),Viewpoint / Scenic Spot,tourism=viewpoint,1.3051792,103.9420009,19.79,hospital_radius,KPJ Pasir Gudang Specialist Hospital,Johor
node/5352193423,Viewpoint (eastward),Viewpoint / Scenic Spot,tourism=viewpoint,1.3130549,103.9586171,19.52,hospital_radius,KPJ Pasir Gudang Specialist Hospital,Johor
node/5352224922,Viewpoint (eastward),Viewpoint / Scenic Spot,tourism=viewpoint,1.305357,103.9424755,19.78,hospital_radius,KPJ Pasir Gudang Specialist Hospital,Johor
node/5450272625,Archery Range Indoor,General Attraction,tourism=attraction,1.3327551,103.8670265,16.36,hospital_radius,KPJ Pasir Gudang Specialist Hospital,Johor
node/5808536801,Splash-N-Surf,Other (water_park),leisure=water_park,1.3037008,103.8727201,19.44,hospital_radius,KPJ Pasir Gudang Specialist Hospital,Johor
node/5940074385,Family selling baskets,Public Art,tourism=artwork,1.30283,103.8583351,19.81,hospital_radius,KPJ Pasir Gudang Specialist Hospital,Johor
node/6008885785,Terminal 2 Orchid Garden,General Attraction,tourism=attraction,1.3540762,103.9887044,17.13,hospital_radius,KPJ Pasir Gudang Specialist Hospital,Johor
node/6036138157,CocoPalms welcome feature,Public Art,tourism=artwork,1.3711176,103.9457979,13.02,hospital_radius,KPJ Pasir Gudang Specialist Hospital,Johor
node/6084050885,Banyan Tree & Ruin,General Attraction,tourism=attraction,1.3066832,103.8663997,19.22,hospital_radius,KPJ Pasir Gudang Specialist Hospital,Johor
node/6209947818,Entrance to Old Tekong Battery,Historic Ruins,historic=ruins,1.3996583,104.0569198,19.87,hospital_radius,KPJ Pasir Gudang Specialist Hospital,Johor
node/6330125487,Teluk Sengat Crocodile Farm,General Attraction,tourism=attraction,1.5650243,104.0266332,17.53,hospital_radius,KPJ Pasir Gudang Specialist Hospital,Johor
node/6423030825,Malabar Muslim Jama'atah Mosque,Memorial,historic=memorial,1.305066,103.8599472,19.53,hospital_radius,KPJ Pasir Gudang Specialist Hospital,Johor
node/6423418314,Wak cantuk,Public Art,tourism=artwork,1.3020296,103.8600478,19.86,hospital_radius,KPJ Pasir Gudang Specialist Hospital,Johor
node/6423418315,Sultan arts village,Public Art,tourism=artwork,1.3023206,103.8603639,19.82,hospital_radius,KPJ Pasir Gudang Specialist Hospital,Johor
node/6423477440,Under the gelam trees,Public Art,tourism=artwork,1.3018667,103.8602995,19.87,hospital_radius,KPJ Pasir Gudang Specialist Hospital,Johor
node/6425317459,Muscat - Canton,Public Art,tourism=artwork,1.3016861,103.858968,19.92,hospital_radius,KPJ Pasir Gudang Specialist Hospital,Johor
node/6425317466,Muscat - Singapore,Public Art,tourism=artwork,1.3017377,103.8589862,19.92,hospital_radius,KPJ Pasir Gudang Specialist Hospital,Johor
node/6450525721,Book-A-Meeting,Public Art,tourism=artwork,1.3065373,103.8520871,19.57,hospital_radius,KPJ Pasir Gudang Specialist Hospital,Johor
node/6504252607,Cattleland 2,Public Art,tourism=artwork,1.3074502,103.8504737,19.52,hospital_radius,KPJ Pasir Gudang Specialist Hospital,Johor
node/6504658101,Time Capsule To be Opened Year 2040,Memorial,historic=memorial,1.3027853,103.8723259,19.55,hospital_radius,KPJ Pasir Gudang Specialist Hospital,Johor
node/6504943824,St. John Baptist De La Salle,Memorial,historic=memorial,1.3084807,103.9166126,18.88,hospital_radius,KPJ Pasir Gudang Specialist Hospital,Johor
node/6515291299,East Coast Seafood Centre,Public Art,tourism=artwork,1.3055354,103.9298546,19.44,hospital_radius,KPJ Pasir Gudang Specialist Hospital,Johor
node/6515369229,Bedok,Public Art,tourism=artwork,1.3271035,103.9311572,17.13,hospital_radius,KPJ Pasir Gudang Specialist Hospital,Johor
node/6636964295,Lightning Tree,Camp Site,tourism=camp_site,1.4080531,103.9854371,12.57,hospital_radius,KPJ Pasir Gudang Specialist Hospital,Johor
node/6640215786,Street art,Public Art,tourism=artwork,1.3058114,103.8528262,19.63,hospital_radius,KPJ Pasir Gudang Specialist Hospital,Johor
node/6640236585,Street art Indian woman,Public Art,tourism=artwork,1.3056878,103.8533982,19.63,hospital_radius,KPJ Pasir Gudang Specialist Hospital,Johor
node/6696417900,Beach Area A,Beach,natural=beach,1.4140821,103.9192405,7.47,hospital_radius,KPJ Pasir Gudang Specialist Hospital,Johor
node/6696417901,Beach Area B,Beach,natural=beach,1.4125999,103.9213603,7.71,hospital_radius,KPJ Pasir Gudang Specialist Hospital,Johor
node/6696417902,Beach Area C,Beach,natural=beach,1.410782,103.9238977,8.0,hospital_radius,KPJ Pasir Gudang Specialist Hospital,Johor
node/6696417903,Beach Area D,Beach,natural=beach,1.4082842,103.9262661,8.36,hospital_radius,KPJ Pasir Gudang Specialist Hospital,Johor
node/6696417904,Beach Area E,Beach,natural=beach,1.4060667,103.9286372,8.69,hospital_radius,KPJ Pasir Gudang Specialist Hospital,Johor
node/6718626143,Dr. Sun Yat Sen,Memorial,historic=memorial,1.3275023,103.8468568,17.49,hospital_radius,KPJ Pasir Gudang Specialist Hospital,Johor
node/6776050785,Old terraced houses,General Attraction,tourism=attraction,1.3145414,103.9005788,18.08,hospital_radius,KPJ Pasir Gudang Specialist Hospital,Johor
node/6912346185,Haji lane,General Attraction,tourism=attraction,1.3015475,103.858471,19.95,hospital_radius,KPJ Pasir Gudang Specialist Hospital,Johor
node/6929036779,Hotel New World Memorial,Memorial,historic=memorial,1.3118565,103.8551816,18.91,hospital_radius,KPJ Pasir Gudang Specialist Hospital,Johor
node/6953424385,Colourful house in little India,General Attraction,tourism=attraction,1.3071451,103.8510017,19.54,hospital_radius,KPJ Pasir Gudang Specialist Hospital,Johor
node/6956299292,Petal Garden,General Attraction,tourism=attraction,1.3607744,103.9893688,16.59,hospital_radius,KPJ Pasir Gudang Specialist Hospital,Johor
node/6961370785,Nine-Dragon Screen,Public Art,tourism=artwork,1.3030253,103.8529611,19.93,hospital_radius,KPJ Pasir Gudang Specialist Hospital,Johor
node/6961370791,Jade Dragon Boat,Public Art,tourism=artwork,1.3030549,103.8531454,19.92,hospital_radius,KPJ Pasir Gudang Specialist Hospital,Johor
node/6965603688,Waterfall water garden sculpture,Public Art,tourism=artwork,1.3568463,103.9891408,16.92,hospital_radius,KPJ Pasir Gudang Specialist Hospital,Johor
node/7033606987,amigos horse riding,General Attraction,tourism=attraction,1.4414468,103.9381201,6.15,hospital_radius,KPJ Pasir Gudang Specialist Hospital,Johor
node/7176607485,Discovery Garden,General Attraction,tourism=attraction,1.3619506,103.9917464,16.66,hospital_radius,KPJ Pasir Gudang Specialist Hospital,Johor
node/7302301986,Visitors Intercom,Viewpoint / Scenic Spot,tourism=viewpoint,1.3544776,103.9888639,17.11,hospital_radius,KPJ Pasir Gudang Specialist Hospital,Johor
node/7474869743,Bedok,Public Art,tourism=artwork,1.3269186,103.935029,17.25,hospital_radius,KPJ Pasir Gudang Specialist Hospital,Johor
node/7490740405,Bedok 538 Market & Food Centre,Public Art,tourism=artwork,1.3325165,103.9251025,16.4,hospital_radius,KPJ Pasir Gudang Specialist Hospital,Johor
node/7500655193,COMMON GROUND creating whole communities,Public Art,tourism=artwork,1.3268344,103.9310834,17.16,hospital_radius,KPJ Pasir Gudang Specialist Hospital,Johor
node/7518359738,Reservoir Village,Public Art,tourism=artwork,1.3374501,103.92211,15.79,hospital_radius,KPJ Pasir Gudang Specialist Hospital,Johor
node/7518359739,Welcome to Reservoir Village,Public Art,tourism=artwork,1.337829,103.9229251,15.77,hospital_radius,KPJ Pasir Gudang Specialist Hospital,Johor
node/7568154121,Bedok North Woods,Public Art,tourism=artwork,1.3308368,103.9324661,16.76,hospital_radius,KPJ Pasir Gudang Specialist Hospital,Johor
node/7568676349,Kaki Bukit Green,Public Art,tourism=artwork,1.3308138,103.930231,16.7,hospital_radius,KPJ Pasir Gudang Specialist Hospital,Johor
node/7572015467,Bedok Town Square,Public Art,tourism=artwork,1.3249473,103.9302722,17.34,hospital_radius,KPJ Pasir Gudang Specialist Hospital,Johor
node/7617239195,Lightart Studio,Public Art,tourism=artwork,1.3325725,103.893496,16.06,hospital_radius,KPJ Pasir Gudang Specialist Hospital,Johor
node/7733212537,Jurassic MIle Start/End,General Attraction,tourism=attraction,1.3350499,103.983489,18.55,hospital_radius,KPJ Pasir Gudang Specialist Hospital,Johor
node/7733212539,Jurassic Mile Start/End,General Attraction,tourism=attraction,1.327532,103.9807338,19.12,hospital_radius,KPJ Pasir Gudang Specialist Hospital,Johor
node/7733212551,Jurassic Mile,General Attraction,tourism=attraction,1.3331625,103.9830849,18.71,hospital_radius,KPJ Pasir Gudang Specialist Hospital,Johor
node/7745706885,Rainbow street art,Public Art,tourism=artwork,1.3649516,103.8961784,12.46,hospital_radius,KPJ Pasir Gudang Specialist Hospital,Johor
node/7745706985,Street art Analogue TV,Public Art,tourism=artwork,1.3583236,103.9473135,14.39,hospital_radius,KPJ Pasir Gudang Specialist Hospital,Johor
node/7869384085,Subhan Street Art,Public Art,tourism=artwork,1.3021239,103.85956,19.86,hospital_radius,KPJ Pasir Gudang Specialist Hospital,Johor
node/8095436579,Bedok,Public Art,tourism=artwork,1.3322695,103.9342773,16.65,hospital_radius,KPJ Pasir Gudang Specialist Hospital,Johor
node/8108537848,Colourful Shophouses,General Attraction,tourism=attraction,1.3235587,103.8510073,17.78,hospital_radius,KPJ Pasir Gudang Specialist Hospital,Johor
node/8175332117,Nirvana Memorial Park Tiram Johor,Memorial,historic=memorial,1.5852339,103.9119093,12.16,hospital_radius,KPJ Pasir Gudang Specialist Hospital,Johor
node/8202120067,Viewpoint (westward),Viewpoint / Scenic Spot,tourism=viewpoint,1.3137736,103.9634724,19.65,hospital_radius,KPJ Pasir Gudang Specialist Hospital,Johor
node/8202120068,Viewpoint (eastward),Viewpoint / Scenic Spot,tourism=viewpoint,1.3139639,103.9639059,19.65,hospital_radius,KPJ Pasir Gudang Specialist Hospital,Johor
node/8230320254,Bedok North Woods,Public Art,tourism=artwork,1.3290021,103.9332202,16.98,hospital_radius,KPJ Pasir Gudang Specialist Hospital,Johor
node/8233004916,Interim Park at Lengkong Enam,Park / Green Space,leisure=park,1.3274529,103.9147346,16.76,hospital_radius,KPJ Pasir Gudang Specialist Hospital,Johor
node/8409623219,Bedok,Public Art,tourism=artwork,1.3254452,103.9419232,17.62,hospital_radius,KPJ Pasir Gudang Specialist Hospital,Johor
node/8419628217,inscription of the island,Public Art,tourism=artwork,1.3931515,103.9868203,13.76,hospital_radius,KPJ Pasir Gudang Specialist Hospital,Johor
node/8482680637,Kallang park connector,Park / Green Space,leisure=park,1.3208882,103.8671665,17.65,hospital_radius,KPJ Pasir Gudang Specialist Hospital,Johor
node/8577937524,Da Jing Jiao,Public Art,tourism=artwork,1.3577326,103.8846904,13.32,hospital_radius,KPJ Pasir Gudang Specialist Hospital,Johor
node/9653219407,Geylang Serai Heritage Gallery,Museum,tourism=museum,1.3166806,103.8972022,17.83,hospital_radius,KPJ Pasir Gudang Specialist Hospital,Johor
node/9671017324,High Tide,Public Art,tourism=artwork,1.3103685,103.9020834,18.54,hospital_radius,KPJ Pasir Gudang Specialist Hospital,Johor
node/9671017325,Decorative Tiles Mural painting,Public Art,tourism=artwork,1.3057572,103.9044016,19.07,hospital_radius,KPJ Pasir Gudang Specialist Hospital,Johor
node/9671017326,Peranakan Culture Mural painting,Public Art,tourism=artwork,1.3059264,103.9044716,19.05,hospital_radius,KPJ Pasir Gudang Specialist Hospital,Johor
node/9671017625,Lonely tree,General Attraction,tourism=attraction,1.3994012,103.9582006,11.07,hospital_radius,KPJ Pasir Gudang Specialist Hospital,Johor
node/9671017626,The story of healing mural,Public Art,tourism=artwork,1.3087161,103.9030665,18.73,hospital_radius,KPJ Pasir Gudang Specialist Hospital,Johor
node/9671017627,Turtle Cape,Public Art,tourism=artwork,1.3062163,103.9058098,19.03,hospital_radius,KPJ Pasir Gudang Specialist Hospital,Johor
node/9671017628,Conserved Terrace Houses,General Attraction,tourism=attraction,1.3057409,103.9061586,19.08,hospital_radius,KPJ Pasir Gudang Specialist Hospital,Johor
node/9739031522,XM Studios,Art Gallery,tourism=gallery,1.3083298,103.862186,19.13,hospital_radius,KPJ Pasir Gudang Specialist Hospital,Johor
node/9739167883,De Rerum Natura,Public Art,tourism=artwork,1.3352293,103.9601295,17.31,hospital_radius,KPJ Pasir Gudang Specialist Hospital,Johor
node/9808469094,Selamat Datang Ke Kong Kong Laut,Public Art,tourism=artwork,1.5185865,103.9977625,12.24,hospital_radius,KPJ Pasir Gudang Specialist Hospital,Johor
node/9810686286,Our Tampines Gallery,Museum,tourism=museum,1.3523281,103.941093,14.75,hospital_radius,KPJ Pasir Gudang Specialist Hospital,Johor
node/9893218556,Penarakan Houses,General Attraction,tourism=attraction,1.3109516,103.9041935,18.49,hospital_radius,KPJ Pasir Gudang Specialist Hospital,Johor
node/10057332542,shrimp pond,Other (water_park),leisure=water_park,1.4755173,103.9426959,5.22,hospital_radius,KPJ Pasir Gudang Specialist Hospital,Johor
node/10126001911,Mural,Public Art,tourism=artwork,1.3098098,103.854133,19.16,hospital_radius,KPJ Pasir Gudang Specialist Hospital,Johor
node/10126024857,Race horse Mural,Public Art,tourism=artwork,1.3082171,103.8509739,19.42,hospital_radius,KPJ Pasir Gudang Specialist Hospital,Johor
node/10126041942,Sungei Road mural,Public Art,tourism=artwork,1.3077609,103.8581916,19.28,hospital_radius,KPJ Pasir Gudang Specialist Hospital,Johor
node/10550118437,Eurasian Heritage Gallery,Museum,tourism=museum,1.310035,103.8993185,18.57,hospital_radius,KPJ Pasir Gudang Specialist Hospital,Johor
node/10559834077,MOE Heritage Centre,Museum,tourism=museum,1.32582,103.8448679,17.74,hospital_radius,KPJ Pasir Gudang Specialist Hospital,Johor
node/10808393883,Ellie Art Studio,Art Gallery,tourism=gallery,1.333951,103.8880162,15.93,hospital_radius,KPJ Pasir Gudang Specialist Hospital,Johor
node/10992282618,Katong Antique House Mural,Public Art,tourism=artwork,1.3071161,103.9072355,18.94,hospital_radius,KPJ Pasir Gudang Specialist Hospital,Johor
node/10992282619,Katong Antique House 加東古董,Museum,tourism=museum,1.3072716,103.9071343,18.92,hospital_radius,KPJ Pasir Gudang Specialist Hospital,Johor
node/11018023320,Lamipak Gallery,Art Gallery,tourism=gallery,1.3226988,103.8520739,17.84,hospital_radius,KPJ Pasir Gudang Specialist Hospital,Johor
node/11146208305,Kampong Glam,General Attraction,tourism=attraction,1.3015486,103.8622729,19.86,hospital_radius,KPJ Pasir Gudang Specialist Hospital,Johor
node/11288867468,Former Malay Film Productions,General Attraction,tourism=attraction,1.326446,103.8514982,17.45,hospital_radius,KPJ Pasir Gudang Specialist Hospital,Johor
node/11383217664,Sarang Buaya Pasir Gudang,General Attraction,tourism=attraction,1.4425345,103.9985207,12.05,hospital_radius,KPJ Pasir Gudang Specialist Hospital,Johor
node/11402748479,NS Gallery,Museum,tourism=museum,1.4061784,104.0295003,16.82,hospital_radius,KPJ Pasir Gudang Specialist Hospital,Johor
node/11407015354,Kampong Selabin Well,Historic Ruins,historic=ruins,1.4155835,104.0314814,16.56,hospital_radius,KPJ Pasir Gudang Specialist Hospital,Johor
node/11436264178,Plate,Public Art,tourism=artwork,1.3047313,103.929659,19.52,hospital_radius,KPJ Pasir Gudang Specialist Hospital,Johor
node/11563386251,55 Artspace,Art Gallery,tourism=gallery,1.3274809,103.8751429,16.79,hospital_radius,KPJ Pasir Gudang Specialist Hospital,Johor
node/11563386261,7879 Gallery,Art Gallery,tourism=gallery,1.3084502,103.8562041,19.25,hospital_radius,KPJ Pasir Gudang Specialist Hospital,Johor
node/11563386263,Art Seasons Gallery,Art Gallery,tourism=gallery,1.3275153,103.8738738,16.8,hospital_radius,KPJ Pasir Gudang Specialist Hospital,Johor
node/11673385799,Puaka Hill,Mountain / Peak,natural=peak,1.4081466,103.9594836,10.43,hospital_radius,KPJ Pasir Gudang Specialist Hospital,Johor
node/11673385800,Tanjong Tajam Hill,Mountain / Peak,natural=peak,1.4221682,103.9290253,7.13,hospital_radius,KPJ Pasir Gudang Specialist Hospital,Johor
node/11677800855,Botak Hill,Mountain / Peak,natural=peak,1.4032962,104.0453289,18.53,hospital_radius,KPJ Pasir Gudang Specialist Hospital,Johor
node/11716744769,Black Earth Arts Museum,Museum,tourism=museum,1.30862,103.9028068,18.74,hospital_radius,KPJ Pasir Gudang Specialist Hospital,Johor
node/11724980058,Art Social,Art Gallery,tourism=gallery,1.3034834,103.8646159,19.61,hospital_radius,KPJ Pasir Gudang Specialist Hospital,Johor
node/11754949202,Spirit Of Kallang,Public Art,tourism=artwork,1.3062223,103.865803,19.28,hospital_radius,KPJ Pasir Gudang Specialist Hospital,Johor
node/11802121100,Aesthetic Art Gallery,Art Gallery,tourism=gallery,1.3121043,103.862907,18.7,hospital_radius,KPJ Pasir Gudang Specialist Hospital,Johor
node/11806482469,The Gem Museum,Museum,tourism=museum,1.304585,103.8531227,19.75,hospital_radius,KPJ Pasir Gudang Specialist Hospital,Johor
node/11806649909,Balestier Art Deco shophouses,General Attraction,tourism=attraction,1.3216239,103.8530549,17.92,hospital_radius,KPJ Pasir Gudang Specialist Hospital,Johor
node/11818534979,Sim Kwong Ho shophouses,General Attraction,tourism=attraction,1.323241,103.8525342,17.76,hospital_radius,KPJ Pasir Gudang Specialist Hospital,Johor
node/11828532018,Kwan Loon Yen Shophouses,General Attraction,tourism=attraction,1.3257075,103.8497048,17.59,hospital_radius,KPJ Pasir Gudang Specialist Hospital,Johor
node/11834999308,Straits Enclave,Museum,tourism=museum,1.309326,103.9022572,18.66,hospital_radius,KPJ Pasir Gudang Specialist Hospital,Johor
node/12071306508,Intake Sg Tiram,Viewpoint / Scenic Spot,tourism=viewpoint,1.5841173,103.894104,11.91,hospital_radius,KPJ Pasir Gudang Specialist Hospital,Johor
node/12093257647,10 Jalan Eunos Gallery Space,Art Gallery,tourism=gallery,1.3185505,103.9069877,17.67,hospital_radius,KPJ Pasir Gudang Specialist Hospital,Johor
node/12533886455,Decomissioned Bus,General Attraction,tourism=attraction,1.3240028,103.8464627,17.88,hospital_radius,KPJ Pasir Gudang Specialist Hospital,Johor
node/12876931228,Semaphore Station West,Memorial,historic=memorial,1.3672739,104.0201375,18.44,hospital_radius,KPJ Pasir Gudang Specialist Hospital,Johor
node/13298717994,Jurassic Bark,Other (dog_park),leisure=dog_park,1.3487305,103.9854215,17.4,hospital_radius,KPJ Pasir Gudang Specialist Hospital,Johor
node/13298749952,Camping area G,Camp Site,tourism=camp_site,1.3146426,103.9628246,19.53,hospital_radius,KPJ Pasir Gudang Specialist Hospital,Johor
node/13300508001,The Chandelier Slide,General Attraction,tourism=attraction,1.3398349,103.9843723,18.16,hospital_radius,KPJ Pasir Gudang Specialist Hospital,Johor
node/13498173420,Kwong Wai Shiu Hospital Heritage Gallery,Museum,tourism=museum,1.3177815,103.858593,18.18,hospital_radius,KPJ Pasir Gudang Specialist Hospital,Johor
node/14175411339,Aljunied,Mountain / Peak,natural=peak,1.3362416,103.8803436,15.75,hospital_radius,KPJ Pasir Gudang Specialist Hospital,Johor
node/14181070520,Sims Ave,Mountain / Peak,natural=peak,1.3165012,103.8783883,17.95,hospital_radius,KPJ Pasir Gudang Specialist Hospital,Johor
node/14181070521,Marine Parade,Mountain / Peak,natural=peak,1.3027737,103.9131729,19.47,hospital_radius,KPJ Pasir Gudang Specialist Hospital,Johor
node/14181070522,Chai Chee,Mountain / Peak,natural=peak,1.324086,103.9264318,17.34,hospital_radius,KPJ Pasir Gudang Specialist Hospital,Johor
node/14181070523,Tampines,Mountain / Peak,natural=peak,1.3541168,103.9346555,14.33,hospital_radius,KPJ Pasir Gudang Specialist Hospital,Johor
node/14181070524,Changi,Mountain / Peak,natural=peak,1.3897421,103.9801897,13.5,hospital_radius,KPJ Pasir Gudang Specialist Hospital,Johor
node/14181070525,Simei,Mountain / Peak,natural=peak,1.3459652,103.9589868,16.18,hospital_radius,KPJ Pasir Gudang Specialist Hospital,Johor
way/22929085,Punggol Park,Park / Green Space,leisure=park,1.3769458,103.8986514,11.13,hospital_radius,KPJ Pasir Gudang Specialist Hospital,Johor
way/23161989,East Coast Park (Zone C),Park / Green Space,leisure=park,1.3005075,103.9116279,19.71,hospital_radius,KPJ Pasir Gudang Specialist Hospital,Johor
way/30527029,Istana Kampong Glam,Historic Fort/Castle,historic=castle,1.3026709,103.8599476,19.79,hospital_radius,KPJ Pasir Gudang Specialist Hospital,Johor
way/32489943,Haji Lane,General Attraction,tourism=attraction,1.3012267,103.8587337,19.98,hospital_radius,KPJ Pasir Gudang Specialist Hospital,Johor
way/34424183,Pasir Ris Town Park,Park / Green Space,leisure=park,1.3721694,103.9523432,13.25,hospital_radius,KPJ Pasir Gudang Specialist Hospital,Johor
way/41425649,Siglap Park Connector,Other (park_connector),leisure=park_connector,1.3283443,103.9104933,16.61,hospital_radius,KPJ Pasir Gudang Specialist Hospital,Johor
way/41425652,Siglap Park Connector,Other (park_connector),leisure=park_connector,1.3287411,103.9106613,16.57,hospital_radius,KPJ Pasir Gudang Specialist Hospital,Johor
way/41524377,Siglap Park Connector,Other (park_connector),leisure=park_connector,1.3313277,103.9147577,16.34,hospital_radius,KPJ Pasir Gudang Specialist Hospital,Johor
way/41662337,Domain of the Istana,Park / Green Space,leisure=park,1.3047286,103.8438073,20.01,hospital_radius,KPJ Pasir Gudang Specialist Hospital,Johor
way/41662548,Little India,General Attraction,tourism=attraction,1.3076465,103.8536548,19.41,hospital_radius,KPJ Pasir Gudang Specialist Hospital,Johor
way/41788916,Siglap Park Connector,Other (park_connector),leisure=park_connector,1.3290372,103.9108559,16.54,hospital_radius,KPJ Pasir Gudang Specialist Hospital,Johor
way/41843053,Siglap Park Connector,Other (park_connector),leisure=park_connector,1.3146482,103.915227,18.18,hospital_radius,KPJ Pasir Gudang Specialist Hospital,Johor
way/41843054,Siglap Park Connector,Other (park_connector),leisure=park_connector,1.3037268,103.918717,19.44,hospital_radius,KPJ Pasir Gudang Specialist Hospital,Johor
way/41843055,Siglap Park Connector,Other (park_connector),leisure=park_connector,1.3033497,103.9188946,19.48,hospital_radius,KPJ Pasir Gudang Specialist Hospital,Johor
way/41895536,Istana,Historic Fort/Castle,historic=castle,1.3070961,103.8428805,19.79,hospital_radius,KPJ Pasir Gudang Specialist Hospital,Johor
way/44488254,Katong Park,Park / Green Space,leisure=park,1.2969695,103.8867907,20.05,hospital_radius,KPJ Pasir Gudang Specialist Hospital,Johor
way/45901136,Changi Coastal Park Connector Extension,Other (park_connector),leisure=park_connector,1.3193406,103.9791844,19.83,hospital_radius,KPJ Pasir Gudang Specialist Hospital,Johor
way/46819598,Siglap Park Connector,Other (park_connector),leisure=park_connector,1.3342117,103.9188655,16.09,hospital_radius,KPJ Pasir Gudang Specialist Hospital,Johor
way/46820921,Garden Hill Park,Park / Green Space,leisure=park,1.3271816,103.9291945,17.07,hospital_radius,KPJ Pasir Gudang Specialist Hospital,Johor
way/46821374,Bedok Park Connector,Other (park_connector),leisure=park_connector,1.3140391,103.9551372,19.29,hospital_radius,KPJ Pasir Gudang Specialist Hospital,Johor
way/54725325,Nature Gallery,Museum,tourism=museum,1.4024139,103.9709177,11.77,hospital_radius,KPJ Pasir Gudang Specialist Hospital,Johor
way/79158352,Carmichael Road Playground,Park / Green Space,leisure=park,1.3426723,103.863081,15.38,hospital_radius,KPJ Pasir Gudang Specialist Hospital,Johor
way/85585115,Tampines Park,Park / Green Space,leisure=park,1.3495363,103.9426308,15.1,hospital_radius,KPJ Pasir Gudang Specialist Hospital,Johor
way/85585118,Tampines Green,Park / Green Space,leisure=park,1.3506423,103.94657,15.14,hospital_radius,KPJ Pasir Gudang Specialist Hospital,Johor
way/85636733,Simei Park Connector,Other (park_connector),leisure=park_connector,1.3311002,103.9535661,17.45,hospital_radius,KPJ Pasir Gudang Specialist Hospital,Johor
way/85647236,Bedok Park Connector,Other (park_connector),leisure=park_connector,1.3299571,103.9519434,17.5,hospital_radius,KPJ Pasir Gudang Specialist Hospital,Johor
way/85648954,Bedok Park Connector,Other (park_connector),leisure=park_connector,1.3366341,103.9382781,16.31,hospital_radius,KPJ Pasir Gudang Specialist Hospital,Johor
way/85648969,Tampines Park Connector,Other (park_connector),leisure=park_connector,1.3653322,103.9541527,14.01,hospital_radius,KPJ Pasir Gudang Specialist Hospital,Johor
way/85648971,Tampines Park Connector,Other (park_connector),leisure=park_connector,1.3657111,103.9540929,13.97,hospital_radius,KPJ Pasir Gudang Specialist Hospital,Johor
way/85648977,Tampines Park Connector,Other (park_connector),leisure=park_connector,1.3733693,103.9531387,13.17,hospital_radius,KPJ Pasir Gudang Specialist Hospital,Johor
way/85649327,Tampines Park Connector,Other (park_connector),leisure=park_connector,1.3742024,103.9531404,13.09,hospital_radius,KPJ Pasir Gudang Specialist Hospital,Johor
way/85650185,Simei Park Connector,Other (park_connector),leisure=park_connector,1.3331882,103.9556267,17.32,hospital_radius,KPJ Pasir Gudang Specialist Hospital,Johor
way/116687143,Cyclist Park,Park / Green Space,leisure=park,1.3042496,103.9240087,19.47,hospital_radius,KPJ Pasir Gudang Specialist Hospital,Johor
way/116690144,Bedok South Neighbourhood Park (west),Park / Green Space,leisure=park,1.321638,103.9351726,17.82,hospital_radius,KPJ Pasir Gudang Specialist Hospital,Johor
way/131891599,Siglap Park Connector,Other (park_connector),leisure=park_connector,1.3042992,103.9191384,19.38,hospital_radius,KPJ Pasir Gudang Specialist Hospital,Johor
way/131891600,Siglap Park Connector,Other (park_connector),leisure=park_connector,1.304179,103.918939,19.39,hospital_radius,KPJ Pasir Gudang Specialist Hospital,Johor
way/139671235,Maplewood Park,Park / Green Space,leisure=park,1.352554,103.885142,13.89,hospital_radius,KPJ Pasir Gudang Specialist Hospital,Johor
way/139671238,Aroozoo Avenue Playground,Park / Green Space,leisure=park,1.3551963,103.8859597,13.59,hospital_radius,KPJ Pasir Gudang Specialist Hospital,Johor
way/142528985,Bedok Ria Park,Park / Green Space,leisure=park,1.3273757,103.9530768,17.82,hospital_radius,KPJ Pasir Gudang Specialist Hospital,Johor
way/155990073,Malay Heritage Centre,Museum,tourism=museum,1.3028874,103.8598221,19.77,hospital_radius,KPJ Pasir Gudang Specialist Hospital,Johor
way/160608025,Siglap Park Connector,Other (park_connector),leisure=park_connector,1.3281937,103.9107836,16.63,hospital_radius,KPJ Pasir Gudang Specialist Hospital,Johor
way/160608026,Siglap Park Connector,Other (park_connector),leisure=park_connector,1.3278356,103.9106634,16.67,hospital_radius,KPJ Pasir Gudang Specialist Hospital,Johor
way/160613142,Bedok Park Connector,Other (park_connector),leisure=park_connector,1.3367042,103.9407733,16.38,hospital_radius,KPJ Pasir Gudang Specialist Hospital,Johor
way/160614576,Bedok Park Connector,Other (park_connector),leisure=park_connector,1.337066,103.9377576,16.25,hospital_radius,KPJ Pasir Gudang Specialist Hospital,Johor
way/164418289,Punggol Promenade Nature Walk,Other (park_connector),leisure=park_connector,1.401858,103.9235135,8.91,hospital_radius,KPJ Pasir Gudang Specialist Hospital,Johor
way/164418315,Sungei Serangoon Park Connector,Other (park_connector),leisure=park_connector,1.3862523,103.9100275,10.22,hospital_radius,KPJ Pasir Gudang Specialist Hospital,Johor
way/164418318,Sungei Serangoon Park Connector,Other (park_connector),leisure=park_connector,1.3859665,103.9073803,10.21,hospital_radius,KPJ Pasir Gudang Specialist Hospital,Johor
way/169736731,Bedok Park Connector,Other (park_connector),leisure=park_connector,1.3298268,103.9517838,17.51,hospital_radius,KPJ Pasir Gudang Specialist Hospital,Johor
way/170720136,Neighbourhood Park,Park / Green Space,leisure=park,1.3814517,103.937404,11.59,hospital_radius,KPJ Pasir Gudang Specialist Hospital,Johor
way/170744775,Park Aquaria,Park / Green Space,leisure=park,1.3643284,103.9582946,14.33,hospital_radius,KPJ Pasir Gudang Specialist Hospital,Johor
way/173225285,Bedok Reservoir Park,Park / Green Space,leisure=park,1.3430812,103.92682,15.29,hospital_radius,KPJ Pasir Gudang Specialist Hospital,Johor
way/173225286,Bedok Town Park,Park / Green Space,leisure=park,1.3347118,103.9259766,16.18,hospital_radius,KPJ Pasir Gudang Specialist Hospital,Johor
way/173243145,Lorong Halus Wetland,Park / Green Space,leisure=park,1.3954389,103.9244261,9.61,hospital_radius,KPJ Pasir Gudang Specialist Hospital,Johor
way/174281598,Bangsawan Park,Park / Green Space,leisure=park,1.3211989,103.9238553,17.61,hospital_radius,KPJ Pasir Gudang Specialist Hospital,Johor
way/174281646,Siglap Park,Park / Green Space,leisure=park,1.3113103,103.9283837,18.78,hospital_radius,KPJ Pasir Gudang Specialist Hospital,Johor
way/174281647,Siglap Park,Park / Green Space,leisure=park,1.3199399,103.924883,17.76,hospital_radius,KPJ Pasir Gudang Specialist Hospital,Johor
way/174281648,Siglap Park,Park / Green Space,leisure=park,1.317417,103.9260742,18.06,hospital_radius,KPJ Pasir Gudang Specialist Hospital,Johor
way/174281649,Siglap Park,Park / Green Space,leisure=park,1.3145317,103.927442,18.41,hospital_radius,KPJ Pasir Gudang Specialist Hospital,Johor
way/174717943,Changi Beach Park,Park / Green Space,leisure=park,1.3800764,104.0039155,16.15,hospital_radius,KPJ Pasir Gudang Specialist Hospital,Johor
way/174717944,Changi Beach Park,Park / Green Space,leisure=park,1.3911974,103.9925556,14.38,hospital_radius,KPJ Pasir Gudang Specialist Hospital,Johor
way/174717955,Raintree Cove,Park / Green Space,leisure=park,1.3023831,103.9163079,19.55,hospital_radius,KPJ Pasir Gudang Specialist Hospital,Johor
way/174717956,Road Safety Community Park,Park / Green Space,leisure=park,1.2979449,103.9028252,19.93,hospital_radius,KPJ Pasir Gudang Specialist Hospital,Johor
way/174718043,Coastal Park Connector,Other (park_connector),leisure=park_connector,1.3169103,103.9762862,19.93,hospital_radius,KPJ Pasir Gudang Specialist Hospital,Johor
way/174721786,East Coast Park (Zone B),Park / Green Space,leisure=park,1.2965283,103.8949284,20.07,hospital_radius,KPJ Pasir Gudang Specialist Hospital,Johor
way/174721790,East Coast Park (Zone D),Park / Green Space,leisure=park,1.3046544,103.9242447,19.43,hospital_radius,KPJ Pasir Gudang Specialist Hospital,Johor
way/174721791,East Coast Park (Zone E),Park / Green Space,leisure=park,1.3071292,103.9336501,19.35,hospital_radius,KPJ Pasir Gudang Specialist Hospital,Johor
way/174721792,East Coast Park (Zone F),Park / Green Space,leisure=park,1.3095578,103.9448313,19.4,hospital_radius,KPJ Pasir Gudang Specialist Hospital,Johor
way/174721793,East Coast Park (Zone G),Park / Green Space,leisure=park,1.3136697,103.9574683,19.42,hospital_radius,KPJ Pasir Gudang Specialist Hospital,Johor
way/176326997,Indian Heritage Centre,Museum,tourism=museum,1.3056595,103.8522889,19.66,hospital_radius,KPJ Pasir Gudang Specialist Hospital,Johor
way/178436852,House of Tan Teng Niah,General Attraction,tourism=attraction,1.3070589,103.8509346,19.55,hospital_radius,KPJ Pasir Gudang Specialist Hospital,Johor
way/180909676,Hougang Avenue 5 Park,Park / Green Space,leisure=park,1.3677876,103.8969688,12.15,hospital_radius,KPJ Pasir Gudang Specialist Hospital,Johor
way/180909684,Punggol Promenade Riverside Walk,Other (park_connector),leisure=park_connector,1.3939839,103.9187692,9.58,hospital_radius,KPJ Pasir Gudang Specialist Hospital,Johor
way/180909688,Serangoon Park Connector,Other (park_connector),leisure=park_connector,1.3709183,103.9000418,11.81,hospital_radius,KPJ Pasir Gudang Specialist Hospital,Johor
way/180909723,Sungei Serangoon Park Connector,Other (park_connector),leisure=park_connector,1.3853583,103.9064369,10.26,hospital_radius,KPJ Pasir Gudang Specialist Hospital,Johor
way/180910354,Bedok Park Connector,Other (park_connector),leisure=park_connector,1.3150176,103.9588437,19.33,hospital_radius,KPJ Pasir Gudang Specialist Hospital,Johor
way/180910357,Telok Kurau Park,Park / Green Space,leisure=park,1.315658,103.914189,18.06,hospital_radius,KPJ Pasir Gudang Specialist Hospital,Johor
way/180912132,Changi Point Park Connector,Other (park_connector),leisure=park_connector,1.3910963,103.983123,13.62,hospital_radius,KPJ Pasir Gudang Specialist Hospital,Johor
way/190945735,North Bridge Garden,Park / Green Space,leisure=park,1.3041183,103.862195,19.59,hospital_radius,KPJ Pasir Gudang Specialist Hospital,Johor
way/201275612,Novena Rise Park,Park / Green Space,leisure=park,1.324919,103.8427261,17.91,hospital_radius,KPJ Pasir Gudang Specialist Hospital,Johor
way/203874803,Sun Plaza Park,Park / Green Space,leisure=park,1.3585493,103.943758,14.21,hospital_radius,KPJ Pasir Gudang Specialist Hospital,Johor
way/203874804,Tampines Eco Green,Park / Green Space,leisure=park,1.3637645,103.9487695,13.9,hospital_radius,KPJ Pasir Gudang Specialist Hospital,Johor
way/204784602,Elias Terrace Playground,Park / Green Space,leisure=park,1.3722267,103.9410928,12.69,hospital_radius,KPJ Pasir Gudang Specialist Hospital,Johor
way/204884270,Brontonsaur Park,Park / Green Space,leisure=park,1.3742625,103.937564,12.33,hospital_radius,KPJ Pasir Gudang Specialist Hospital,Johor
way/213593435,Sea-Shell Park,Park / Green Space,leisure=park,1.3701951,103.9594452,13.83,hospital_radius,KPJ Pasir Gudang Specialist Hospital,Johor
way/213638993,Time Park,Park / Green Space,leisure=park,1.3726483,103.955163,13.35,hospital_radius,KPJ Pasir Gudang Specialist Hospital,Johor
way/222591994,Aljunied Park,Park / Green Space,leisure=park,1.3295369,103.8799416,16.49,hospital_radius,KPJ Pasir Gudang Specialist Hospital,Johor
way/223860491,Changi Business Park,Park / Green Space,leisure=park,1.3387141,103.9676178,17.33,hospital_radius,KPJ Pasir Gudang Specialist Hospital,Johor
way/229864735,Simei Park Connector,Other (park_connector),leisure=park_connector,1.3423952,103.9538959,16.3,hospital_radius,KPJ Pasir Gudang Specialist Hospital,Johor
way/229864736,Coastal Park Connector,Other (park_connector),leisure=park_connector,1.3168876,103.9755049,19.89,hospital_radius,KPJ Pasir Gudang Specialist Hospital,Johor
way/229864737,Bedok Park Connector,Other (park_connector),leisure=park_connector,1.3371996,103.9350193,16.15,hospital_radius,KPJ Pasir Gudang Specialist Hospital,Johor
way/243780645,Sungei Serangoon Park Connector,Other (park_connector),leisure=park_connector,1.3812764,103.9040161,10.69,hospital_radius,KPJ Pasir Gudang Specialist Hospital,Johor
way/253929400,Lorong 40 Geylang Playground,Park / Green Space,leisure=park,1.3136755,103.889383,18.18,hospital_radius,KPJ Pasir Gudang Specialist Hospital,Johor
way/253934286,Tampines Park Connector,Other (park_connector),leisure=park_connector,1.3727634,103.9530988,13.23,hospital_radius,KPJ Pasir Gudang Specialist Hospital,Johor
way/253934288,Tampines Park Connector,Other (park_connector),leisure=park_connector,1.3749409,103.9527898,13.0,hospital_radius,KPJ Pasir Gudang Specialist Hospital,Johor
way/255005492,Novena Park,Park / Green Space,leisure=park,1.3223561,103.8428344,18.18,hospital_radius,KPJ Pasir Gudang Specialist Hospital,Johor
way/256633230,Air Force Museum,Museum,tourism=museum,1.3467365,103.89936,14.49,hospital_radius,KPJ Pasir Gudang Specialist Hospital,Johor
way/262978973,Wild Wild Wet,Other (water_park),leisure=water_park,1.3781026,103.9546674,12.8,hospital_radius,KPJ Pasir Gudang Specialist Hospital,Johor
way/271384970,Bedok Reservoir Road Neighbourhood Park,Park / Green Space,leisure=park,1.330932,103.9141578,16.37,hospital_radius,KPJ Pasir Gudang Specialist Hospital,Johor
way/271791474,Sun Yat Sen Nanyang Museum,Museum,tourism=museum,1.3280672,103.8470376,17.43,hospital_radius,KPJ Pasir Gudang Specialist Hospital,Johor
way/271791476,Zhongshan Park,Park / Green Space,leisure=park,1.3272232,103.8470034,17.52,hospital_radius,KPJ Pasir Gudang Specialist Hospital,Johor
way/282691952,Maze Garden,Park / Green Space,leisure=park,1.3511821,103.9410662,14.87,hospital_radius,KPJ Pasir Gudang Specialist Hospital,Johor
way/291415385,Somme Road Playground,Park / Green Space,leisure=park,1.3115389,103.8581559,18.87,hospital_radius,KPJ Pasir Gudang Specialist Hospital,Johor
way/304604204,Surin Ave Neighborhood Park,Park / Green Space,leisure=park,1.3555827,103.8841071,13.57,hospital_radius,KPJ Pasir Gudang Specialist Hospital,Johor
way/304613997,Richards Avenue Park,Park / Green Space,leisure=park,1.3609366,103.8821262,13.0,hospital_radius,KPJ Pasir Gudang Specialist Hospital,Johor
way/304614126,Sunshine Park,Park / Green Space,leisure=park,1.3468546,103.8741174,14.67,hospital_radius,KPJ Pasir Gudang Specialist Hospital,Johor
way/304614464,Hougang Avenue 1 Park,Park / Green Space,leisure=park,1.3561798,103.889206,13.46,hospital_radius,KPJ Pasir Gudang Specialist Hospital,Johor
way/304615294,Tai Keng Gardens Playground,Park / Green Space,leisure=park,1.346268,103.8849978,14.59,hospital_radius,KPJ Pasir Gudang Specialist Hospital,Johor
way/307082416,Oasis @ Mulberry Park,Park / Green Space,leisure=park,1.332837,103.8784262,16.15,hospital_radius,KPJ Pasir Gudang Specialist Hospital,Johor
way/307082466,Butterfly Ave Playground,Park / Green Space,leisure=park,1.3344462,103.8773657,15.99,hospital_radius,KPJ Pasir Gudang Specialist Hospital,Johor
way/307082729,Chempaka Avenue Playground,Park / Green Space,leisure=park,1.3318411,103.8756465,16.3,hospital_radius,KPJ Pasir Gudang Specialist Hospital,Johor
way/307084567,Neighborhood Park,Park / Green Space,leisure=park,1.3358321,103.8807781,15.79,hospital_radius,KPJ Pasir Gudang Specialist Hospital,Johor
way/308662419,Sensory Garden,Park / Green Space,leisure=park,1.3488117,103.9407786,15.11,hospital_radius,KPJ Pasir Gudang Specialist Hospital,Johor
way/308662862,Tampines Community Park,Park / Green Space,leisure=park,1.3536333,103.9457544,14.8,hospital_radius,KPJ Pasir Gudang Specialist Hospital,Johor
way/315753904,The Changi Museum,Museum,tourism=museum,1.3621864,103.9740247,15.45,hospital_radius,KPJ Pasir Gudang Specialist Hospital,Johor
way/316966206,Jalan Naung Playground,Park / Green Space,leisure=park,1.3694897,103.8928863,11.96,hospital_radius,KPJ Pasir Gudang Specialist Hospital,Johor
way/329862529,Kallang Riverside Park North,Park / Green Space,leisure=park,1.3076899,103.8678196,19.08,hospital_radius,KPJ Pasir Gudang Specialist Hospital,Johor
way/329863911,Kallang Riverside Park East,Park / Green Space,leisure=park,1.3078091,103.8703799,19.03,hospital_radius,KPJ Pasir Gudang Specialist Hospital,Johor
way/329865216,Pasir Ris Street 21 Park,Park / Green Space,leisure=park,1.3675603,103.9618536,14.22,hospital_radius,KPJ Pasir Gudang Specialist Hospital,Johor
way/329865862,Pasir Ris Atlantis Park,Park / Green Space,leisure=park,1.3740111,103.9583841,13.4,hospital_radius,KPJ Pasir Gudang Specialist Hospital,Johor
way/329866353,Tampines North Park,Park / Green Space,leisure=park,1.3566947,103.9526503,14.8,hospital_radius,KPJ Pasir Gudang Specialist Hospital,Johor
way/329869916,Tampines Central Park,Park / Green Space,leisure=park,1.3537022,103.9368773,14.45,hospital_radius,KPJ Pasir Gudang Specialist Hospital,Johor
way/329871142,Tampines Tree Park,Park / Green Space,leisure=park,1.3513708,103.9588456,15.63,hospital_radius,KPJ Pasir Gudang Specialist Hospital,Johor
way/345829029,Mariam Way Playground,Park / Green Space,leisure=park,1.3619516,103.9662429,15.0,hospital_radius,KPJ Pasir Gudang Specialist Hospital,Johor
way/346011989,Mariam Walk Playground,Park / Green Space,leisure=park,1.3595087,103.9685569,15.37,hospital_radius,KPJ Pasir Gudang Specialist Hospital,Johor
way/351177577,Arthur Park,Park / Green Space,leisure=park,1.3037947,103.8882101,19.28,hospital_radius,KPJ Pasir Gudang Specialist Hospital,Johor
way/358462339,Arena Park,Park / Green Space,leisure=park,1.3044078,103.8769642,19.31,hospital_radius,KPJ Pasir Gudang Specialist Hospital,Johor
way/358462343,Singapore Sports Museum,Museum,tourism=museum,1.3013468,103.8734098,19.69,hospital_radius,KPJ Pasir Gudang Specialist Hospital,Johor
way/368281565,Coastal Park Connector,Other (park_connector),leisure=park_connector,1.3176096,103.9812797,20.11,hospital_radius,KPJ Pasir Gudang Specialist Hospital,Johor
way/369332259,Siglap Park Connector,Other (park_connector),leisure=park_connector,1.3200624,103.9132548,17.56,hospital_radius,KPJ Pasir Gudang Specialist Hospital,Johor
way/385668227,Siglap Park Connector,Other (park_connector),leisure=park_connector,1.3382402,103.9251436,15.77,hospital_radius,KPJ Pasir Gudang Specialist Hospital,Johor
way/388267391,Jalan Senang Park,Park / Green Space,leisure=park,1.3290231,103.9157029,16.61,hospital_radius,KPJ Pasir Gudang Specialist Hospital,Johor
way/388268882,Taman Kembangan Park,Park / Green Space,leisure=park,1.3250066,103.914415,17.03,hospital_radius,KPJ Pasir Gudang Specialist Hospital,Johor
way/393191809,Meyer Road Playground,Park / Green Space,leisure=park,1.2985487,103.8942282,19.85,hospital_radius,KPJ Pasir Gudang Specialist Hospital,Johor
way/394948460,Playground and fitness corner,Park / Green Space,leisure=park,1.3084541,103.8867776,18.77,hospital_radius,KPJ Pasir Gudang Specialist Hospital,Johor
way/397050210,Tampines Park Connector,Other (park_connector),leisure=park_connector,1.3759682,103.9525345,12.89,hospital_radius,KPJ Pasir Gudang Specialist Hospital,Johor
way/422967573,Sims Avenue Park Connector,Other (park_connector),leisure=park_connector,1.3184321,103.8951611,17.64,hospital_radius,KPJ Pasir Gudang Specialist Hospital,Johor
way/422967575,Sims Avenue Park Connector,Other (park_connector),leisure=park_connector,1.3202969,103.9090695,17.49,hospital_radius,KPJ Pasir Gudang Specialist Hospital,Johor
way/422967579,Sims Avenue Park Connector,Other (park_connector),leisure=park_connector,1.3207826,103.9118184,17.46,hospital_radius,KPJ Pasir Gudang Specialist Hospital,Johor
way/422967580,Sims Avenue Park Connector,Other (park_connector),leisure=park_connector,1.3205254,103.9107897,17.48,hospital_radius,KPJ Pasir Gudang Specialist Hospital,Johor
way/422967582,Sims Avenue Park Connector,Other (park_connector),leisure=park_connector,1.319695,103.9067838,17.54,hospital_radius,KPJ Pasir Gudang Specialist Hospital,Johor
way/425037843,Jalan Batu Park,Park / Green Space,leisure=park,1.3022617,103.8832634,19.48,hospital_radius,KPJ Pasir Gudang Specialist Hospital,Johor
way/425940037,Cultural Hub,Park / Green Space,leisure=park,1.3466708,103.9419831,15.38,hospital_radius,KPJ Pasir Gudang Specialist Hospital,Johor
way/437015220,Mount Emily Park,Park / Green Space,leisure=park,1.3046163,103.8475131,19.91,hospital_radius,KPJ Pasir Gudang Specialist Hospital,Johor
way/439331320,Wayang Stage,General Attraction,tourism=attraction,1.321594,103.8526892,17.94,hospital_radius,KPJ Pasir Gudang Specialist Hospital,Johor
way/439331643,Whampoa Park,Park / Green Space,leisure=park,1.3254694,103.8563441,17.41,hospital_radius,KPJ Pasir Gudang Specialist Hospital,Johor
way/461591910,Neighbourhood Park,Park / Green Space,leisure=park,1.3619741,103.9583667,14.56,hospital_radius,KPJ Pasir Gudang Specialist Hospital,Johor
way/466403682,Rivervale Green Park,Park / Green Space,leisure=park,1.3916157,103.9064348,9.57,hospital_radius,KPJ Pasir Gudang Specialist Hospital,Johor
way/469316802,No 61 Lorong N,Park / Green Space,leisure=park,1.3103243,103.9128053,18.63,hospital_radius,KPJ Pasir Gudang Specialist Hospital,Johor
way/469326976,Aida Park,Park / Green Space,leisure=park,1.319423,103.927934,17.89,hospital_radius,KPJ Pasir Gudang Specialist Hospital,Johor
way/469326978,Elite Park Avenue Park,Park / Green Space,leisure=park,1.3156052,103.9243432,18.23,hospital_radius,KPJ Pasir Gudang Specialist Hospital,Johor
way/469376334,Jalan Pari Burong Playground,Park / Green Space,leisure=park,1.3336695,103.9470094,16.93,hospital_radius,KPJ Pasir Gudang Specialist Hospital,Johor
way/469377042,Jalan Pari Dedap Playground,Park / Green Space,leisure=park,1.3329499,103.9438489,16.89,hospital_radius,KPJ Pasir Gudang Specialist Hospital,Johor
way/469377651,Eastwood Park Playground,Park / Green Space,leisure=park,1.3231244,103.9575809,18.44,hospital_radius,KPJ Pasir Gudang Specialist Hospital,Johor
way/469512136,Sennett Avenue Playground,Park / Green Space,leisure=park,1.3170125,103.9362146,18.35,hospital_radius,KPJ Pasir Gudang Specialist Hospital,Johor
way/469620377,Tanah Putih Playground,Park / Green Space,leisure=park,1.3158189,103.9314382,18.36,hospital_radius,KPJ Pasir Gudang Specialist Hospital,Johor
way/472980171,The Lawn,Park / Green Space,leisure=park,1.3067608,103.8435288,19.8,hospital_radius,KPJ Pasir Gudang Specialist Hospital,Johor
way/473674587,Sunbird Circle Playground,Park / Green Space,leisure=park,1.3391006,103.9582258,16.83,hospital_radius,KPJ Pasir Gudang Specialist Hospital,Johor
way/473674588,Jalan Angin Laut Playground,Park / Green Space,leisure=park,1.3371418,103.9562471,16.94,hospital_radius,KPJ Pasir Gudang Specialist Hospital,Johor
way/473897355,Kew Avenue Playground,Park / Green Space,leisure=park,1.3216288,103.9484628,18.24,hospital_radius,KPJ Pasir Gudang Specialist Hospital,Johor
way/474210628,Siglap Park Connector,Other (park_connector),leisure=park_connector,1.3058636,103.918926,19.21,hospital_radius,KPJ Pasir Gudang Specialist Hospital,Johor
way/474210634,Siglap Park Connector,Other (park_connector),leisure=park_connector,1.3087439,103.9178299,18.87,hospital_radius,KPJ Pasir Gudang Specialist Hospital,Johor
way/474210637,Siglap Park Connector,Other (park_connector),leisure=park_connector,1.3099667,103.9172171,18.73,hospital_radius,KPJ Pasir Gudang Specialist Hospital,Johor
way/474210640,Siglap Park Connector,Other (park_connector),leisure=park_connector,1.310085,103.9171727,18.71,hospital_radius,KPJ Pasir Gudang Specialist Hospital,Johor
way/479078202,Bunga Rampai Park,Park / Green Space,leisure=park,1.3404677,103.8842605,15.24,hospital_radius,KPJ Pasir Gudang Specialist Hospital,Johor
way/481069767,Cambridge Park,Park / Green Space,leisure=park,1.3136644,103.846838,18.96,hospital_radius,KPJ Pasir Gudang Specialist Hospital,Johor
way/483604961,Coastal Park Connector,Other (park_connector),leisure=park_connector,1.3476711,104.0270821,20.49,hospital_radius,KPJ Pasir Gudang Specialist Hospital,Johor
way/486764136,Jalan Limau Manis Playground,Park / Green Space,leisure=park,1.3247191,103.9490817,17.94,hospital_radius,KPJ Pasir Gudang Specialist Hospital,Johor
way/486765104,Limau Dog Park,Park / Green Space,leisure=park,1.3248051,103.9504247,17.98,hospital_radius,KPJ Pasir Gudang Specialist Hospital,Johor
way/486765451,Bedok Rise Playground,Park / Green Space,leisure=park,1.3239729,103.9464276,17.93,hospital_radius,KPJ Pasir Gudang Specialist Hospital,Johor
way/486765502,Bedok Rise Park,Park / Green Space,leisure=park,1.3243979,103.946293,17.88,hospital_radius,KPJ Pasir Gudang Specialist Hospital,Johor
way/490287651,Old Gasworks Tank Chassis,Monument,historic=monument,1.3061685,103.8670126,19.27,hospital_radius,KPJ Pasir Gudang Specialist Hospital,Johor
way/493464037,Taman Rekreasi Bakau Tanjung Langsat,Other (wetland),natural=wetland,1.4410916,103.9936679,11.59,hospital_radius,KPJ Pasir Gudang Specialist Hospital,Johor
way/515147204,Punggol Promenade Punggol Point Walk,Other (park_connector),leisure=park_connector,1.4172779,103.9139009,6.94,hospital_radius,KPJ Pasir Gudang Specialist Hospital,Johor
way/515147205,Punggol Promenade Punggol Point Walk,Other (park_connector),leisure=park_connector,1.4166631,103.9139748,7.01,hospital_radius,KPJ Pasir Gudang Specialist Hospital,Johor
way/518770952,Hougang Crest Sports Park,Park / Green Space,leisure=park,1.3748786,103.8920893,11.37,hospital_radius,KPJ Pasir Gudang Specialist Hospital,Johor
way/533490730,Siglap Park Connector,Other (park_connector),leisure=park_connector,1.3368338,103.9244677,15.91,hospital_radius,KPJ Pasir Gudang Specialist Hospital,Johor
way/533490731,Siglap Park Connector,Other (park_connector),leisure=park_connector,1.3357037,103.9250821,16.05,hospital_radius,KPJ Pasir Gudang Specialist Hospital,Johor
way/533648002,Play Corridor Park Connector,Other (park_footway),leisure=park_footway,1.3336311,103.9256208,16.29,hospital_radius,KPJ Pasir Gudang Specialist Hospital,Johor
way/533677856,Tampines Park Connector,Other (park_connector),leisure=park_connector,1.363914,103.9521338,14.05,hospital_radius,KPJ Pasir Gudang Specialist Hospital,Johor
way/533690660,Serangoon Park Connector,Other (park_connector),leisure=park_connector,1.3786922,103.8966434,10.93,hospital_radius,KPJ Pasir Gudang Specialist Hospital,Johor
way/533696155,Sungei Serangoon Park Connector,Other (park_connector),leisure=park_connector,1.3800114,103.9040253,10.83,hospital_radius,KPJ Pasir Gudang Specialist Hospital,Johor
way/534921263,Changi Bay Park Connector,Other (park_connector),leisure=park_connector,1.3711626,104.004695,16.89,hospital_radius,KPJ Pasir Gudang Specialist Hospital,Johor
way/538810898,Recreation Park,Park / Green Space,leisure=park,1.3468453,103.9522773,15.78,hospital_radius,KPJ Pasir Gudang Specialist Hospital,Johor
way/538825639,Bedok Terrace Playground,Park / Green Space,leisure=park,1.3255055,103.9475158,17.8,hospital_radius,KPJ Pasir Gudang Specialist Hospital,Johor
way/539745497,Jalan Buloh Perindu Playground,Park / Green Space,leisure=park,1.3084852,103.9193861,18.92,hospital_radius,KPJ Pasir Gudang Specialist Hospital,Johor
way/539935261,Realty Park,Park / Green Space,leisure=park,1.3682278,103.8906281,12.11,hospital_radius,KPJ Pasir Gudang Specialist Hospital,Johor
way/539935317,Paya Lebar Crescent Open Space,Park / Green Space,leisure=park,1.3490165,103.8835722,14.3,hospital_radius,KPJ Pasir Gudang Specialist Hospital,Johor
way/539935337,Thrift Drive Open Space,Park / Green Space,leisure=park,1.3438551,103.8832482,14.87,hospital_radius,KPJ Pasir Gudang Specialist Hospital,Johor
way/539935343,Jalan Daud Park,Park / Green Space,leisure=park,1.3258991,103.9071546,16.85,hospital_radius,KPJ Pasir Gudang Specialist Hospital,Johor
way/539935381,Jalan Daud Interim Park,Park / Green Space,leisure=park,1.3255929,103.9064001,16.88,hospital_radius,KPJ Pasir Gudang Specialist Hospital,Johor
way/539935465,Jalan Eunos Interim Park,Park / Green Space,leisure=park,1.3249021,103.9059889,16.95,hospital_radius,KPJ Pasir Gudang Specialist Hospital,Johor
way/539935492,Jalan Awang Interim Park,Park / Green Space,leisure=park,1.3238699,103.9058691,17.07,hospital_radius,KPJ Pasir Gudang Specialist Hospital,Johor
way/539935493,Jalan Ismail Park,Park / Green Space,leisure=park,1.3232126,103.905837,17.14,hospital_radius,KPJ Pasir Gudang Specialist Hospital,Johor
way/539935512,Jalna Yasin Interim Park,Park / Green Space,leisure=park,1.3213651,103.9055139,17.34,hospital_radius,KPJ Pasir Gudang Specialist Hospital,Johor
way/539935513,Lorong Sarina Interim Park,Park / Green Space,leisure=park,1.3202005,103.9058528,17.47,hospital_radius,KPJ Pasir Gudang Specialist Hospital,Johor
way/539935533,Lorong Melayu Park,Park / Green Space,leisure=park,1.3240064,103.90924,17.08,hospital_radius,KPJ Pasir Gudang Specialist Hospital,Johor
way/539935692,Kew Crescent Playground,Park / Green Space,leisure=park,1.3193787,103.9485469,18.48,hospital_radius,KPJ Pasir Gudang Specialist Hospital,Johor
way/539935693,Limau Garden Playground,Park / Green Space,leisure=park,1.322506,103.9508227,18.24,hospital_radius,KPJ Pasir Gudang Specialist Hospital,Johor
way/539935695,Limau Villas Playground,Park / Green Space,leisure=park,1.3238395,103.9504302,18.08,hospital_radius,KPJ Pasir Gudang Specialist Hospital,Johor
way/539935760,Meragi Road Playground,Park / Green Space,leisure=park,1.3440845,103.9602814,16.43,hospital_radius,KPJ Pasir Gudang Specialist Hospital,Johor
way/540288054,East Coast Terrace Park,Park / Green Space,leisure=park,1.3100577,103.9240438,18.83,hospital_radius,KPJ Pasir Gudang Specialist Hospital,Johor
way/542680707,Tampines Boulevard Park (West),Park / Green Space,leisure=park,1.3638649,103.9406545,13.54,hospital_radius,KPJ Pasir Gudang Specialist Hospital,Johor
way/542737811,Mamam Campsite,Camp Site,tourism=camp_site,1.4183078,103.9757502,11.03,hospital_radius,KPJ Pasir Gudang Specialist Hospital,Johor
way/544275237,Neighbourhood Park,Park / Green Space,leisure=park,1.3592991,103.9590599,14.86,hospital_radius,KPJ Pasir Gudang Specialist Hospital,Johor
way/544464682,Tampines Festival Park,Park / Green Space,leisure=park,1.3533607,103.9495409,14.99,hospital_radius,KPJ Pasir Gudang Specialist Hospital,Johor
way/544769321,Bedok Park Connector,Other (park_connector),leisure=park_connector,1.3261636,103.9545384,18.0,hospital_radius,KPJ Pasir Gudang Specialist Hospital,Johor
way/544769471,Bedok Park Connector,Other (park_connector),leisure=park_connector,1.3348311,103.9466552,16.79,hospital_radius,KPJ Pasir Gudang Specialist Hospital,Johor
way/545780595,Harmony Park,Park / Green Space,leisure=park,1.3273235,103.9033106,16.67,hospital_radius,KPJ Pasir Gudang Specialist Hospital,Johor
way/546759901,Harmony Park,Park / Green Space,leisure=park,1.3727805,103.8965587,11.59,hospital_radius,KPJ Pasir Gudang Specialist Hospital,Johor
way/546761604,Green Forest Neighbourhood Park,Park / Green Space,leisure=park,1.3523242,103.9295719,14.37,hospital_radius,KPJ Pasir Gudang Specialist Hospital,Johor
way/547132201,Siglap Park Connector,Other (park_connector),leisure=park_connector,1.3257593,103.9115858,16.91,hospital_radius,KPJ Pasir Gudang Specialist Hospital,Johor
way/547220748,Neighbourhood Park,Park / Green Space,leisure=park,1.37109,103.8988177,11.78,hospital_radius,KPJ Pasir Gudang Specialist Hospital,Johor
way/548951979,Neighbourhood Park,Park / Green Space,leisure=park,1.3727053,103.8901917,11.62,hospital_radius,KPJ Pasir Gudang Specialist Hospital,Johor
way/552957669,Hillock Park,Other (wood),natural=wood,1.3420044,103.8731006,15.22,hospital_radius,KPJ Pasir Gudang Specialist Hospital,Johor
way/556444664,Common Green,Park / Green Space,leisure=park,1.3983289,103.9150509,9.01,hospital_radius,KPJ Pasir Gudang Specialist Hospital,Johor
way/556500021,Lor Marican Park,Park / Green Space,leisure=park,1.3238996,103.907711,17.08,hospital_radius,KPJ Pasir Gudang Specialist Hospital,Johor
way/556680329,Lorong Mydin Interim Park,Park / Green Space,leisure=park,1.3208602,103.911785,17.46,hospital_radius,KPJ Pasir Gudang Specialist Hospital,Johor
way/556680330,Lorong Melayu Interim Park,Park / Green Space,leisure=park,1.3206283,103.9109246,17.47,hospital_radius,KPJ Pasir Gudang Specialist Hospital,Johor
way/556680332,Lorong Mazuki Interim Park,Park / Green Space,leisure=park,1.3203256,103.9099075,17.49,hospital_radius,KPJ Pasir Gudang Specialist Hospital,Johor
way/556680333,Lorong Marican Interim Park,Park / Green Space,leisure=park,1.3201644,103.9090834,17.5,hospital_radius,KPJ Pasir Gudang Specialist Hospital,Johor
way/556680334,Lorong Sarina Interim Park,Park / Green Space,leisure=park,1.3200136,103.9082582,17.51,hospital_radius,KPJ Pasir Gudang Specialist Hospital,Johor
way/557920015,Balam Fitness Corner Park,Park / Green Space,leisure=park,1.3293948,103.8852218,16.46,hospital_radius,KPJ Pasir Gudang Specialist Hospital,Johor
way/557923716,Macpherson Playground and Fitness Corner,Park / Green Space,leisure=park,1.3226297,103.8874203,17.19,hospital_radius,KPJ Pasir Gudang Specialist Hospital,Johor
way/557963625,Geylang East Elderly Park,Park / Green Space,leisure=park,1.3219497,103.8856536,17.28,hospital_radius,KPJ Pasir Gudang Specialist Hospital,Johor
way/558231403,Dakota Crescent Playground,Park / Green Space,leisure=park,1.3064717,103.8847436,19.0,hospital_radius,KPJ Pasir Gudang Specialist Hospital,Johor
way/558231405,Mountbatten / Old Airport Road open space,Park / Green Space,leisure=park,1.3057409,103.8833461,19.1,hospital_radius,KPJ Pasir Gudang Specialist Hospital,Johor
way/564025125,Common Green,Park / Green Space,leisure=park,1.406697,103.910719,7.99,hospital_radius,KPJ Pasir Gudang Specialist Hospital,Johor
way/564070450,Joo Chiat Terrace Interim Park,Park / Green Space,leisure=park,1.3143531,103.9017009,18.1,hospital_radius,KPJ Pasir Gudang Specialist Hospital,Johor
way/567248094,Greenville Garden Park,Park / Green Space,leisure=park,1.3264418,103.9021529,16.76,hospital_radius,KPJ Pasir Gudang Specialist Hospital,Johor
way/583722677,Fitness Area,Park / Green Space,leisure=park,1.3558402,103.9533486,14.92,hospital_radius,KPJ Pasir Gudang Specialist Hospital,Johor
way/587066314,Paya Lebar Road Park,Park / Green Space,leisure=park,1.3328774,103.8885731,16.05,hospital_radius,KPJ Pasir Gudang Specialist Hospital,Johor
way/588722731,Siglap Park Connector,Other (park_connector),leisure=park_connector,1.3336208,103.919153,16.16,hospital_radius,KPJ Pasir Gudang Specialist Hospital,Johor
way/589221832,Bedok Town Park,Other (park_footway),leisure=park_footway,1.3358179,103.9291368,16.13,hospital_radius,KPJ Pasir Gudang Specialist Hospital,Johor
way/590309952,Bedok South Neighbourhood Park (east),Park / Green Space,leisure=park,1.3228338,103.9420329,17.9,hospital_radius,KPJ Pasir Gudang Specialist Hospital,Johor
way/590625581,Kaki Bukit Neighbourhood Park,Park / Green Space,leisure=park,1.3325996,103.9276294,16.44,hospital_radius,KPJ Pasir Gudang Specialist Hospital,Johor
way/591453838,Sungei Serangoon Park Connector,Park / Green Space,leisure=park,1.3710056,103.9000811,11.8,hospital_radius,KPJ Pasir Gudang Specialist Hospital,Johor
way/592564374,Kaki Bukit Garden Residents' Park,Park / Green Space,leisure=park,1.3342746,103.9267896,16.24,hospital_radius,KPJ Pasir Gudang Specialist Hospital,Johor
way/593446921,Bedok Park Connector,Other (park_connector),leisure=park_connector,1.3397191,103.934939,15.88,hospital_radius,KPJ Pasir Gudang Specialist Hospital,Johor
way/593446923,Bedok Park Connector,Other (park_connector),leisure=park_connector,1.3395246,103.9355088,15.91,hospital_radius,KPJ Pasir Gudang Specialist Hospital,Johor
way/593446926,Bedok Park Connector,Other (park_connector),leisure=park_connector,1.3395856,103.9358806,15.92,hospital_radius,KPJ Pasir Gudang Specialist Hospital,Johor
way/593446927,Bedok Park Connector,Other (park_connector),leisure=park_connector,1.3384685,103.9363585,16.05,hospital_radius,KPJ Pasir Gudang Specialist Hospital,Johor
way/596223118,Bedok Park Connector,Other (park_connector),leisure=park_connector,1.3363347,103.9410571,16.43,hospital_radius,KPJ Pasir Gudang Specialist Hospital,Johor
way/596223119,Bedok Park Connector,Other (park_connector),leisure=park_connector,1.3364317,103.9398527,16.38,hospital_radius,KPJ Pasir Gudang Specialist Hospital,Johor
way/596223812,Bedok Park Connector,Other (park_connector),leisure=park_connector,1.333687,103.9494612,17.02,hospital_radius,KPJ Pasir Gudang Specialist Hospital,Johor
way/596223817,Bedok Park Connector,Other (park_connector),leisure=park_connector,1.3318921,103.9504189,17.24,hospital_radius,KPJ Pasir Gudang Specialist Hospital,Johor
way/596501992,Loyang Park Connector,Other (park_connector),leisure=park_connector,1.3813778,103.9774324,13.98,hospital_radius,KPJ Pasir Gudang Specialist Hospital,Johor
way/596936854,Sungei Serangoon Park Connector,Other (park_connector),leisure=park_connector,1.3858273,103.9068089,10.21,hospital_radius,KPJ Pasir Gudang Specialist Hospital,Johor
way/597577009,Bedok Park Connector,Other (park_connector),leisure=park_connector,1.3301025,103.9515704,17.47,hospital_radius,KPJ Pasir Gudang Specialist Hospital,Johor
way/597659586,Tampines Park Connector,Other (park_connector),leisure=park_connector,1.361337,103.9472094,14.08,hospital_radius,KPJ Pasir Gudang Specialist Hospital,Johor
way/597659588,Tampines Park Connector,Other (park_connector),leisure=park_connector,1.3623794,103.95039,14.12,hospital_radius,KPJ Pasir Gudang Specialist Hospital,Johor
way/599247645,Punggol Promenade Nature Walk,Other (park_connector),leisure=park_connector,1.399046,103.9244792,9.24,hospital_radius,KPJ Pasir Gudang Specialist Hospital,Johor
way/599247657,Punggol Promenade Nature Walk,Other (park_connector),leisure=park_connector,1.3983449,103.9233467,9.27,hospital_radius,KPJ Pasir Gudang Specialist Hospital,Johor
way/599247666,Punggol Promenade Nature Walk,Other (park_connector),leisure=park_connector,1.4065269,103.919204,8.26,hospital_radius,KPJ Pasir Gudang Specialist Hospital,Johor
way/599247675,Punggol Promenade Nature Walk,Other (park_connector),leisure=park_connector,1.4046391,103.9212888,8.53,hospital_radius,KPJ Pasir Gudang Specialist Hospital,Johor
way/599247685,Punggol Promenade Nature Walk,Other (park_connector),leisure=park_connector,1.4124627,103.9154396,7.5,hospital_radius,KPJ Pasir Gudang Specialist Hospital,Johor
way/599247697,Punggol Promenade Nature Walk,Other (park_connector),leisure=park_connector,1.408454,103.9171104,7.98,hospital_radius,KPJ Pasir Gudang Specialist Hospital,Johor
way/603532200,Sungei Serangoon Park,Park / Green Space,leisure=park,1.3834291,103.9056525,10.47,hospital_radius,KPJ Pasir Gudang Specialist Hospital,Johor
way/603532430,Sengkang Neighbourhood 1 Park,Park / Green Space,leisure=park,1.3847811,103.9043963,10.3,hospital_radius,KPJ Pasir Gudang Specialist Hospital,Johor
way/610771836,Tampines Leisure Park,Park / Green Space,leisure=park,1.3569089,103.9624701,15.28,hospital_radius,KPJ Pasir Gudang Specialist Hospital,Johor
way/614142964,Changi Bay Park Connector,Other (park_connector),leisure=park_connector,1.3721185,104.004777,16.82,hospital_radius,KPJ Pasir Gudang Specialist Hospital,Johor
way/615093406,Bedok Park Connector,Other (park_connector),leisure=park_connector,1.3167281,103.9538918,18.96,hospital_radius,KPJ Pasir Gudang Specialist Hospital,Johor
way/615093407,Bedok Park Connector,Other (park_connector),leisure=park_connector,1.313152,103.9515005,19.25,hospital_radius,KPJ Pasir Gudang Specialist Hospital,Johor
way/615093408,Bedok Park Connector,Other (park_connector),leisure=park_connector,1.3127732,103.9516228,19.29,hospital_radius,KPJ Pasir Gudang Specialist Hospital,Johor
way/615093409,Bedok Park Connector,Other (park_connector),leisure=park_connector,1.312939,103.9515177,19.27,hospital_radius,KPJ Pasir Gudang Specialist Hospital,Johor
way/620553956,Jalan Singa Park,Park / Green Space,leisure=park,1.3310396,103.9069554,16.28,hospital_radius,KPJ Pasir Gudang Specialist Hospital,Johor
way/620604152,East Coast Park (Zone H),Other (wood),natural=wood,1.3155938,103.9694585,19.73,hospital_radius,KPJ Pasir Gudang Specialist Hospital,Johor
way/625193683,Lor Marzuki Park,Park / Green Space,leisure=park,1.3238001,103.9083557,17.1,hospital_radius,KPJ Pasir Gudang Specialist Hospital,Johor
way/638695016,Schrödinger's cat,Park / Green Space,leisure=park,1.3632151,103.889843,12.67,hospital_radius,KPJ Pasir Gudang Specialist Hospital,Johor
way/655170348,Bloom Leisure Park,Park / Green Space,leisure=park,1.330476,103.9232454,16.58,hospital_radius,KPJ Pasir Gudang Specialist Hospital,Johor
way/661998660,Saint Anne's Wood Playground,Park / Green Space,leisure=park,1.3916077,103.9037597,9.54,hospital_radius,KPJ Pasir Gudang Specialist Hospital,Johor
way/664210721,Siglap Park Connector,Other (park_connector),leisure=park_connector,1.3212191,103.913281,17.43,hospital_radius,KPJ Pasir Gudang Specialist Hospital,Johor
way/674028130,Tampines Boulevard Park (East),Park / Green Space,leisure=park,1.3622631,103.9439167,13.84,hospital_radius,KPJ Pasir Gudang Specialist Hospital,Johor
way/675373226,Potong Pasir Neighbourhood Park,Park / Green Space,leisure=park,1.3337744,103.8666596,16.25,hospital_radius,KPJ Pasir Gudang Specialist Hospital,Johor
way/680521565,Pesari Walk Playground,Park / Green Space,leisure=park,1.3244587,103.9539858,18.16,hospital_radius,KPJ Pasir Gudang Specialist Hospital,Johor
way/680807429,Meridian Park,Park / Green Space,leisure=park,1.3959007,103.9077357,9.12,hospital_radius,KPJ Pasir Gudang Specialist Hospital,Johor
way/686649304,Kensington Sq Recreation Area,Park / Green Space,leisure=park,1.3454458,103.8826373,14.7,hospital_radius,KPJ Pasir Gudang Specialist Hospital,Johor
way/686649305,Kensington Sq Walkway,Park / Green Space,leisure=park,1.3455946,103.8824241,14.69,hospital_radius,KPJ Pasir Gudang Specialist Hospital,Johor
way/688890778,Vintage cameras museum,Museum,tourism=museum,1.3036785,103.8590837,19.7,hospital_radius,KPJ Pasir Gudang Specialist Hospital,Johor
way/692845673,Amber Tower,General Attraction,tourism=attraction,1.2978599,103.9057892,19.95,hospital_radius,KPJ Pasir Gudang Specialist Hospital,Johor
way/693944481,Castle Beach,Historic Fort/Castle,historic=castle,1.3063801,103.935896,19.49,hospital_radius,KPJ Pasir Gudang Specialist Hospital,Johor
way/699003467,Sengkang East Sport-In-Precinct,Park / Green Space,leisure=park,1.3880512,103.9088667,10.0,hospital_radius,KPJ Pasir Gudang Specialist Hospital,Johor
way/699004085,Compassvale Walk Park,Park / Green Space,leisure=park,1.3888301,103.9001171,9.82,hospital_radius,KPJ Pasir Gudang Specialist Hospital,Johor
way/718039216,Serangoon Park Connector,Other (park_connector),leisure=park_connector,1.3789423,103.896998,10.91,hospital_radius,KPJ Pasir Gudang Specialist Hospital,Johor
way/720156421,Hedge Maze,General Attraction,tourism=attraction,1.360113,103.9904802,16.73,hospital_radius,KPJ Pasir Gudang Specialist Hospital,Johor
way/733498704,Siglap Park Connector,Other (park_connector),leisure=park_connector,1.3220313,103.9126575,17.34,hospital_radius,KPJ Pasir Gudang Specialist Hospital,Johor
way/733515171,Hooper Road Playground,Park / Green Space,leisure=park,1.3122582,103.8431053,19.23,hospital_radius,KPJ Pasir Gudang Specialist Hospital,Johor
way/739106887,City Green,Park / Green Space,leisure=park,1.3119593,103.8560951,18.88,hospital_radius,KPJ Pasir Gudang Specialist Hospital,Johor
way/741592113,Geylang East Park,Park / Green Space,leisure=park,1.3217565,103.88767,17.29,hospital_radius,KPJ Pasir Gudang Specialist Hospital,Johor
way/744513535,Changi Experience Studio,General Attraction,tourism=attraction,1.3601403,103.9893211,16.64,hospital_radius,KPJ Pasir Gudang Specialist Hospital,Johor
way/762877289,Mar Thoma Road Park,Park / Green Space,leisure=park,1.3274648,103.8620787,17.05,hospital_radius,KPJ Pasir Gudang Specialist Hospital,Johor
way/776915900,Wilkinson Interim Park,Park / Green Space,leisure=park,1.3018346,103.8870492,19.5,hospital_radius,KPJ Pasir Gudang Specialist Hospital,Johor
way/779468698,Taman Permainan,Park / Green Space,leisure=park,1.4961286,103.9237165,3.76,hospital_radius,KPJ Pasir Gudang Specialist Hospital,Johor
way/788719675,Sennett Avenue Linear Park,Park / Green Space,leisure=park,1.3182913,103.9359607,18.21,hospital_radius,KPJ Pasir Gudang Specialist Hospital,Johor
way/790236680,Siglap Park Connector,Other (park_connector),leisure=park_connector,1.3348727,103.9237303,16.11,hospital_radius,KPJ Pasir Gudang Specialist Hospital,Johor
way/790236681,Siglap Park Connector,Other (park_connector),leisure=park_connector,1.3343958,103.9189959,16.07,hospital_radius,KPJ Pasir Gudang Specialist Hospital,Johor
way/790240151,Siglap Park Connector,Other (park_connector),leisure=park_connector,1.3344918,103.918774,16.05,hospital_radius,KPJ Pasir Gudang Specialist Hospital,Johor
way/806331544,Siglap Park Connector,Other (park_connector),leisure=park_connector,1.3334406,103.9186802,16.17,hospital_radius,KPJ Pasir Gudang Specialist Hospital,Johor
way/810603397,Marine Parade Road Park,Park / Green Space,leisure=park,1.3056858,103.9091851,19.11,hospital_radius,KPJ Pasir Gudang Specialist Hospital,Johor
way/815857721,Simei Neighbourhood Park,Park / Green Space,leisure=park,1.3458673,103.9533024,15.92,hospital_radius,KPJ Pasir Gudang Specialist Hospital,Johor
way/835178330,Changi Heights Playground,Park / Green Space,leisure=park,1.3628426,103.972156,15.27,hospital_radius,KPJ Pasir Gudang Specialist Hospital,Johor
way/838602106,MacPherson Linear Park,Park / Green Space,leisure=park,1.3330465,103.8817278,16.09,hospital_radius,KPJ Pasir Gudang Specialist Hospital,Johor
way/849842118,Pasir Ris Park Connector,Other (park_connector),leisure=park_connector,1.3750352,103.9536863,13.04,hospital_radius,KPJ Pasir Gudang Specialist Hospital,Johor
way/880461559,Sungei Serangoon Park Connector,Other (park_connector),leisure=park_connector,1.3811588,103.9039694,10.7,hospital_radius,KPJ Pasir Gudang Specialist Hospital,Johor
way/881848421,Sims Avenue Park Connector,Other (park_connector),leisure=park_connector,1.3190078,103.898297,17.57,hospital_radius,KPJ Pasir Gudang Specialist Hospital,Johor
way/881848422,Sims Avenue Park Connector,Other (park_connector),leisure=park_connector,1.3186505,103.8965321,17.61,hospital_radius,KPJ Pasir Gudang Specialist Hospital,Johor
way/882299885,Serangoon Park Connector,Other (park_connector),leisure=park_connector,1.3781434,103.8967722,11.0,hospital_radius,KPJ Pasir Gudang Specialist Hospital,Johor
way/886599325,Siglap Park Connector,Other (park_connector),leisure=park_connector,1.3342868,103.9192439,16.08,hospital_radius,KPJ Pasir Gudang Specialist Hospital,Johor
way/886599326,Siglap Park Connector,Other (park_connector),leisure=park_connector,1.3343445,103.9207308,16.11,hospital_radius,KPJ Pasir Gudang Specialist Hospital,Johor
way/886599327,Siglap Park Connector,Other (park_connector),leisure=park_connector,1.3345952,103.9222132,16.11,hospital_radius,KPJ Pasir Gudang Specialist Hospital,Johor
way/888553590,Kew Drive Playground,Park / Green Space,leisure=park,1.3208042,103.9518087,18.45,hospital_radius,KPJ Pasir Gudang Specialist Hospital,Johor
way/889445443,Changi Point Park Connector,Other (park_connector),leisure=park_connector,1.3889788,103.9779827,13.39,hospital_radius,KPJ Pasir Gudang Specialist Hospital,Johor
way/891000444,Bedok Park Connector,Other (park_connector),leisure=park_connector,1.3250018,103.9557387,18.17,hospital_radius,KPJ Pasir Gudang Specialist Hospital,Johor
way/893274028,Pasir Ris Park Connector,Other (park_connector),leisure=park_connector,1.3710781,103.964516,14.04,hospital_radius,KPJ Pasir Gudang Specialist Hospital,Johor
way/894148553,Loyang Park Connector,Other (park_connector),leisure=park_connector,1.364443,103.9651042,14.7,hospital_radius,KPJ Pasir Gudang Specialist Hospital,Johor
way/894148554,Loyang Park Connector,Other (park_connector),leisure=park_connector,1.3621445,103.9628496,14.79,hospital_radius,KPJ Pasir Gudang Specialist Hospital,Johor
way/894179720,Loyang Park Connector,Other (park_connector),leisure=park_connector,1.3754381,103.9737348,14.24,hospital_radius,KPJ Pasir Gudang Specialist Hospital,Johor
way/894446452,Loyang Park Connector,Other (park_connector),leisure=park_connector,1.3749014,103.9743534,14.33,hospital_radius,KPJ Pasir Gudang Specialist Hospital,Johor
way/894447491,Simei Park Connector,Other (park_connector),leisure=park_connector,1.3324213,103.9549802,17.37,hospital_radius,KPJ Pasir Gudang Specialist Hospital,Johor
way/894447497,Simei Park Connector,Other (park_connector),leisure=park_connector,1.332934,103.9551982,17.33,hospital_radius,KPJ Pasir Gudang Specialist Hospital,Johor
way/894472623,Loyang Park Connector,Other (park_connector),leisure=park_connector,1.354947,103.9604786,15.36,hospital_radius,KPJ Pasir Gudang Specialist Hospital,Johor
way/894472624,Loyang Park Connector,Other (park_connector),leisure=park_connector,1.3562275,103.9599391,15.21,hospital_radius,KPJ Pasir Gudang Specialist Hospital,Johor
way/894499384,Pasir Ris Park Connector,Other (park_connector),leisure=park_connector,1.3679391,103.9651339,14.37,hospital_radius,KPJ Pasir Gudang Specialist Hospital,Johor
way/894783497,Loyang Park Connector,Other (park_connector),leisure=park_connector,1.3756839,103.9673939,13.8,hospital_radius,KPJ Pasir Gudang Specialist Hospital,Johor
way/894814280,Loyang Park Connector,Other (park_connector),leisure=park_connector,1.3754874,103.966088,13.73,hospital_radius,KPJ Pasir Gudang Specialist Hospital,Johor
way/895402187,Loyang Park Connector,Other (park_connector),leisure=park_connector,1.3569014,103.959276,15.11,hospital_radius,KPJ Pasir Gudang Specialist Hospital,Johor
way/895402634,Loyang Park Connector,Other (park_connector),leisure=park_connector,1.3589406,103.9594956,14.92,hospital_radius,KPJ Pasir Gudang Specialist Hospital,Johor
way/897364615,Siglap Park Connector,Other (park_connector),leisure=park_connector,1.3040274,103.918655,19.4,hospital_radius,KPJ Pasir Gudang Specialist Hospital,Johor
way/897364616,Siglap Park Connector,Other (park_connector),leisure=park_connector,1.3028697,103.9188126,19.53,hospital_radius,KPJ Pasir Gudang Specialist Hospital,Johor
way/912423174,Kallang Park Connector,Park / Green Space,leisure=park,1.3214937,103.8662262,17.6,hospital_radius,KPJ Pasir Gudang Specialist Hospital,Johor
way/934999020,Nature Playgarden,Park / Green Space,leisure=park,1.2972887,103.9000909,19.99,hospital_radius,KPJ Pasir Gudang Specialist Hospital,Johor
way/935008423,Dog Run,Other (dog_park),leisure=dog_park,1.299213,103.9077731,19.82,hospital_radius,KPJ Pasir Gudang Specialist Hospital,Johor
way/959819312,Kallang Park Connector,Park / Green Space,leisure=park,1.3209145,103.8674263,17.64,hospital_radius,KPJ Pasir Gudang Specialist Hospital,Johor
way/1021316396,Haw Par Beach Villa,General Attraction,tourism=attraction,1.4107902,103.9229648,7.96,hospital_radius,KPJ Pasir Gudang Specialist Hospital,Johor
way/1041878781,Simei Park Connector,Other (park_connector),leisure=park_connector,1.3337244,103.9561902,17.29,hospital_radius,KPJ Pasir Gudang Specialist Hospital,Johor
way/1042664240,Punggol Promenade Riverside Walk,Other (park_connector),leisure=park_connector,1.3974257,103.9215749,9.3,hospital_radius,KPJ Pasir Gudang Specialist Hospital,Johor
way/1042664248,Pasir Ris Park Connector,Other (park_connector),leisure=park_connector,1.3752078,103.9551656,13.1,hospital_radius,KPJ Pasir Gudang Specialist Hospital,Johor
way/1042664251,Changi Bay Park Connector,Other (park_connector),leisure=park_connector,1.3709475,104.0047024,16.9,hospital_radius,KPJ Pasir Gudang Specialist Hospital,Johor
way/1042664255,Coastal Park Connector,Other (park_connector),leisure=park_connector,1.3175163,103.9774993,19.93,hospital_radius,KPJ Pasir Gudang Specialist Hospital,Johor
way/1066850126,Bedok Park Connector,Other (park_connector),leisure=park_connector,1.32112,103.9577738,18.65,hospital_radius,KPJ Pasir Gudang Specialist Hospital,Johor
way/1066850127,Bedok Park Connector,Other (park_connector),leisure=park_connector,1.3234723,103.9575653,18.4,hospital_radius,KPJ Pasir Gudang Specialist Hospital,Johor
way/1085017007,Tampines Park Connector,Other (park_connector),leisure=park_connector,1.3700554,103.9538477,13.53,hospital_radius,KPJ Pasir Gudang Specialist Hospital,Johor
way/1098237626,Common Green,Park / Green Space,leisure=park,1.404297,103.9131959,8.32,hospital_radius,KPJ Pasir Gudang Specialist Hospital,Johor
way/1098306395,Common Green,Park / Green Space,leisure=park,1.4010405,103.9119998,8.64,hospital_radius,KPJ Pasir Gudang Specialist Hospital,Johor
way/1098525666,Common Green,Park / Green Space,leisure=park,1.4009251,103.9062729,8.54,hospital_radius,KPJ Pasir Gudang Specialist Hospital,Johor
way/1099318805,Common Green,Park / Green Space,leisure=park,1.4011311,103.9182602,8.8,hospital_radius,KPJ Pasir Gudang Specialist Hospital,Johor
way/1099330660,Common Green,Park / Green Space,leisure=park,1.3971054,103.9211114,9.32,hospital_radius,KPJ Pasir Gudang Specialist Hospital,Johor
way/1099330661,Common Green,Park / Green Space,leisure=park,1.3979289,103.9221547,9.27,hospital_radius,KPJ Pasir Gudang Specialist Hospital,Johor
way/1099331998,My Waterway@Punggol,Park / Green Space,leisure=park,1.4027689,103.9156455,8.55,hospital_radius,KPJ Pasir Gudang Specialist Hospital,Johor
way/1099370365,Common Green,Park / Green Space,leisure=park,1.3979045,103.9051123,8.86,hospital_radius,KPJ Pasir Gudang Specialist Hospital,Johor
way/1108602392,Sims Avenue Park Connector,Other (park_connector),leisure=park_connector,1.318909,103.9026104,17.6,hospital_radius,KPJ Pasir Gudang Specialist Hospital,Johor
way/1108602395,Sims Avenue Park Connector,Other (park_connector),leisure=park_connector,1.3188546,103.9002123,17.59,hospital_radius,KPJ Pasir Gudang Specialist Hospital,Johor
way/1115744170,Punggol Promenade Riverside Walk,Other (park_connector),leisure=park_connector,1.3978529,103.9219774,9.27,hospital_radius,KPJ Pasir Gudang Specialist Hospital,Johor
way/1115744175,Punggol Promenade Nature Walk,Other (park_connector),leisure=park_connector,1.4086814,103.9169418,7.95,hospital_radius,KPJ Pasir Gudang Specialist Hospital,Johor
way/1123071991,Realty Park Playground,Park / Green Space,leisure=park,1.3677365,103.8889498,12.18,hospital_radius,KPJ Pasir Gudang Specialist Hospital,Johor
way/1123977017,Koon Seng Park,Park / Green Space,leisure=park,1.3110766,103.9028119,18.47,hospital_radius,KPJ Pasir Gudang Specialist Hospital,Johor
way/1123977022,Dog Run,Other (dog_park),leisure=dog_park,1.3109946,103.9029738,18.48,hospital_radius,KPJ Pasir Gudang Specialist Hospital,Johor
way/1125240852,Bidadari Greenway,Park / Green Space,leisure=park,1.3429491,103.8775737,15.05,hospital_radius,KPJ Pasir Gudang Specialist Hospital,Johor
way/1131625194,Carpmael Park,Park / Green Space,leisure=park,1.3115029,103.8989506,18.41,hospital_radius,KPJ Pasir Gudang Specialist Hospital,Johor
way/1149726137,Loyang Park Connector,Other (park_connector),leisure=park_connector,1.3701211,103.9705714,14.51,hospital_radius,KPJ Pasir Gudang Specialist Hospital,Johor
way/1149726138,Loyang Park Connector,Other (park_connector),leisure=park_connector,1.3655349,103.965998,14.65,hospital_radius,KPJ Pasir Gudang Specialist Hospital,Johor
way/1151987303,Common Green,Park / Green Space,leisure=park,1.3861053,103.9112472,10.25,hospital_radius,KPJ Pasir Gudang Specialist Hospital,Johor
way/1162445400,The Central Greenway,Park / Green Space,leisure=park,1.3738733,103.9491675,12.91,hospital_radius,KPJ Pasir Gudang Specialist Hospital,Johor
way/1173883675,Tampines Park Connector,Park / Green Space,leisure=park,1.3628749,103.948791,13.99,hospital_radius,KPJ Pasir Gudang Specialist Hospital,Johor
way/1175310279,Lorong Ong Lye Park,Park / Green Space,leisure=park,1.3477622,103.8788009,14.5,hospital_radius,KPJ Pasir Gudang Specialist Hospital,Johor
way/1179688457,Sungei Serangoon Park Connector,Park / Green Space,leisure=park,1.3858941,103.9107787,10.27,hospital_radius,KPJ Pasir Gudang Specialist Hospital,Johor
way/1184946724,Boundary Park,Park / Green Space,leisure=park,1.3540377,103.874787,13.87,hospital_radius,KPJ Pasir Gudang Specialist Hospital,Johor
way/1185239100,Aqua Adventure,Other (water_park),leisure=water_park,1.3419979,103.9195429,15.24,hospital_radius,KPJ Pasir Gudang Specialist Hospital,Johor
way/1202580754,Bike Maze,Park / Green Space,leisure=park,1.3512218,103.9470277,15.1,hospital_radius,KPJ Pasir Gudang Specialist Hospital,Johor
way/1232950362,Pek Kio Park,Park / Green Space,leisure=park,1.3163459,103.8494309,18.6,hospital_radius,KPJ Pasir Gudang Specialist Hospital,Johor
way/1245555285,Situational Test Site Campground,Camp Site,tourism=camp_site,1.3933656,104.0419844,18.72,hospital_radius,KPJ Pasir Gudang Specialist Hospital,Johor
way/1245957546,Ladang Park,Park / Green Space,leisure=park,1.4069814,104.0289047,16.72,hospital_radius,KPJ Pasir Gudang Specialist Hospital,Johor
way/1321546697,Whampoa Pet Park,Other (dog_park),leisure=dog_park,1.325243,103.8565609,17.43,hospital_radius,KPJ Pasir Gudang Specialist Hospital,Johor
way/1364763896,Siglap Park Connector,Park / Green Space,leisure=park,1.3096916,103.9171457,18.76,hospital_radius,KPJ Pasir Gudang Specialist Hospital,Johor
way/1382813125,Siglap Park Connector,Other (park_connector),leisure=park_connector,1.323251,103.9123526,17.2,hospital_radius,KPJ Pasir Gudang Specialist Hospital,Johor
way/1382813130,Sims Avenue Park Connector,Other (park_connector),leisure=park_connector,1.3207711,103.9124765,17.47,hospital_radius,KPJ Pasir Gudang Specialist Hospital,Johor
way/1391125005,Loyang Park Connector,Other (park_connector),leisure=park_connector,1.3751115,103.9645355,13.67,hospital_radius,KPJ Pasir Gudang Specialist Hospital,Johor
way/1391125013,Loyang Park Connector,Other (park_connector),leisure=park_connector,1.3759752,103.9654137,13.64,hospital_radius,KPJ Pasir Gudang Specialist Hospital,Johor
way/1431688413,LORONG N,Public Art,tourism=artwork,1.3101284,103.9129102,18.66,hospital_radius,KPJ Pasir Gudang Specialist Hospital,Johor
way/1435654034,How Sun Linear Park,Park / Green Space,leisure=park,1.345257,103.8773272,14.8,hospital_radius,KPJ Pasir Gudang Specialist Hospital,Johor
way/1435888053,Upper Serangoon Park,Park / Green Space,leisure=park,1.3516388,103.8752049,14.13,hospital_radius,KPJ Pasir Gudang Specialist Hospital,Johor
way/1465120877,Sims Avenue Park Connector,Other (park_connector),leisure=park_connector,1.319449,103.9050175,17.55,hospital_radius,KPJ Pasir Gudang Specialist Hospital,Johor
way/1465120891,Siglap Park Connector,Other (park_connector),leisure=park_connector,1.3354522,103.9251312,16.08,hospital_radius,KPJ Pasir Gudang Specialist Hospital,Johor
way/1465221103,Serangoon Park Connector,Other (park_connector),leisure=park_connector,1.3784196,103.8969147,10.97,hospital_radius,KPJ Pasir Gudang Specialist Hospital,Johor
way/1465221104,Serangoon Park Connector,Other (park_connector),leisure=park_connector,1.3782299,103.8966316,10.99,hospital_radius,KPJ Pasir Gudang Specialist Hospital,Johor
way/1484485238,Pasir Ris Park Connector,Other (park_connector),leisure=park_connector,1.3756816,103.9576578,13.2,hospital_radius,KPJ Pasir Gudang Specialist Hospital,Johor
way/1484485239,Pasir Ris Park Connector,Other (park_connector),leisure=park_connector,1.3756772,103.9590775,13.28,hospital_radius,KPJ Pasir Gudang Specialist Hospital,Johor
way/1484485243,Pasir Ris Park Connector,Other (park_connector),leisure=park_connector,1.3754655,103.9561793,13.14,hospital_radius,KPJ Pasir Gudang Specialist Hospital,Johor
way/1495643298,Loyang Park Connector,Other (park_connector),leisure=park_connector,1.3776301,103.9716733,13.9,hospital_radius,KPJ Pasir Gudang Specialist Hospital,Johor
way/1501063359,Tampines Park Connector,Other (park_connector),leisure=park_connector,1.3602176,103.9442874,14.06,hospital_radius,KPJ Pasir Gudang Specialist Hospital,Johor
way/1505073167,Dog Run,Other (dog_park),leisure=dog_park,1.3015961,103.8871623,19.53,hospital_radius,KPJ Pasir Gudang Specialist Hospital,Johor
way/1524811912,Changi Coastal Park Connector Extension,Other (park_connector),leisure=park_connector,1.3207097,103.9799882,19.74,hospital_radius,KPJ Pasir Gudang Specialist Hospital,Johor
way/1526025949,Changi Point Park Connector,Other (park_connector),leisure=park_connector,1.3898047,103.9789192,13.4,hospital_radius,KPJ Pasir Gudang Specialist Hospital,Johor
way/1528122937,Sims Avenue Park Connector,Other (park_connector),leisure=park_connector,1.3207577,103.9127818,17.48,hospital_radius,KPJ Pasir Gudang Specialist Hospital,Johor
way/1528122939,Siglap Park Connector,Other (park_connector),leisure=park_connector,1.3211587,103.9136907,17.45,hospital_radius,KPJ Pasir Gudang Specialist Hospital,Johor
way/1528122940,Siglap Park Connector,Other (park_connector),leisure=park_connector,1.3209414,103.9137008,17.47,hospital_radius,KPJ Pasir Gudang Specialist Hospital,Johor
way/1530996096,Sims Avenue Park Connector,Other (park_connector),leisure=park_connector,1.3181777,103.8941874,17.66,hospital_radius,KPJ Pasir Gudang Specialist Hospital,Johor
way/1532916740,Bedok Park Connector,Other (park_connector),leisure=park_connector,1.330064,103.9521538,17.5,hospital_radius,KPJ Pasir Gudang Specialist Hospital,Johor
way/1532916741,Bedok Park Connector,Other (park_connector),leisure=park_connector,1.3302113,103.9520457,17.48,hospital_radius,KPJ Pasir Gudang Specialist Hospital,Johor
way/1532916743,Bedok Park Connector,Other (park_connector),leisure=park_connector,1.3232503,103.9578422,18.44,hospital_radius,KPJ Pasir Gudang Specialist Hospital,Johor
way/1532916744,Bedok Park Connector,Other (park_connector),leisure=park_connector,1.3233258,103.9584195,18.45,hospital_radius,KPJ Pasir Gudang Specialist Hospital,Johor
way/1532916746,Bedok Park Connector,Other (park_connector),leisure=park_connector,1.3285505,103.9525719,17.68,hospital_radius,KPJ Pasir Gudang Specialist Hospital,Johor
way/1532916749,Bedok Park Connector,Other (park_connector),leisure=park_connector,1.3320524,103.9508059,17.24,hospital_radius,KPJ Pasir Gudang Specialist Hospital,Johor
way/1532916750,Bedok Park Connector,Other (park_connector),leisure=park_connector,1.3338502,103.9496095,17.01,hospital_radius,KPJ Pasir Gudang Specialist Hospital,Johor
way/1532916751,Bedok Park Connector,Other (park_connector),leisure=park_connector,1.3359346,103.9422033,16.52,hospital_radius,KPJ Pasir Gudang Specialist Hospital,Johor
way/1532916752,Bedok Park Connector,Other (park_connector),leisure=park_connector,1.3357549,103.9436671,16.59,hospital_radius,KPJ Pasir Gudang Specialist Hospital,Johor
way/1532917245,Bedok Park Connector,Other (park_connector),leisure=park_connector,1.3337759,103.9496453,17.02,hospital_radius,KPJ Pasir Gudang Specialist Hospital,Johor
way/1532917246,Bedok Park Connector,Other (park_connector),leisure=park_connector,1.3335986,103.9492774,17.02,hospital_radius,KPJ Pasir Gudang Specialist Hospital,Johor
way/1533037117,Pasir Ris Park Connector,Other (park_connector),leisure=park_connector,1.3754809,103.9601776,13.37,hospital_radius,KPJ Pasir Gudang Specialist Hospital,Johor
way/1533037118,Pasir Ris Park Connector,Other (park_connector),leisure=park_connector,1.3752716,103.9613361,13.46,hospital_radius,KPJ Pasir Gudang Specialist Hospital,Johor
way/1533037121,Pasir Ris Park Connector,Other (park_connector),leisure=park_connector,1.3747518,103.9626699,13.59,hospital_radius,KPJ Pasir Gudang Specialist Hospital,Johor
way/1533037122,Pasir Ris Park Connector,Other (park_connector),leisure=park_connector,1.3741051,103.9638117,13.72,hospital_radius,KPJ Pasir Gudang Specialist Hospital,Johor
way/1533037123,Pasir Ris Park Connector,Other (park_connector),leisure=park_connector,1.3670014,103.9659702,14.51,hospital_radius,KPJ Pasir Gudang Specialist Hospital,Johor
way/1533168949,Sims Avenue Park Connector,Other (park_connector),leisure=park_connector,1.3208098,103.9121676,17.47,hospital_radius,KPJ Pasir Gudang Specialist Hospital,Johor
way/1533168950,Siglap Park Connector,Other (park_connector),leisure=park_connector,1.31922,103.9133073,17.65,hospital_radius,KPJ Pasir Gudang Specialist Hospital,Johor
way/1533168960,Play Corridor Park Connector,Other (park_footway),leisure=park_footway,1.3340262,103.9257514,16.25,hospital_radius,KPJ Pasir Gudang Specialist Hospital,Johor
way/1533168964,Changi Bay Park Connector,Other (park_connector),leisure=park_connector,1.3730457,104.0047454,16.74,hospital_radius,KPJ Pasir Gudang Specialist Hospital,Johor
way/1533175898,Simei Park Connector,Other (park_connector),leisure=park_connector,1.330213,103.9522876,17.49,hospital_radius,KPJ Pasir Gudang Specialist Hospital,Johor
way/1533175899,Simei Park Connector,Other (park_connector),leisure=park_connector,1.3303069,103.9525083,17.49,hospital_radius,KPJ Pasir Gudang Specialist Hospital,Johor
way/1533180933,Simei Park Connector,Other (park_connector),leisure=park_connector,1.3320173,103.9547225,17.4,hospital_radius,KPJ Pasir Gudang Specialist Hospital,Johor
way/1533180934,Simei Park Connector,Other (park_connector),leisure=park_connector,1.3319144,103.9545944,17.41,hospital_radius,KPJ Pasir Gudang Specialist Hospital,Johor
way/1535478815,Coastal Park Connector,Other (park_connector),leisure=park_connector,1.3610602,104.0258896,19.38,hospital_radius,KPJ Pasir Gudang Specialist Hospital,Johor
way/1535478816,Coastal Park Connector,Other (park_connector),leisure=park_connector,1.3608854,104.0263219,19.42,hospital_radius,KPJ Pasir Gudang Specialist Hospital,Johor
way/1536843586,Changi Point Park Connector,Other (park_connector),leisure=park_connector,1.3904595,103.9868209,13.97,hospital_radius,KPJ Pasir Gudang Specialist Hospital,Johor
way/1542913784,Tampines Park Connector,Other (park_connector),leisure=park_connector,1.3749109,103.9525368,12.99,hospital_radius,KPJ Pasir Gudang Specialist Hospital,Johor
way/1545396677,Tampines Park Connector,Other (park_connector),leisure=park_connector,1.3651064,103.9539728,14.02,hospital_radius,KPJ Pasir Gudang Specialist Hospital,Johor
way/1545396678,Tampines Park Connector,Other (park_connector),leisure=park_connector,1.3659809,103.9538261,13.93,hospital_radius,KPJ Pasir Gudang Specialist Hospital,Johor
way/1545396679,Tampines Park Connector,Other (park_connector),leisure=park_connector,1.3658003,103.9537975,13.95,hospital_radius,KPJ Pasir Gudang Specialist Hospital,Johor
way/1550171641,Bedok Park Connector,Other (park_connector),leisure=park_connector,1.3395603,103.9352243,15.9,hospital_radius,KPJ Pasir Gudang Specialist Hospital,Johor
way/1550171642,Bedok Park Connector,Other (park_connector),leisure=park_connector,1.3395349,103.9350409,15.9,hospital_radius,KPJ Pasir Gudang Specialist Hospital,Johor
way/1550171643,Bedok Park Connector,Other (park_connector),leisure=park_connector,1.3397472,103.9346371,15.86,hospital_radius,KPJ Pasir Gudang Specialist Hospital,Johor
way/1550171645,Bedok Park Connector,Other (park_connector),leisure=park_connector,1.339712,103.9357184,15.9,hospital_radius,KPJ Pasir Gudang Specialist Hospital,Johor
way/1550171646,Bedok Park Connector,Other (park_connector),leisure=park_connector,1.3398135,103.9357767,15.89,hospital_radius,KPJ Pasir Gudang Specialist Hospital,Johor
way/1550173256,Bedok Park Connector,Other (park_connector),leisure=park_connector,1.3369618,103.9373458,16.24,hospital_radius,KPJ Pasir Gudang Specialist Hospital,Johor
way/1550173257,Bedok Park Connector,Other (park_connector),leisure=park_connector,1.3360956,103.9393325,16.4,hospital_radius,KPJ Pasir Gudang Specialist Hospital,Johor
way/1550173258,Bedok Park Connector,Other (park_connector),leisure=park_connector,1.3372921,103.9375361,16.22,hospital_radius,KPJ Pasir Gudang Specialist Hospital,Johor
way/1550173259,Bedok Park Connector,Other (park_connector),leisure=park_connector,1.3384665,103.9368589,16.07,hospital_radius,KPJ Pasir Gudang Specialist Hospital,Johor
way/1550173260,Bedok Park Connector,Other (park_connector),leisure=park_connector,1.3369679,103.9384959,16.28,hospital_radius,KPJ Pasir Gudang Specialist Hospital,Johor
way/1550298691,Simei Park Connector,Other (park_connector),leisure=park_connector,1.3353974,103.9568082,17.15,hospital_radius,KPJ Pasir Gudang Specialist Hospital,Johor
way/1550298692,Simei Park Connector,Other (park_connector),leisure=park_connector,1.336721,103.9568095,17.01,hospital_radius,KPJ Pasir Gudang Specialist Hospital,Johor
way/1550298693,Simei Park Connector,Other (park_connector),leisure=park_connector,1.3369585,103.9565645,16.98,hospital_radius,KPJ Pasir Gudang Specialist Hospital,Johor
way/1550298695,Simei Park Connector,Other (park_connector),leisure=park_connector,1.3379565,103.9562229,16.86,hospital_radius,KPJ Pasir Gudang Specialist Hospital,Johor
way/1551040571,Loyang Park Connector,Other (park_connector),leisure=park_connector,1.3575004,103.9587116,15.02,hospital_radius,KPJ Pasir Gudang Specialist Hospital,Johor
way/1551040572,Loyang Park Connector,Other (park_connector),leisure=park_connector,1.3576807,103.9585819,14.99,hospital_radius,KPJ Pasir Gudang Specialist Hospital,Johor
way/1551040578,Loyang Park Connector,Other (park_connector),leisure=park_connector,1.3600729,103.9605467,14.86,hospital_radius,KPJ Pasir Gudang Specialist Hospital,Johor
way/1551040579,Loyang Park Connector,Other (park_connector),leisure=park_connector,1.3600757,103.9606112,14.87,hospital_radius,KPJ Pasir Gudang Specialist Hospital,Johor
way/1551040580,Loyang Park Connector,Other (park_connector),leisure=park_connector,1.3601505,103.9607889,14.87,hospital_radius,KPJ Pasir Gudang Specialist Hospital,Johor
node/3611028575,Bukit Degong,Mountain / Peak,natural=peak,5.260482,100.5153879,15.05,hospital_radius,KPJ Penang Specialist Hospital,Penang
node/3611028576,Bukit Chempedak,Mountain / Peak,natural=peak,5.2517803,100.5372516,17.33,hospital_radius,KPJ Penang Specialist Hospital,Penang
node/3611028577,Bukit Lima Kongsi,Mountain / Peak,natural=peak,5.2433035,100.5221197,17.04,hospital_radius,KPJ Penang Specialist Hospital,Penang
node/3611028578,Bukit Tangga Batu,Mountain / Peak,natural=peak,5.2289341,100.5131235,17.87,hospital_radius,KPJ Penang Specialist Hospital,Penang
node/3611028581,Bukit Changkat Kledang,Mountain / Peak,natural=peak,5.2033611,100.4687952,18.82,hospital_radius,KPJ Penang Specialist Hospital,Penang
node/4993985904,Bukit Jelutong,Mountain / Peak,natural=peak,5.4072763,100.5719375,15.82,hospital_radius,KPJ Penang Specialist Hospital,Penang
node/7020337948,Bukit Besar,Mountain / Peak,natural=peak,5.3335734,100.5626031,14.75,hospital_radius,KPJ Penang Specialist Hospital,Penang
node/11415241370,Infineon Technologies (Kulim) Sdn. Bhd.,General Attraction,tourism=attraction,5.3995989,100.5906482,17.64,hospital_radius,KPJ Penang Specialist Hospital,Penang
node/13179937101,KM2,General Attraction,tourism=attraction,5.4247188,100.5882319,18.13,hospital_radius,KPJ Penang Specialist Hospital,Penang
node/13311030111,Bukit Valdor,Mountain / Peak,natural=peak,5.2382353,100.520661,17.42,hospital_radius,KPJ Penang Specialist Hospital,Penang
node/13311034649,Bukit Sungai Baong,Mountain / Peak,natural=peak,5.2341267,100.5230535,17.94,hospital_radius,KPJ Penang Specialist Hospital,Penang
node/13316612015,Bukit Kristal,Mountain / Peak,natural=peak,5.2643548,100.519491,14.99,hospital_radius,KPJ Penang Specialist Hospital,Penang
node/13316617925,Bukit Badak Mati,Mountain / Peak,natural=peak,5.2343735,100.5170613,17.56,hospital_radius,KPJ Penang Specialist Hospital,Penang
node/13316618035,Bukit Wellesley,Mountain / Peak,natural=peak,5.2420072,100.5267273,17.45,hospital_radius,KPJ Penang Specialist Hospital,Penang
node/13316629564,Bukit Dua Kongsi,Mountain / Peak,natural=peak,5.2523469,100.5190567,16.02,hospital_radius,KPJ Penang Specialist Hospital,Penang
way/616069855,Sungei Parit Bunian Park,Park / Green Space,leisure=park,5.4267558,100.5956896,18.98,hospital_radius,KPJ Penang Specialist Hospital,Penang
way/755170280,Taman Rekreasi Kampung Valdor,Park / Green Space,leisure=park,5.2391274,100.4929404,15.85,hospital_radius,KPJ Penang Specialist Hospital,Penang
way/1027699755,Taman Mahsuri,Park / Green Space,leisure=park,5.5123261,100.5401181,19.77,hospital_radius,KPJ Penang Specialist Hospital,Penang
node/1184975272,Muzium Kucing,Museum,tourism=museum,1.5866837,110.3340284,9.65,hospital_radius,Kuching Specialist Hospital,Sarawak
node/2404332056,Bumbu Cooking Class,General Attraction,tourism=attraction,1.5580921,110.3467287,6.18,hospital_radius,Kuching Specialist Hospital,Sarawak
node/2404396149,Cat Statue,Public Art,tourism=artwork,1.556296,110.3544222,5.74,hospital_radius,Kuching Specialist Hospital,Sarawak
node/2415167359,Brooke Memorial,Memorial,historic=memorial,1.5599728,110.3451741,6.44,hospital_radius,Kuching Specialist Hospital,Sarawak
node/2749205371,Heroes' Monument,Monument,historic=monument,1.553396,110.3442707,5.8,hospital_radius,Kuching Specialist Hospital,Sarawak
node/2749216785,Square Tower,Historic Ruins,historic=ruins,1.5602651,110.3455639,6.45,hospital_radius,Kuching Specialist Hospital,Sarawak
node/3457467259,Jambatan Sungai Duuh,Monument,historic=monument,1.363662,110.4038584,16.37,hospital_radius,Kuching Specialist Hospital,Sarawak
node/3457467263,Jambatan Sungai Simpang Endap,Monument,historic=monument,1.3738231,110.3871143,14.88,hospital_radius,Kuching Specialist Hospital,Sarawak
node/3573629093,Admiral Zheng-He Statue,Monument,historic=monument,1.5156632,110.3664006,1.08,hospital_radius,Kuching Specialist Hospital,Sarawak
node/3592612107,Cat Statue,Public Art,tourism=artwork,1.5577429,110.3526296,5.95,hospital_radius,Kuching Specialist Hospital,Sarawak
node/3608357127,Band Stand Pavillion,Monument,historic=monument,1.5536759,110.3430645,5.88,hospital_radius,Kuching Specialist Hospital,Sarawak
node/3622853793,Sampan Monument,Monument,historic=monument,1.5661552,110.3857384,7.05,hospital_radius,Kuching Specialist Hospital,Sarawak
node/3670584385,Eight young orang utans in a wheel barrow,Public Art,tourism=artwork,1.5597574,110.3426026,6.52,hospital_radius,Kuching Specialist Hospital,Sarawak
node/3670584386,Orang utan dangling from a pipe,Public Art,tourism=artwork,1.5596639,110.3425985,6.51,hospital_radius,Kuching Specialist Hospital,Sarawak
node/4198286993,Cat artwork,Public Art,tourism=artwork,1.5576969,110.3469189,6.13,hospital_radius,Kuching Specialist Hospital,Sarawak
node/4227733032,Cat Statue,Public Art,tourism=artwork,1.5602301,110.3425438,6.57,hospital_radius,Kuching Specialist Hospital,Sarawak
node/4227733033,Cruise Boat Service,General Attraction,tourism=attraction,1.5594285,110.3467358,6.32,hospital_radius,Kuching Specialist Hospital,Sarawak
node/4332185093,Great Cat of Kuching,Public Art,tourism=artwork,1.5535158,110.3586904,5.35,hospital_radius,Kuching Specialist Hospital,Sarawak
node/4795342621,Borneo Samariang Resort City,Other (water_park),leisure=water_park,1.674714,110.305695,19.93,hospital_radius,Kuching Specialist Hospital,Sarawak
node/4976803723,Orangutan feeding structure,General Attraction,tourism=attraction,1.4019503,110.3147458,12.89,hospital_radius,Kuching Specialist Hospital,Sarawak
node/4976827022,The Borneo House,Museum,tourism=museum,1.470055,110.3278178,5.82,hospital_radius,Kuching Specialist Hospital,Sarawak
node/4984367621,Kuching Waterfront Bazaar,General Attraction,tourism=attraction,1.5597518,110.3459012,6.38,hospital_radius,Kuching Specialist Hospital,Sarawak
node/5149398321,Sunset Point,Viewpoint / Scenic Spot,tourism=viewpoint,1.5604367,110.3416487,6.63,hospital_radius,Kuching Specialist Hospital,Sarawak
node/5168210221,Atelier Sarawak,General Attraction,tourism=attraction,1.5499193,110.3457653,5.38,hospital_radius,Kuching Specialist Hospital,Sarawak
node/5168210321,Kompleks Dewan Suarah Negeri,General Attraction,tourism=attraction,1.5474478,110.3436818,5.24,hospital_radius,Kuching Specialist Hospital,Sarawak
node/5168210322,SUPP Headquarters Kuching,General Attraction,tourism=attraction,1.5484759,110.3491146,5.09,hospital_radius,Kuching Specialist Hospital,Sarawak
node/5168368221,Sunday market (Satok Market),General Attraction,tourism=attraction,1.5548349,110.3222152,7.29,hospital_radius,Kuching Specialist Hospital,Sarawak
node/5247086921,Bomb Shelter,General Attraction,tourism=attraction,1.5494211,110.3471684,5.27,hospital_radius,Kuching Specialist Hospital,Sarawak
node/5508468324,streetart,Public Art,tourism=artwork,1.5595419,110.3427546,6.49,hospital_radius,Kuching Specialist Hospital,Sarawak
node/5511939223,Upside Down House Kuching,General Attraction,tourism=attraction,1.5576762,110.350903,5.99,hospital_radius,Kuching Specialist Hospital,Sarawak
node/5592515921,Upside down house kuching,General Attraction,tourism=attraction,1.5573739,110.3509548,5.96,hospital_radius,Kuching Specialist Hospital,Sarawak
node/5646996121,Pasar Malam Siniawan,General Attraction,tourism=attraction,1.4464226,110.2189762,17.62,hospital_radius,Kuching Specialist Hospital,Sarawak
node/5774746855,Bishop's house,General Attraction,tourism=attraction,1.5567581,110.3465878,6.05,hospital_radius,Kuching Specialist Hospital,Sarawak
node/5774746860,Sarawak arboretum,General Attraction,tourism=attraction,1.3995557,110.3204738,12.86,hospital_radius,Kuching Specialist Hospital,Sarawak
node/6068265385,Bridge Viewpoint,Viewpoint / Scenic Spot,tourism=viewpoint,1.5603027,110.3478203,6.37,hospital_radius,Kuching Specialist Hospital,Sarawak
node/6095001093,Orang Utang Main Feeding Area,General Attraction,tourism=attraction,1.4003767,110.3159074,12.99,hospital_radius,Kuching Specialist Hospital,Sarawak
node/6124670587,carpenter street,Public Art,tourism=artwork,1.5582799,110.3458962,6.23,hospital_radius,Kuching Specialist Hospital,Sarawak
node/6155325386,Nice mural,Public Art,tourism=artwork,1.5548422,110.3568868,5.53,hospital_radius,Kuching Specialist Hospital,Sarawak
node/6453999086,civic center tower,Viewpoint / Scenic Spot,tourism=viewpoint,1.5489526,110.3430336,5.42,hospital_radius,Kuching Specialist Hospital,Sarawak
node/6757718203,Gunung Serambu,Mountain / Peak,natural=peak,1.4201353,110.2246632,18.37,hospital_radius,Kuching Specialist Hospital,Sarawak
node/6811058878,Darul Sri Kenangan Holiday Home,Park / Green Space,leisure=park,1.4387729,110.4507598,12.03,hospital_radius,Kuching Specialist Hospital,Sarawak
node/6874457285,Water and Lightshow,General Attraction,tourism=attraction,1.560971,110.3470282,6.47,hospital_radius,Kuching Specialist Hospital,Sarawak
node/6900765547,Sumiran Eco Camp,Camp Site,tourism=camp_site,1.4811361,110.2809466,9.84,hospital_radius,Kuching Specialist Hospital,Sarawak
node/11233615589,Taman Jubilee Mas,Park / Green Space,leisure=park,1.608116,110.2244446,19.4,hospital_radius,Kuching Specialist Hospital,Sarawak
node/11301292427,D-Virtual Park,Park / Green Space,leisure=park,1.4540902,110.4406251,10.11,hospital_radius,Kuching Specialist Hospital,Sarawak
node/11752128379,Kuching Sign,General Attraction,tourism=attraction,1.5583334,110.3511543,6.05,hospital_radius,Kuching Specialist Hospital,Sarawak
node/11752128597,House painting,Public Art,tourism=artwork,1.5570721,110.3485229,6.01,hospital_radius,Kuching Specialist Hospital,Sarawak
node/11752135101,House painting (Hornbill bird),Public Art,tourism=artwork,1.5577192,110.348254,6.08,hospital_radius,Kuching Specialist Hospital,Sarawak
node/11752135103,House painting (Baby Orang-utan),Public Art,tourism=artwork,1.5571472,110.3477991,6.04,hospital_radius,Kuching Specialist Hospital,Sarawak
node/11752135416,House painting Michael Schuhmacher,Public Art,tourism=artwork,1.5569594,110.3543483,5.82,hospital_radius,Kuching Specialist Hospital,Sarawak
node/11752139828,Mural Art – Trading of Local Products,Public Art,tourism=artwork,1.5579911,110.3469679,6.16,hospital_radius,Kuching Specialist Hospital,Sarawak
node/11977461256,Futsal Field Brigade Sarawak,Park / Green Space,leisure=park,1.5246557,110.2960934,8.04,hospital_radius,Kuching Specialist Hospital,Sarawak
node/11977490854,Ibu Pertiwi (Southeast Asia Tallest Flag Pole),Park / Green Space,leisure=park,1.5601699,110.3487927,6.32,hospital_radius,Kuching Specialist Hospital,Sarawak
node/11989505014,Taman Permainan,Park / Green Space,leisure=park,1.4620866,110.4376039,9.34,hospital_radius,Kuching Specialist Hospital,Sarawak
node/11989582216,Wadah Tautan,Park / Green Space,leisure=park,1.4597634,110.4496169,10.63,hospital_radius,Kuching Specialist Hospital,Sarawak
node/12330655255,Malihah Sentral,General Attraction,tourism=attraction,1.5547748,110.2548398,13.49,hospital_radius,Kuching Specialist Hospital,Sarawak
node/12850502061,Taman Tema Sentosa,Theme Park,tourism=theme_park,1.4634108,110.3370453,5.72,hospital_radius,Kuching Specialist Hospital,Sarawak
node/13289369358,Semenggoh Nature Reserve,Nature Reserve,leisure=nature_reserve,1.4019375,110.3144379,12.9,hospital_radius,Kuching Specialist Hospital,Sarawak
node/13312710908,Gunung Siburan,Mountain / Peak,natural=peak,1.3444038,110.3845021,18.08,hospital_radius,Kuching Specialist Hospital,Sarawak
node/13394373012,刘公善邦神位,Memorial,historic=memorial,1.4490157,110.2068523,18.78,hospital_radius,Kuching Specialist Hospital,Sarawak
node/13406979086,观音娘娘雕像,Public Art,tourism=artwork,1.4460375,110.2175034,17.79,hospital_radius,Kuching Specialist Hospital,Sarawak
node/13535837801,Hokkien Garden,Park / Green Space,leisure=park,1.5512561,110.360663,5.07,hospital_radius,Kuching Specialist Hospital,Sarawak
node/13854914401,Taman Genesis Park,Park / Green Space,leisure=park,1.5182478,110.2476279,13.22,hospital_radius,Kuching Specialist Hospital,Sarawak
node/13889774958,Gunung Bias,Mountain / Peak,natural=peak,1.3276819,110.3565717,19.85,hospital_radius,Kuching Specialist Hospital,Sarawak
node/13889774959,Gunung Jambu,Mountain / Peak,natural=peak,1.3390836,110.3602087,18.56,hospital_radius,Kuching Specialist Hospital,Sarawak
node/13889774960,Gunung Simboh,Mountain / Peak,natural=peak,1.354915,110.3580522,16.82,hospital_radius,Kuching Specialist Hospital,Sarawak
node/13889774961,Gunung Beti,Mountain / Peak,natural=peak,1.3570601,110.353117,16.62,hospital_radius,Kuching Specialist Hospital,Sarawak
node/13889774969,Gunung Bugai,Mountain / Peak,natural=peak,1.3469242,110.3356933,18.0,hospital_radius,Kuching Specialist Hospital,Sarawak
node/13889774970,Gunung Bah,Mountain / Peak,natural=peak,1.3441784,110.3242993,18.57,hospital_radius,Kuching Specialist Hospital,Sarawak
node/13889774972,Bukit Tedu,Mountain / Peak,natural=peak,1.3347503,110.3171003,19.79,hospital_radius,Kuching Specialist Hospital,Sarawak
node/13889774973,Gunung Siden,Mountain / Peak,natural=peak,1.3504477,110.2764326,19.95,hospital_radius,Kuching Specialist Hospital,Sarawak
node/13889778747,Gunung Setaat,Mountain / Peak,natural=peak,1.3994804,110.2524269,17.3,hospital_radius,Kuching Specialist Hospital,Sarawak
node/13889779049,Bukit Sipaya Anyuh,Mountain / Peak,natural=peak,1.3814398,110.3535676,13.91,hospital_radius,Kuching Specialist Hospital,Sarawak
node/13889779050,Bukit Sua,Mountain / Peak,natural=peak,1.3864702,110.3552091,13.34,hospital_radius,Kuching Specialist Hospital,Sarawak
node/13889779909,Bukit Berinis,Mountain / Peak,natural=peak,1.3972924,110.3537178,12.16,hospital_radius,Kuching Specialist Hospital,Sarawak
node/13889779910,Bukit Sidarud,Mountain / Peak,natural=peak,1.3955119,110.3603267,12.29,hospital_radius,Kuching Specialist Hospital,Sarawak
node/13889779911,Bukit Muring,Mountain / Peak,natural=peak,1.3915005,110.4060745,13.49,hospital_radius,Kuching Specialist Hospital,Sarawak
node/13889780375,Bukit Rabang,Mountain / Peak,natural=peak,1.3865453,110.4471981,16.06,hospital_radius,Kuching Specialist Hospital,Sarawak
node/13889780458,Bukit Kuap,Mountain / Peak,natural=peak,1.4095625,110.3590929,10.74,hospital_radius,Kuching Specialist Hospital,Sarawak
node/13889780482,Bukit Setigang,Mountain / Peak,natural=peak,1.4386394,110.3783727,7.61,hospital_radius,Kuching Specialist Hospital,Sarawak
node/13889780821,Bukit Semud,Mountain / Peak,natural=peak,1.3497183,110.3952599,17.67,hospital_radius,Kuching Specialist Hospital,Sarawak
node/13889780822,Bukit Iring,Mountain / Peak,natural=peak,1.3518903,110.3939134,17.41,hospital_radius,Kuching Specialist Hospital,Sarawak
node/13889780827,Bukit Udur,Mountain / Peak,natural=peak,1.3578646,110.3910541,16.7,hospital_radius,Kuching Specialist Hospital,Sarawak
node/13889780828,Bukit Terumat,Mountain / Peak,natural=peak,1.3635707,110.3781581,15.89,hospital_radius,Kuching Specialist Hospital,Sarawak
node/13889780829,Gunung Sibanyis,Mountain / Peak,natural=peak,1.3879718,110.3881788,13.35,hospital_radius,Kuching Specialist Hospital,Sarawak
node/13889780907,Bukit Kakad,Mountain / Peak,natural=peak,1.3807212,110.4032743,14.53,hospital_radius,Kuching Specialist Hospital,Sarawak
node/13889783834,Bukit Taya,Mountain / Peak,natural=peak,1.4872225,110.4358095,8.04,hospital_radius,Kuching Specialist Hospital,Sarawak
node/14093689552,Sarawak Science Centre,General Attraction,tourism=attraction,1.5844567,110.3531383,8.85,hospital_radius,Kuching Specialist Hospital,Sarawak
way/69928034,Jalan India,General Attraction,tourism=attraction,1.5596241,110.3434733,6.47,hospital_radius,Kuching Specialist Hospital,Sarawak
way/102893404,Planetarium Sultan Iskandar,General Attraction,tourism=attraction,1.5479576,110.3447606,5.23,hospital_radius,Kuching Specialist Hospital,Sarawak
way/129018570,Muzium Sarawak,Museum,tourism=museum,1.5548004,110.3434605,5.98,hospital_radius,Kuching Specialist Hospital,Sarawak
way/166371084,Batu Kawa Recreational Park,Park / Green Space,leisure=park,1.5122957,110.3084333,6.43,hospital_radius,Kuching Specialist Hospital,Sarawak
way/218568370,Sarawak Natural History Museum,Museum,tourism=museum,1.5555962,110.3437182,6.05,hospital_radius,Kuching Specialist Hospital,Sarawak
way/218568371,Sarawak Art Museum,Museum,tourism=museum,1.5551205,110.3438804,5.99,hospital_radius,Kuching Specialist Hospital,Sarawak
way/232399742,Kuching Park,Park / Green Space,leisure=park,1.5497924,110.3635419,4.88,hospital_radius,Kuching Specialist Hospital,Sarawak
way/233688501,Kuching Waterfront,General Attraction,tourism=attraction,1.5604667,110.3431324,6.57,hospital_radius,Kuching Specialist Hospital,Sarawak
way/233688826,Kuching Waterfront,General Attraction,tourism=attraction,1.5591236,110.3480995,6.24,hospital_radius,Kuching Specialist Hospital,Sarawak
way/233689473,Chinese History Museum,Museum,tourism=museum,1.5576861,110.3487511,6.06,hospital_radius,Kuching Specialist Hospital,Sarawak
way/237566177,Sarawak Botanical Garden,Park / Green Space,leisure=park,1.5653199,110.351901,6.78,hospital_radius,Kuching Specialist Hospital,Sarawak
way/243935144,Taman Perpaduan,Park / Green Space,leisure=park,1.5513352,110.3462872,5.5,hospital_radius,Kuching Specialist Hospital,Sarawak
way/291982214,Taman Permainan Batu Kawa,Park / Green Space,leisure=park,1.522359,110.3183284,5.6,hospital_radius,Kuching Specialist Hospital,Sarawak
way/351568320,Malaysia-China Friendship Park,Park / Green Space,leisure=park,1.5157218,110.3659842,1.09,hospital_radius,Kuching Specialist Hospital,Sarawak
way/352943807,Tabuan Desa Recreational Park,Park / Green Space,leisure=park,1.5278067,110.386752,3.36,hospital_radius,Kuching Specialist Hospital,Sarawak
way/353343807,Orchid Park,Park / Green Space,leisure=park,1.5662939,110.3480289,7.0,hospital_radius,Kuching Specialist Hospital,Sarawak
way/353344429,Astana,Historic Fort/Castle,historic=castle,1.5637683,110.3460467,6.8,hospital_radius,Kuching Specialist Hospital,Sarawak
way/355226399,Taman Muzium,Park / Green Space,leisure=park,1.5544108,110.3436904,5.93,hospital_radius,Kuching Specialist Hospital,Sarawak
way/356881558,Le'Park,Park / Green Space,leisure=park,1.5458552,110.3438285,5.07,hospital_radius,Kuching Specialist Hospital,Sarawak
way/356882100,Panggung Udara Kuching,Park / Green Space,leisure=park,1.54931,110.344541,5.38,hospital_radius,Kuching Specialist Hospital,Sarawak
way/356922173,Taman Lalu Lintas,Park / Green Space,leisure=park,1.5366092,110.3657142,3.41,hospital_radius,Kuching Specialist Hospital,Sarawak
way/356922213,Taman Rekreasi Kenyalang,Park / Green Space,leisure=park,1.536133,110.3665994,3.36,hospital_radius,Kuching Specialist Hospital,Sarawak
way/437404409,Sama Jaya Nature Reserve,Nature Reserve,leisure=nature_reserve,1.5198712,110.3878128,2.88,hospital_radius,Kuching Specialist Hospital,Sarawak
way/461264354,Taman Stutong Indah Park,Park / Green Space,leisure=park,1.5195675,110.3848912,2.6,hospital_radius,Kuching Specialist Hospital,Sarawak
way/470991731,Taman Ensing,Park / Green Space,leisure=park,1.5249471,110.31427,6.12,hospital_radius,Kuching Specialist Hospital,Sarawak
way/477279386,Taman Sri Wangi outdoor park,Park / Green Space,leisure=park,1.5728546,110.3177484,9.17,hospital_radius,Kuching Specialist Hospital,Sarawak
way/483575871,Wawasan Public Park,Park / Green Space,leisure=park,1.5060395,110.3272223,4.3,hospital_radius,Kuching Specialist Hospital,Sarawak
way/546992323,Jade Villa Park,Park / Green Space,leisure=park,1.4946551,110.3582837,1.52,hospital_radius,Kuching Specialist Hospital,Sarawak
way/547352139,Green Heights Park,Park / Green Space,leisure=park,1.5002803,110.3462808,2.27,hospital_radius,Kuching Specialist Hospital,Sarawak
way/547352632,"Small Park, Green Heights",Park / Green Space,leisure=park,1.4980658,110.3455082,2.43,hospital_radius,Kuching Specialist Hospital,Sarawak
way/548457577,Hui Sing Recreational Park,Park / Green Space,leisure=park,1.5149841,110.342141,2.83,hospital_radius,Kuching Specialist Hospital,Sarawak
way/568501299,Jambatan Darul Hana,General Attraction,tourism=attraction,1.5614035,110.3459573,6.55,hospital_radius,Kuching Specialist Hospital,Sarawak
way/634697570,Jambatan Darul Hana,General Attraction,tourism=attraction,1.560696,110.3454112,6.5,hospital_radius,Kuching Specialist Hospital,Sarawak
way/779037132,Jambatan Darul Hana,General Attraction,tourism=attraction,1.5608318,110.3452771,6.52,hospital_radius,Kuching Specialist Hospital,Sarawak
way/779315127,Jambatan Darul Hana,General Attraction,tourism=attraction,1.5609407,110.345575,6.52,hospital_radius,Kuching Specialist Hospital,Sarawak
way/779315128,Jambatan Darul Hana,General Attraction,tourism=attraction,1.5618299,110.3462294,6.59,hospital_radius,Kuching Specialist Hospital,Sarawak
way/835977953,Songket and Keringkam Gallery,Art Gallery,tourism=gallery,1.5567641,110.3426997,6.21,hospital_radius,Kuching Specialist Hospital,Sarawak
way/835977956,Borneo Cultures Museum,Museum,tourism=museum,1.5554755,110.3423288,6.1,hospital_radius,Kuching Specialist Hospital,Sarawak
way/935719085,Tabuan Laru Playground Park,Park / Green Space,leisure=park,1.5114057,110.3776928,1.44,hospital_radius,Kuching Specialist Hospital,Sarawak
way/961877543,MJC Mutira Recreation Park,Park / Green Space,leisure=park,1.5158669,110.3019049,7.2,hospital_radius,Kuching Specialist Hospital,Sarawak
way/1016170710,Jong's Crocodile Farm,General Attraction,tourism=attraction,1.3634815,110.4138311,16.71,hospital_radius,Kuching Specialist Hospital,Sarawak
way/1216152676,Taman Berlian Stabil Park,Park / Green Space,leisure=park,1.4459473,110.4216955,9.11,hospital_radius,Kuching Specialist Hospital,Sarawak
way/1226407341,Batu Kawa Riverbank Park,Park / Green Space,leisure=park,1.5081248,110.2685221,10.83,hospital_radius,Kuching Specialist Hospital,Sarawak
way/1291996527,Recreational Park Kota Padawan,Park / Green Space,leisure=park,1.4237675,110.3265776,10.13,hospital_radius,Kuching Specialist Hospital,Sarawak
way/1291997910,"Laman Samarahan, MPKS",Park / Green Space,leisure=park,1.4596309,110.4969275,15.45,hospital_radius,Kuching Specialist Hospital,Sarawak
way/1291998495,padang,Park / Green Space,leisure=park,1.4369844,110.3844107,7.94,hospital_radius,Kuching Specialist Hospital,Sarawak
way/1296797907,Padang Merdeka,Park / Green Space,leisure=park,1.5570549,110.3437072,6.2,hospital_radius,Kuching Specialist Hospital,Sarawak
way/1323740326,Kenyalang Statue,Public Art,tourism=artwork,1.5038877,110.3481674,1.99,hospital_radius,Kuching Specialist Hospital,Sarawak
way/1380588517,Taman In Ling Park,Park / Green Space,leisure=park,1.3994505,110.3404124,12.18,hospital_radius,Kuching Specialist Hospital,Sarawak
node/359127073,Taman Lanun Sungai Melaka,General Attraction,tourism=attraction,2.2010574,102.2493278,1.55,hospital_radius,Mahkota Medical Centre,Melaka
node/1331046096,Muzium Kecantikan,Museum,tourism=museum,2.1916483,102.249167,0.55,hospital_radius,Mahkota Medical Centre,Melaka
node/1331046128,Muzium Setem Melaka,Museum,tourism=museum,2.1915452,102.249466,0.52,hospital_radius,Mahkota Medical Centre,Melaka
node/1331046133,Muzium Layang-layang,Museum,tourism=museum,2.1916912,102.2490813,0.56,hospital_radius,Mahkota Medical Centre,Melaka
node/2643062863,Democratic Government Museum,Museum,tourism=museum,2.1930307,102.2490043,0.69,hospital_radius,Mahkota Medical Centre,Melaka
node/2643068114,Muzium Warisan Baba Dan Nyonya,Museum,tourism=museum,2.1953339,102.2467247,1.04,hospital_radius,Mahkota Medical Centre,Melaka
node/2645016490,UM Cultural & Heritage Research Centre,Museum,tourism=museum,2.1947565,102.2475359,0.94,hospital_radius,Mahkota Medical Centre,Melaka
node/2881158481,Empress Wu Zetian - Fan Bingbing,Public Art,tourism=artwork,2.195344,102.2488723,0.94,hospital_radius,Mahkota Medical Centre,Melaka
node/2883322211,Malaqa House,Museum,tourism=museum,2.1958882,102.2459707,1.14,hospital_radius,Mahkota Medical Centre,Melaka
node/2905415144,Towards a New Journey,Public Art,tourism=artwork,2.1971711,102.2488118,1.14,hospital_radius,Mahkota Medical Centre,Melaka
node/3863232437,Upside Down House Gallery Melaka,General Attraction,tourism=attraction,2.1892597,102.2457791,0.68,hospital_radius,Mahkota Medical Centre,Melaka
node/4184909691,jetty boat ferry to pulao bessar,General Attraction,tourism=attraction,2.1564091,102.3264101,9.0,hospital_radius,Mahkota Medical Centre,Melaka
node/4196250393,Oceanfront,Viewpoint / Scenic Spot,tourism=viewpoint,2.1858186,102.2396884,1.33,hospital_radius,Mahkota Medical Centre,Melaka
node/4250165589,Graffiti,Public Art,tourism=artwork,2.1951081,102.2487044,0.92,hospital_radius,Mahkota Medical Centre,Melaka
node/4252575603,Jeti Pulau Besar,General Attraction,tourism=attraction,2.1434295,102.3526415,12.24,hospital_radius,Mahkota Medical Centre,Melaka
node/4337416190,Rumah pak teh,General Attraction,tourism=attraction,2.1441256,102.4172871,19.03,hospital_radius,Mahkota Medical Centre,Melaka
node/4497878391,Malacca Water Wheel,General Attraction,tourism=attraction,2.1938681,102.2477244,0.84,hospital_radius,Mahkota Medical Centre,Melaka
node/4547517990,Old House - Celebration,General Attraction,tourism=attraction,2.202644,102.2513564,1.7,hospital_radius,Mahkota Medical Centre,Melaka
node/4576375291,The City Cross (St. Francis Xavier's Stone),General Attraction,tourism=attraction,2.1910348,102.2482112,0.56,hospital_radius,Mahkota Medical Centre,Melaka
node/4576375889,Cheng Ho Cultural Museum,Museum,tourism=museum,2.195334,102.2486785,0.95,hospital_radius,Mahkota Medical Centre,Melaka
node/4576375890,Santiago Bastion Ruins,General Attraction,tourism=attraction,2.1913764,102.2498299,0.49,hospital_radius,Mahkota Medical Centre,Melaka
node/4641672490,Buddha Relics Museum,Museum,tourism=museum,2.1971987,102.2474524,1.19,hospital_radius,Mahkota Medical Centre,Melaka
node/4676133989,Street Art,Public Art,tourism=artwork,2.1964023,102.248373,1.07,hospital_radius,Mahkota Medical Centre,Melaka
node/4682902990,Villa Sentosa,General Attraction,tourism=attraction,2.2029484,102.2513379,1.74,hospital_radius,Mahkota Medical Centre,Melaka
node/4692455789,Heritage Gallery,General Attraction,tourism=attraction,2.1908674,102.2507402,0.4,hospital_radius,Mahkota Medical Centre,Melaka
node/4761754623,Sunset Viewpoint,Viewpoint / Scenic Spot,tourism=viewpoint,2.1986997,102.257029,1.4,hospital_radius,Mahkota Medical Centre,Melaka
node/4806246591,Muzium Pulau Besar,Museum,tourism=museum,2.1136477,102.3333961,12.24,hospital_radius,Mahkota Medical Centre,Melaka
node/4950016421,Photo Point,General Attraction,tourism=attraction,2.19758,102.250139,1.15,hospital_radius,Mahkota Medical Centre,Melaka
node/4953800416,Taman Botanikal Melaka,Park / Green Space,leisure=park,2.2809063,102.3000772,11.72,hospital_radius,Mahkota Medical Centre,Melaka
node/5363164532,旺角,Viewpoint / Scenic Spot,tourism=viewpoint,2.2042979,102.2532313,1.89,hospital_radius,Mahkota Medical Centre,Melaka
node/5703730934,Replica Flor de la Mar,General Attraction,tourism=attraction,2.1920012,102.2465533,0.76,hospital_radius,Mahkota Medical Centre,Melaka
node/5780772689,Bukit Beruang,Mountain / Peak,natural=peak,2.2464843,102.2839459,7.5,hospital_radius,Mahkota Medical Centre,Melaka
node/5795307053,Buff child sculpture,Public Art,tourism=artwork,2.1967984,102.2466736,1.18,hospital_radius,Mahkota Medical Centre,Melaka
node/5880851085,Melaka Folks Art Gallery,General Attraction,tourism=attraction,2.1949456,102.2494175,0.88,hospital_radius,Mahkota Medical Centre,Melaka
node/5884376285,abandonned building for nice pictures,General Attraction,tourism=attraction,2.1981909,102.2477476,1.28,hospital_radius,Mahkota Medical Centre,Melaka
node/6097098521,Malacca Butterfly & Reptile Sanctuary,Zoo / Wildlife Park,tourism=zoo,2.299735,102.3117188,14.17,hospital_radius,Mahkota Medical Centre,Melaka
node/6097143531,Night Safari,Zoo / Wildlife Park,tourism=zoo,2.2766458,102.2989169,11.24,hospital_radius,Mahkota Medical Centre,Melaka
node/6113792459,Aeroplane,Monument,historic=monument,2.2275096,102.2661822,4.75,hospital_radius,Mahkota Medical Centre,Melaka
node/6192271886,Streetart,Public Art,tourism=artwork,2.1989814,102.2480308,1.35,hospital_radius,Mahkota Medical Centre,Melaka
node/6471467385,Trees and Varang Seeing,General Attraction,tourism=attraction,2.2026088,102.2493713,1.72,hospital_radius,Mahkota Medical Centre,Melaka
node/6517812687,The Eng Choon Communal Ritual Tomb,Memorial,historic=memorial,2.1985561,102.2571161,1.39,hospital_radius,Mahkota Medical Centre,Melaka
node/6572412517,Bukit Melaka,Mountain / Peak,natural=peak,2.1927737,102.2496796,0.64,hospital_radius,Mahkota Medical Centre,Melaka
node/6572412672,Silverscapes by Hatten Group,General Attraction,tourism=attraction,2.1823899,102.2630393,1.39,hospital_radius,Mahkota Medical Centre,Melaka
node/6572413683,The Elements Mall View,General Attraction,tourism=attraction,2.1826536,102.2655764,1.64,hospital_radius,Mahkota Medical Centre,Melaka
node/6572417385,"Melaka, Malaysia Independent Area by Tunku Abdul Rahman",Memorial,historic=memorial,2.1917,102.2503393,0.5,hospital_radius,Mahkota Medical Centre,Melaka
node/6616054086,Kee Ann Food Street,General Attraction,tourism=attraction,2.1992909,102.250592,1.33,hospital_radius,Mahkota Medical Centre,Melaka
node/6725736685,The ruins of the st Lawrence’s chapel,General Attraction,tourism=attraction,2.2018597,102.2511796,1.62,hospital_radius,Mahkota Medical Centre,Melaka
node/7057503886,Quay,Viewpoint / Scenic Spot,tourism=viewpoint,2.1952226,102.2492439,0.91,hospital_radius,Mahkota Medical Centre,Melaka
node/7134435548,Udara Art Gallery,Art Gallery,tourism=gallery,2.1950666,102.2472274,0.99,hospital_radius,Mahkota Medical Centre,Melaka
node/7277198085,Wah Aik Shoemaker,General Attraction,tourism=attraction,2.1959744,102.2458089,1.15,hospital_radius,Mahkota Medical Centre,Melaka
node/8591792101,Persatuan Peminat Lukisan Dan Kaligrafi Sim,Museum,tourism=museum,2.1945773,102.2564757,0.97,hospital_radius,Mahkota Medical Centre,Melaka
node/8608810661,D'PINES VILLAGE,Park / Green Space,leisure=park,2.2157955,102.2185974,4.84,hospital_radius,Mahkota Medical Centre,Melaka
node/8759748710,Bukit Panchor,Mountain / Peak,natural=peak,2.2739911,102.102685,19.15,hospital_radius,Mahkota Medical Centre,Melaka
node/8778213684,Bukit Tempayan,Mountain / Peak,natural=peak,2.2480261,102.143594,13.77,hospital_radius,Mahkota Medical Centre,Melaka
node/8778217932,Bukit Samak,Mountain / Peak,natural=peak,2.3045225,102.1411157,17.9,hospital_radius,Mahkota Medical Centre,Melaka
node/8778235776,Bukit Tangga,Mountain / Peak,natural=peak,2.3023356,102.1455735,17.39,hospital_radius,Mahkota Medical Centre,Melaka
node/8778445079,Bukit Bakul,Mountain / Peak,natural=peak,2.2360244,102.1494198,12.58,hospital_radius,Mahkota Medical Centre,Melaka
node/8785344511,Bukit Chempedak,Mountain / Peak,natural=peak,2.3417745,102.1706361,19.39,hospital_radius,Mahkota Medical Centre,Melaka
node/8785397890,Bukit Putus,Mountain / Peak,natural=peak,2.3330539,102.1740049,18.35,hospital_radius,Mahkota Medical Centre,Melaka
node/8785683168,Bukit Batu Puteh,Mountain / Peak,natural=peak,2.3275063,102.1779531,17.6,hospital_radius,Mahkota Medical Centre,Melaka
node/8786334578,Bukit Samak,Mountain / Peak,natural=peak,2.3485123,102.1882547,19.25,hospital_radius,Mahkota Medical Centre,Melaka
node/8786357919,Bukit Kuau,Mountain / Peak,natural=peak,2.3546518,102.1889419,19.86,hospital_radius,Mahkota Medical Centre,Melaka
node/8786382036,Bukit Undan,Mountain / Peak,natural=peak,2.3163199,102.1897512,15.9,hospital_radius,Mahkota Medical Centre,Melaka
node/8789159282,Bukit Jelutong Besar,Mountain / Peak,natural=peak,2.3177537,102.2017021,15.52,hospital_radius,Mahkota Medical Centre,Melaka
node/8799507465,Bukit Peringgit,Mountain / Peak,natural=peak,2.2222141,102.2569388,3.92,hospital_radius,Mahkota Medical Centre,Melaka
node/8800958722,Bukit Panchor,Mountain / Peak,natural=peak,2.3655336,102.2580285,19.83,hospital_radius,Mahkota Medical Centre,Melaka
node/8800958723,Bukit Cina,Mountain / Peak,natural=peak,2.1984469,102.257274,1.39,hospital_radius,Mahkota Medical Centre,Melaka
node/8807317455,Bukit Lesong Batu,Mountain / Peak,natural=peak,2.2613276,102.2804216,8.83,hospital_radius,Mahkota Medical Centre,Melaka
node/8808491600,Bukit Berangan,Mountain / Peak,natural=peak,2.2348183,102.2938406,7.07,hospital_radius,Mahkota Medical Centre,Melaka
node/8808910111,Bukit Kuau,Mountain / Peak,natural=peak,2.2379755,102.2954661,7.45,hospital_radius,Mahkota Medical Centre,Melaka
node/8811912494,Bukit Kepok,Mountain / Peak,natural=peak,2.2210163,102.3228206,8.76,hospital_radius,Mahkota Medical Centre,Melaka
node/8814374314,Bukit Kayu Arang,Mountain / Peak,natural=peak,2.3286989,102.3451835,18.85,hospital_radius,Mahkota Medical Centre,Melaka
node/8814438049,Bukit Gong,Mountain / Peak,natural=peak,2.2937487,102.3463261,15.84,hospital_radius,Mahkota Medical Centre,Melaka
node/8864545080,Kompleks Kraf Melaka,Art Gallery,tourism=gallery,2.2857386,102.3046861,12.43,hospital_radius,Mahkota Medical Centre,Melaka
node/8945893688,#Sungai Udang,Monument,historic=monument,2.2828108,102.1344608,16.79,hospital_radius,Mahkota Medical Centre,Melaka
node/9159387315,"Little India, Malacca",General Attraction,tourism=attraction,2.1960327,102.2513358,0.97,hospital_radius,Mahkota Medical Centre,Melaka
node/10076140394,Fotografi Panorama,Viewpoint / Scenic Spot,tourism=viewpoint,2.1926494,102.249009,0.66,hospital_radius,Mahkota Medical Centre,Melaka
node/10076179188,Visit Melaka Sign,General Attraction,tourism=attraction,2.1907712,102.2483797,0.52,hospital_radius,Mahkota Medical Centre,Melaka
node/11011353606,Various Portrait Murals,Public Art,tourism=artwork,2.1964209,102.2485374,1.06,hospital_radius,Mahkota Medical Centre,Melaka
node/11011358405,Kiehl’s Colourful Mural Wall,Public Art,tourism=artwork,2.1952932,102.2489855,0.93,hospital_radius,Mahkota Medical Centre,Melaka
node/11011358505,Murals Along This Side of The River,General Attraction,tourism=attraction,2.1950917,102.2493953,0.9,hospital_radius,Mahkota Medical Centre,Melaka
node/11011358507,Murals,Public Art,tourism=artwork,2.1964581,102.2481876,1.08,hospital_radius,Mahkota Medical Centre,Melaka
node/11011358706,Colourful Mural,Public Art,tourism=artwork,2.2003146,102.2510853,1.44,hospital_radius,Mahkota Medical Centre,Melaka
node/11011476605,Loads of murals along this side of the river,Public Art,tourism=artwork,2.2005684,102.2477842,1.53,hospital_radius,Mahkota Medical Centre,Melaka
node/11011476705,Murals all along here,Public Art,tourism=artwork,2.1977451,102.2484319,1.21,hospital_radius,Mahkota Medical Centre,Melaka
node/11011476706,Mural,Public Art,tourism=artwork,2.1958776,102.2491094,0.99,hospital_radius,Mahkota Medical Centre,Melaka
node/11011694906,Burger Mural,Public Art,tourism=artwork,2.1960247,102.2495468,0.99,hospital_radius,Mahkota Medical Centre,Melaka
node/11011773106,3D Car Figurines,Public Art,tourism=artwork,2.1964234,102.2506461,1.02,hospital_radius,Mahkota Medical Centre,Melaka
node/11013379507,Best Sunset Point (Besides The Mosque),Viewpoint / Scenic Spot,tourism=viewpoint,2.1809162,102.243861,1.12,hospital_radius,Mahkota Medical Centre,Melaka
node/11171005616,Dewan Besar,Park / Green Space,leisure=park,2.2218427,102.2737079,4.56,hospital_radius,Mahkota Medical Centre,Melaka
node/11171005617,Makmal Komputer,Park / Green Space,leisure=park,2.2225058,102.2743827,4.66,hospital_radius,Mahkota Medical Centre,Melaka
node/11636600627,Ruins of Bastion Maurits,Historic Ruins,historic=ruins,2.1915108,102.2485057,0.58,hospital_radius,Mahkota Medical Centre,Melaka
node/11636679007,St. Paul,Public Art,tourism=artwork,2.1927034,102.2493285,0.65,hospital_radius,Mahkota Medical Centre,Melaka
node/11637093115,Tiger Mural,Public Art,tourism=artwork,2.1961734,102.2503624,0.99,hospital_radius,Mahkota Medical Centre,Melaka
node/11637223069,Mural,Public Art,tourism=artwork,2.1964076,102.2470464,1.13,hospital_radius,Mahkota Medical Centre,Melaka
node/11637227940,The Father of Bodybuilders in Malaysia,Public Art,tourism=artwork,2.1968162,102.2466432,1.19,hospital_radius,Mahkota Medical Centre,Melaka
node/11637227941,Dragon,Public Art,tourism=artwork,2.1968187,102.2466177,1.19,hospital_radius,Mahkota Medical Centre,Melaka
node/11637227942,Elephant,Public Art,tourism=artwork,2.1968321,102.2466164,1.19,hospital_radius,Mahkota Medical Centre,Melaka
node/11899742356,Melaka UNESCO World Heritage Site Sign,Public Art,tourism=artwork,2.1955029,102.2502174,0.92,hospital_radius,Mahkota Medical Centre,Melaka
node/11899742391,Welcome To Melaka Sign,General Attraction,tourism=attraction,2.1943672,102.2489433,0.83,hospital_radius,Mahkota Medical Centre,Melaka
node/11903260169,Malim Night Market,General Attraction,tourism=attraction,2.24014,102.2327957,6.23,hospital_radius,Mahkota Medical Centre,Melaka
node/11987288890,Muzium Sejarah dan Ethnografi,Museum,tourism=museum,2.1937838,102.2490936,0.77,hospital_radius,Mahkota Medical Centre,Melaka
node/11987376589,Muzium Belia Melaka,Museum,tourism=museum,2.1946088,102.2494702,0.84,hospital_radius,Mahkota Medical Centre,Melaka
node/11987388139,Pahlawan Walk,General Attraction,tourism=attraction,2.1901876,102.2485032,0.47,hospital_radius,Mahkota Medical Centre,Melaka
node/12162304383,Istana Melaka,Historic Fort/Castle,historic=castle,2.2404804,102.2838822,6.91,hospital_radius,Mahkota Medical Centre,Melaka
node/12455522617,Malaya Independence Memorial,Monument,historic=monument,2.1912661,102.2500714,0.47,hospital_radius,Mahkota Medical Centre,Melaka
node/12633158584,The Jetty (Ruins),General Attraction,tourism=attraction,2.1862442,102.2476631,0.45,hospital_radius,Mahkota Medical Centre,Melaka
node/12704772902,Shore Sky Tower,Monument,historic=monument,2.202626,102.249587,1.71,hospital_radius,Mahkota Medical Centre,Melaka
node/12916918902,Dutch Square (Red Square) Melaka,General Attraction,tourism=attraction,2.1944224,102.249064,0.84,hospital_radius,Mahkota Medical Centre,Melaka
node/13057614881,Christ The Redeemer,Public Art,tourism=artwork,2.1835391,102.2672492,1.79,hospital_radius,Mahkota Medical Centre,Melaka
node/13374574977,Bukit UTeM,Mountain / Peak,natural=peak,2.3106564,102.3158772,15.46,hospital_radius,Mahkota Medical Centre,Melaka
node/13462472745,Cross Street Bar,General Attraction,tourism=attraction,2.1966949,102.2498858,1.06,hospital_radius,Mahkota Medical Centre,Melaka
node/13565867815,k7 Melaka Art Gallery,Art Gallery,tourism=gallery,2.2087401,102.2424913,2.59,hospital_radius,Mahkota Medical Centre,Melaka
node/13607519304,Padang Kawad UTeM,Park / Green Space,leisure=park,2.3098851,102.3219939,15.71,hospital_radius,Mahkota Medical Centre,Melaka
node/13689085168,Malacca Stories Hall,Museum,tourism=museum,2.2008848,102.2465301,1.61,hospital_radius,Mahkota Medical Centre,Melaka
node/13700552584,Mudskippers,Viewpoint / Scenic Spot,tourism=viewpoint,2.1808845,102.2560117,0.87,hospital_radius,Mahkota Medical Centre,Melaka
node/13736712687,Melaka Distillery Experience,General Attraction,tourism=attraction,2.2000067,102.2606741,1.73,hospital_radius,Mahkota Medical Centre,Melaka
node/13860557191,Malek,Park / Green Space,leisure=park,2.3026592,102.2160057,13.42,hospital_radius,Mahkota Medical Centre,Melaka
node/13860571980,1035-1 Hamim Marhaban,Park / Green Space,leisure=park,2.3026582,102.215611,13.43,hospital_radius,Mahkota Medical Centre,Melaka
node/13900546101,Mocity Cosmic Park,Theme Park,tourism=theme_park,2.2121892,102.208946,5.48,hospital_radius,Mahkota Medical Centre,Melaka
node/13900982231,Malaysia China Wangkang Museum,Museum,tourism=museum,2.1892319,102.2581619,0.76,hospital_radius,Mahkota Medical Centre,Melaka
way/103769547,Jambatan Tan Kim Seng,General Attraction,tourism=attraction,2.1946004,102.2485249,0.88,hospital_radius,Mahkota Medical Centre,Melaka
way/103942675,Tan Beng Swee Clock Tower,Monument,historic=monument,2.1943127,102.2488707,0.83,hospital_radius,Mahkota Medical Centre,Melaka
way/105110213,Menara Taming Sari,General Attraction,tourism=attraction,2.1909757,102.2472585,0.63,hospital_radius,Mahkota Medical Centre,Melaka
way/170829526,Muzium UMNO Melaka,Museum,tourism=museum,2.1919367,102.248874,0.59,hospital_radius,Mahkota Medical Centre,Melaka
way/170829528,Galeri Warisan Kota Melaka,Art Gallery,tourism=gallery,2.1933684,102.24816,0.77,hospital_radius,Mahkota Medical Centre,Melaka
way/170829530,Muzium Islam Melaka,Museum,tourism=museum,2.1924328,102.2486716,0.65,hospital_radius,Mahkota Medical Centre,Melaka
way/170829535,Saint Paul's Church,Historic Ruins,historic=ruins,2.192649,102.2496211,0.63,hospital_radius,Mahkota Medical Centre,Melaka
way/170829541,Muzium Senibina Malaysia,Museum,tourism=museum,2.1927065,102.2485396,0.69,hospital_radius,Mahkota Medical Centre,Melaka
way/170830684,Muzium Samudera,Museum,tourism=museum,2.1917946,102.2464006,0.76,hospital_radius,Mahkota Medical Centre,Melaka
way/170830686,Muzium Jabatan Kastam Diraja Malaysia,Museum,tourism=museum,2.192609,102.2470723,0.77,hospital_radius,Mahkota Medical Centre,Melaka
way/193052160,Rambai Jaya Park,Park / Green Space,leisure=park,2.2621041,102.1856115,11.08,hospital_radius,Mahkota Medical Centre,Melaka
way/197933039,Dutch Square,General Attraction,tourism=attraction,2.1942106,102.2493922,0.8,hospital_radius,Mahkota Medical Centre,Melaka
way/244141383,Muzium Tentera Laut Diraja Malaysia,Museum,tourism=museum,2.1913725,102.2467136,0.7,hospital_radius,Mahkota Medical Centre,Melaka
way/286023454,Makam Hang Jebat,Memorial,historic=memorial,2.1966144,102.2487076,1.08,hospital_radius,Mahkota Medical Centre,Melaka
way/321953099,Muzium Dunia Melayu Dunia Islam,Museum,tourism=museum,2.191661,102.2497957,0.52,hospital_radius,Mahkota Medical Centre,Melaka
way/321953100,Proclamation of Independence Memorial,Museum,tourism=museum,2.1919115,102.2508918,0.51,hospital_radius,Mahkota Medical Centre,Melaka
way/354761088,Stadthuys,Museum,tourism=museum,2.1939298,102.2493511,0.77,hospital_radius,Mahkota Medical Centre,Melaka
way/388809876,Bastion Middleburg,General Attraction,tourism=attraction,2.1940802,102.2481554,0.84,hospital_radius,Mahkota Medical Centre,Melaka
way/505977370,Hutan Rekreasi Ayer Keroh,Nature Reserve,leisure=nature_reserve,2.2840226,102.299077,11.98,hospital_radius,Mahkota Medical Centre,Melaka
way/506162443,Jalan Hang Jebat,General Attraction,tourism=attraction,2.1953172,102.2479599,0.97,hospital_radius,Mahkota Medical Centre,Melaka
way/506605712,Melaka Wonderland Theme Park & Resort,Theme Park,tourism=theme_park,2.2819847,102.2954372,11.6,hospital_radius,Mahkota Medical Centre,Melaka
way/506609970,Taman Rimba,Park / Green Space,leisure=park,2.2789181,102.2852084,10.85,hospital_radius,Mahkota Medical Centre,Melaka
way/506629932,Taman Krubong Jaya Park,Park / Green Space,leisure=park,2.3031697,102.242864,12.92,hospital_radius,Mahkota Medical Centre,Melaka
way/506629942,Taman Krubong Jaya Playground,Park / Green Space,leisure=park,2.3006885,102.245134,12.62,hospital_radius,Mahkota Medical Centre,Melaka
way/506635993,Krubong Perdana Park,Park / Green Space,leisure=park,2.324658,102.2428386,15.3,hospital_radius,Mahkota Medical Centre,Melaka
way/507524344,Seri Mangga Park,Park / Green Space,leisure=park,2.2287886,102.2208848,5.73,hospital_radius,Mahkota Medical Centre,Melaka
way/558187198,Sentosa Temple Park,Park / Green Space,leisure=park,2.2333537,102.2723629,5.61,hospital_radius,Mahkota Medical Centre,Melaka
way/574727360,Gold Coast International Resort,Other (water_park),leisure=water_park,2.2425177,102.3046182,8.51,hospital_radius,Mahkota Medical Centre,Melaka
way/574727361,Bayou Lagon Park Resort,Other (water_park),leisure=water_park,2.2422884,102.3063265,8.62,hospital_radius,Mahkota Medical Centre,Melaka
way/591307909,Taman Asean park,Park / Green Space,leisure=park,2.2343802,102.2193334,6.34,hospital_radius,Mahkota Medical Centre,Melaka
way/591308752,Taman Seri Pandan,Park / Green Space,leisure=park,2.2159504,102.2288705,4.06,hospital_radius,Mahkota Medical Centre,Melaka
way/599113639,Kota A Famosa,Historic Fort/Castle,historic=castle,2.1924036,102.2496186,0.6,hospital_radius,Mahkota Medical Centre,Melaka
way/599113640,Porta de Santiago,Historic Fort/Castle,historic=castle,2.1918801,102.2502377,0.53,hospital_radius,Mahkota Medical Centre,Melaka
way/599121850,Muzium Istana Kesultanan Melayu Melaka,Museum,tourism=museum,2.1928186,102.2504401,0.62,hospital_radius,Mahkota Medical Centre,Melaka
way/599121851,Muzium Yang di-Pertua Negeri Melaka,Museum,tourism=museum,2.1930912,102.2498548,0.67,hospital_radius,Mahkota Medical Centre,Melaka
way/599121856,Taman Larangan,Park / Green Space,leisure=park,2.1923439,102.2511414,0.56,hospital_radius,Mahkota Medical Centre,Melaka
way/610242612,Hutan Simpan Kekal Bukit Beruang,Other (wood),natural=wood,2.2463124,102.2832818,7.44,hospital_radius,Mahkota Medical Centre,Melaka
way/638292033,Tanjung Minyak Jaya Park,Park / Green Space,leisure=park,2.2629139,102.194659,10.52,hospital_radius,Mahkota Medical Centre,Melaka
way/649754915,World's Bee Museum,Museum,tourism=museum,2.3000587,102.311448,14.19,hospital_radius,Mahkota Medical Centre,Melaka
way/649775152,Melaka Bird Park,Zoo / Wildlife Park,tourism=zoo,2.2851696,102.294349,11.87,hospital_radius,Mahkota Medical Centre,Melaka
way/679255021,Taman Asean Park2,Park / Green Space,leisure=park,2.2337627,102.2175233,6.4,hospital_radius,Mahkota Medical Centre,Melaka
way/679255024,Asean Park,Park / Green Space,leisure=park,2.2363604,102.2212686,6.41,hospital_radius,Mahkota Medical Centre,Melaka
way/685550032,Playground,Park / Green Space,leisure=park,2.2003458,102.3061483,6.23,hospital_radius,Mahkota Medical Centre,Melaka
way/733800065,Taman TMU Park,Park / Green Space,leisure=park,2.2680815,102.1963076,10.88,hospital_radius,Mahkota Medical Centre,Melaka
way/733801444,Taman Cheng Perdana,Park / Green Space,leisure=park,2.2808507,102.2067728,11.53,hospital_radius,Mahkota Medical Centre,Melaka
way/893203224,Bertam Impian Park,Park / Green Space,leisure=park,2.2933152,102.1730058,14.67,hospital_radius,Mahkota Medical Centre,Melaka
way/904616547,New TMU Park,Park / Green Space,leisure=park,2.2688842,102.1990071,10.79,hospital_radius,Mahkota Medical Centre,Melaka
way/905284499,Muzium Penjara Malaysia,Museum,tourism=museum,2.1883991,102.2628098,1.25,hospital_radius,Mahkota Medical Centre,Melaka
way/913068545,Taman Buaya Melaka,Zoo / Wildlife Park,tourism=zoo,2.277299,102.2970842,11.21,hospital_radius,Mahkota Medical Centre,Melaka
way/945759715,Jonker Walk,General Attraction,tourism=attraction,2.1966571,102.2465644,1.18,hospital_radius,Mahkota Medical Centre,Melaka
way/945813625,Kota St. John,Historic Fort/Castle,historic=castle,2.1893558,102.2642584,1.43,hospital_radius,Mahkota Medical Centre,Melaka
way/946140694,1 Krubong Leisure Park,Park / Green Space,leisure=park,2.313465,102.2449169,14.04,hospital_radius,Mahkota Medical Centre,Melaka
way/1062635962,UK Fun Park,Theme Park,tourism=theme_park,2.2134303,102.1928255,7.14,hospital_radius,Mahkota Medical Centre,Melaka
way/1223999082,Taman Seribu Bunga,Park / Green Space,leisure=park,2.2681358,102.29742,10.33,hospital_radius,Mahkota Medical Centre,Melaka
way/1224403290,Zoo Melaka,Zoo / Wildlife Park,tourism=zoo,2.2776388,102.3017179,11.48,hospital_radius,Mahkota Medical Centre,Melaka
way/1224442872,Dataran Ayer Keroh,Park / Green Space,leisure=park,2.2737694,102.2984694,10.93,hospital_radius,Mahkota Medical Centre,Melaka
way/1242593907,Malaysia Heritage Studios,Theme Park,tourism=theme_park,2.2820255,102.3035141,12.01,hospital_radius,Mahkota Medical Centre,Melaka
way/1251888429,Muzium Sastera Melaka,Museum,tourism=museum,2.1937733,102.2495958,0.75,hospital_radius,Mahkota Medical Centre,Melaka
way/1252223239,St Peter's Catholic Church,General Attraction,tourism=attraction,2.2023226,102.2532426,1.68,hospital_radius,Mahkota Medical Centre,Melaka
way/1293044456,Muzium Pendidikan,Museum,tourism=museum,2.1939931,102.2498662,0.76,hospital_radius,Mahkota Medical Centre,Melaka
way/1293044472,Taman Warisan Dunia Jonker Walk,Park / Green Space,leisure=park,2.1969082,102.2467449,1.19,hospital_radius,Mahkota Medical Centre,Melaka
way/1293044482,Musical Fountain,General Attraction,tourism=attraction,2.199693,102.2484721,1.42,hospital_radius,Mahkota Medical Centre,Melaka
way/1293044485,Muzium Rakyat,Museum,tourism=museum,2.1916686,102.2491902,0.55,hospital_radius,Mahkota Medical Centre,Melaka
way/1293060214,Bastion Victoria,General Attraction,tourism=attraction,2.1956448,102.2504398,0.93,hospital_radius,Mahkota Medical Centre,Melaka
way/1314692839,Muzium Kapal Selam,Museum,tourism=museum,2.2110072,102.1972863,6.58,hospital_radius,Mahkota Medical Centre,Melaka
way/1418818807,Hang Li Poh's Well,General Attraction,tourism=attraction,2.1957909,102.2552653,1.02,hospital_radius,Mahkota Medical Centre,Melaka
way/1419186257,Seng Cheong Society 1928 Old Building,General Attraction,tourism=attraction,2.1983516,102.2434632,1.52,hospital_radius,Mahkota Medical Centre,Melaka
way/1419889651,Chee Ancestral Mansion,Monument,historic=monument,2.1959983,102.2449315,1.21,hospital_radius,Mahkota Medical Centre,Melaka
way/1419914017,Melaka Anti Japanese Memorial,Monument,historic=monument,2.1956409,102.2554269,1.02,hospital_radius,Mahkota Medical Centre,Melaka
way/1420921402,Galeri Warisan Portugis,Museum,tourism=museum,2.1839597,102.2665499,1.7,hospital_radius,Mahkota Medical Centre,Melaka
way/1422597716,Hang Kasturi Tomb,General Attraction,tourism=attraction,2.1972765,102.246083,1.26,hospital_radius,Mahkota Medical Centre,Melaka
way/1546033893,Laman Hikmah,Park / Green Space,leisure=park,2.3087952,102.3200025,15.5,hospital_radius,Mahkota Medical Centre,Melaka
node/6395196393,IKBN Park,Park / Green Space,leisure=park,2.8203149,101.4695577,18.92,hospital_radius,MAHSA Specialist Hospital,Selangor
node/6432204513,Monumen Badminton Dato' Hj Sidek Abdullah Kamar,Memorial,historic=memorial,2.7984864,101.4917298,19.58,hospital_radius,MAHSA Specialist Hospital,Selangor
node/13436863902,Fo Guang Yuan Art Gallery Dong Chan Branch,Art Gallery,tourism=gallery,2.8691678,101.491367,13.25,hospital_radius,MAHSA Specialist Hospital,Selangor
way/556623368,Dataran Banting,Park / Green Space,leisure=park,2.8031125,101.4948784,18.96,hospital_radius,MAHSA Specialist Hospital,Selangor
way/742758226,Taman Aman Park,Park / Green Space,leisure=park,2.8070536,101.4995042,18.33,hospital_radius,MAHSA Specialist Hospital,Selangor
way/742758230,Taman Sari Park,Park / Green Space,leisure=park,2.8174075,101.5047057,17.05,hospital_radius,MAHSA Specialist Hospital,Selangor
way/742758231,Taman Sari Park,Park / Green Space,leisure=park,2.815521,101.5044568,17.24,hospital_radius,MAHSA Specialist Hospital,Selangor
way/1226750025,Banting Waterfront,Park / Green Space,leisure=park,2.8138824,101.5100034,17.13,hospital_radius,MAHSA Specialist Hospital,Selangor
way/1387806344,Istana Bandar Jugra,Historic Fort/Castle,historic=castle,2.8599294,101.4408457,18.25,hospital_radius,MAHSA Specialist Hospital,Selangor
way/1510425375,Enso Woods Play Park,Park / Green Space,leisure=park,2.8913445,101.6101469,7.84,hospital_radius,MAHSA Specialist Hospital,Selangor
node/1813341162,Makam Sultan Tengah,Memorial,historic=memorial,1.7192254,110.3254797,15.72,hospital_radius,Normah Medical Specialist Centre,Sarawak
node/2424906213,Gunung Santubong,Mountain / Peak,natural=peak,1.7368773,110.3325372,17.68,hospital_radius,Normah Medical Specialist Centre,Sarawak
node/2429906228,View Point 1,Viewpoint / Scenic Spot,tourism=viewpoint,1.7300644,110.3246743,16.93,hospital_radius,Normah Medical Specialist Centre,Sarawak
node/3386559566,Matang Wildlife Centre,General Attraction,tourism=attraction,1.608235,110.1608149,19.03,hospital_radius,Normah Medical Specialist Centre,Sarawak
node/3809849341,View Tower,Viewpoint / Scenic Spot,tourism=viewpoint,1.5887118,110.1918481,15.32,hospital_radius,Normah Medical Specialist Centre,Sarawak
node/4505704896,Mount Santubong Summit,Viewpoint / Scenic Spot,tourism=viewpoint,1.7316173,110.3319007,17.1,hospital_radius,Normah Medical Specialist Centre,Sarawak
node/5261832021,Cultural Village Dropoff / Pickup Point,General Attraction,tourism=attraction,1.7501089,110.3155404,19.21,hospital_radius,Normah Medical Specialist Centre,Sarawak
node/5702439981,Gunung Serapi,Mountain / Peak,natural=peak,1.5846641,110.1935444,15.11,hospital_radius,Normah Medical Specialist Centre,Sarawak
node/5774742854,"Barbed wire fence, waöl on tje right side of the fence at the gate to enter the beach",General Attraction,tourism=attraction,1.730468,110.313959,17.05,hospital_radius,Normah Medical Specialist Centre,Sarawak
node/5913266685,Changing rooms,Nature Lodging,tourism=wilderness_hut,1.5974958,110.1800085,16.73,hospital_radius,Normah Medical Specialist Centre,Sarawak
node/6585559486,Ulu Assam,Viewpoint / Scenic Spot,tourism=viewpoint,1.7124248,110.4477469,19.93,hospital_radius,Normah Medical Specialist Centre,Sarawak
node/6759185294,Gunung Berendang,Mountain / Peak,natural=peak,1.5282759,110.1707091,18.47,hospital_radius,Normah Medical Specialist Centre,Sarawak
node/6759300598,Gunung Mekangau,Mountain / Peak,natural=peak,1.5530351,110.1839553,16.39,hospital_radius,Normah Medical Specialist Centre,Sarawak
node/6760093475,Gunung Kayan,Mountain / Peak,natural=peak,1.5793931,110.1704174,17.66,hospital_radius,Normah Medical Specialist Centre,Sarawak
node/6761190142,Bukit Lasak,Mountain / Peak,natural=peak,1.651021,110.4904964,19.68,hospital_radius,Normah Medical Specialist Centre,Sarawak
node/10108904311,Matang Family Park,Picnic / Recreation Site,tourism=picnic_site,1.6142578,110.1990247,15.03,hospital_radius,Normah Medical Specialist Centre,Sarawak
way/142163335,Taman Negara Bako,Nature Reserve,leisure=nature_reserve,1.7207578,110.4825537,23.3,hospital_radius,Normah Medical Specialist Centre,Sarawak
way/159782960,Taman Negara Santubong,Nature Reserve,leisure=nature_reserve,1.761846,110.3361437,20.47,hospital_radius,Normah Medical Specialist Centre,Sarawak
way/177258366,Kampung Budaya Sarawak,Museum,tourism=museum,1.7497137,110.3169747,19.16,hospital_radius,Normah Medical Specialist Centre,Sarawak
way/355061625,Buntal Esplanade,Park / Green Space,leisure=park,1.6971445,110.3725951,14.11,hospital_radius,Normah Medical Specialist Centre,Sarawak
way/355117202,Tebingan Telaga Air,Park / Green Space,leisure=park,1.6762527,110.2094097,17.24,hospital_radius,Normah Medical Specialist Centre,Sarawak
node/8759794472,Bukit Terendak,Mountain / Peak,natural=peak,2.3055891,102.1037055,16.37,hospital_radius,Oriental Melaka Straits Medical Centre,Melaka
node/8776761894,Bukit Semak,Mountain / Peak,natural=peak,2.3653366,102.1320015,19.73,hospital_radius,Oriental Melaka Straits Medical Centre,Melaka
node/8780797082,Bukit Palas,Mountain / Peak,natural=peak,2.3726849,102.1500045,19.65,hospital_radius,Oriental Melaka Straits Medical Centre,Melaka
node/8780803258,Bukit Sendok,Mountain / Peak,natural=peak,2.3410992,102.1505302,16.4,hospital_radius,Oriental Melaka Straits Medical Centre,Melaka
node/8786321726,Bukit Tunggal,Mountain / Peak,natural=peak,2.3792913,102.1857776,19.31,hospital_radius,Oriental Melaka Straits Medical Centre,Melaka
node/8790786301,Bukit Tampoi,Mountain / Peak,natural=peak,2.3678129,102.2142032,17.78,hospital_radius,Oriental Melaka Straits Medical Centre,Melaka
node/9172128014,Homestay Tanjung Bidara,General Attraction,tourism=attraction,2.3338173,102.086898,19.88,hospital_radius,Oriental Melaka Straits Medical Centre,Melaka
node/12564826863,Bukit Langsat,Mountain / Peak,natural=peak,2.3025236,102.0949662,16.89,hospital_radius,Oriental Melaka Straits Medical Centre,Melaka
way/478327207,Dataran Keris,Park / Green Space,leisure=park,2.3832831,102.2097141,19.5,hospital_radius,Oriental Melaka Straits Medical Centre,Melaka
way/992743886,Dataran Akademik,Park / Green Space,leisure=park,2.3320801,102.089339,19.55,hospital_radius,Oriental Melaka Straits Medical Centre,Melaka
node/11279618126,Bukit Semenyih,Mountain / Peak,natural=peak,3.0585853,101.9011807,18.46,hospital_radius,Pantai Hospital Cheras,Wilayah Persekutuan
way/1288225758,Asia Camp,Camp Site,tourism=camp_site,3.004288,101.8911063,19.94,hospital_radius,Pantai Hospital Cheras,Wilayah Persekutuan
node/8794898175,Bukit Sekudong,Mountain / Peak,natural=peak,2.3852269,102.2493978,16.97,hospital_radius,Pantai Hospital Melaka,Melaka
node/8809572777,Bukit Besar,Mountain / Peak,natural=peak,2.3652934,102.3060799,14.38,hospital_radius,Pantai Hospital Melaka,Melaka
node/8812018218,Bukit Batu Berkarat,Mountain / Peak,natural=peak,2.4042387,102.3267388,19.07,hospital_radius,Pantai Hospital Melaka,Melaka
way/616096856,Taman Rekreasi Datuk Wira Poh Ah Tiam Machap,Park / Green Space,leisure=park,2.3785507,102.3282464,16.35,hospital_radius,Pantai Hospital Melaka,Melaka
way/636261747,Dataran Awam Merlimau,Park / Green Space,leisure=park,2.1649625,102.4312767,17.91,hospital_radius,Pantai Hospital Melaka,Melaka
node/8260821617,GG Buragas,Camp Site,tourism=camp_site,3.3575861,101.6489216,18.75,hospital_radius,ParkCity Medical Centre,Wilayah Persekutuan
node/12951214767,Phase 2 park,Park / Green Space,leisure=park,3.3313072,101.528127,19.99,hospital_radius,ParkCity Medical Centre,Wilayah Persekutuan
node/13531426239,City Green Farm,Park / Green Space,leisure=park,3.3320539,101.5310347,19.86,hospital_radius,ParkCity Medical Centre,Wilayah Persekutuan
way/1285041576,Taman Rekreasi Perigi Tujuh,Park / Green Space,leisure=park,3.3639524,101.613284,19.62,hospital_radius,ParkCity Medical Centre,Wilayah Persekutuan
node/12373439701,Playground Flat sri saujana,Park / Green Space,leisure=park,1.6766027,103.8537515,19.96,hospital_radius,Regency Specialist Hospital,Johor
node/12375128801,Playground depan sekolah,Park / Green Space,leisure=park,1.6670709,103.860108,18.84,hospital_radius,Regency Specialist Hospital,Johor
node/8852363417,Hatter's Castle,Historic Fort/Castle,historic=castle,2.8868443,101.3604586,19.5,hospital_radius,Sri Kota Specialist Medical Centre,Selangor
node/13891743751,Bukit Burung,Mountain / Peak,natural=peak,1.336992,110.4377782,19.49,hospital_radius,Sunway Fertility Centre @ Kuching,Sarawak
node/703657606,Muzium Darul Ridzuan,Museum,tourism=museum,4.6045255,101.0780409,8.98,hospital_radius,Sunway Medical Centre Ipoh,Perak
node/1656860348,Vista Point,Viewpoint / Scenic Spot,tourism=viewpoint,4.6799686,101.0426293,13.5,hospital_radius,Sunway Medical Centre Ipoh,Perak
node/2553799650,Gunung Chondong,Mountain / Peak,natural=peak,4.7451803,101.246004,16.2,hospital_radius,Sunway Medical Centre Ipoh,Perak
node/2553799656,Gunung Chabang,Mountain / Peak,natural=peak,4.5380703,101.2677133,16.32,hospital_radius,Sunway Medical Centre Ipoh,Perak
node/2636897613,Gunung Lang,General Attraction,tourism=attraction,4.6239258,101.0891956,7.27,hospital_radius,Sunway Medical Centre Ipoh,Perak
node/2636898781,Loong Thow Ngam Temple,Cave,natural=cave_entrance,4.6316398,101.0875413,7.4,hospital_radius,Sunway Medical Centre Ipoh,Perak
node/2638095412,Ling Sen Tong Temple 灵仙岩,General Attraction,tourism=attraction,4.5662997,101.1142034,8.52,hospital_radius,Sunway Medical Centre Ipoh,Perak
node/2638098456,Sam Poh Tong 三宝洞,General Attraction,tourism=attraction,4.5637378,101.1154155,8.7,hospital_radius,Sunway Medical Centre Ipoh,Perak
node/2647235739,广福岩,General Attraction,tourism=attraction,4.5174638,101.1386556,12.82,hospital_radius,Sunway Medical Centre Ipoh,Perak
node/2854344984,Gopeng Museum,Museum,tourism=museum,4.4739699,101.1668145,17.59,hospital_radius,Sunway Medical Centre Ipoh,Perak
node/2854344985,Gopeng Museum - Heritage House,Museum,tourism=museum,4.4741033,101.1675959,17.58,hospital_radius,Sunway Medical Centre Ipoh,Perak
node/3221505726,Hutan Lipur Papan,Picnic / Recreation Site,tourism=picnic_site,4.5382465,101.00211,19.81,hospital_radius,Sunway Medical Centre Ipoh,Perak
node/3462882936,Gunung Lanno,Mountain / Peak,natural=peak,4.5250187,101.146931,11.89,hospital_radius,Sunway Medical Centre Ipoh,Perak
node/3918239850,Qing Xin Ling Leisure & Cultural Village,General Attraction,tourism=attraction,4.5618417,101.1233979,8.49,hospital_radius,Sunway Medical Centre Ipoh,Perak
node/4127568895,Night market,General Attraction,tourism=attraction,4.5955446,101.0845278,8.72,hospital_radius,Sunway Medical Centre Ipoh,Perak
node/4133847423,Mural Art Lane,Public Art,tourism=artwork,4.5936718,101.0817102,9.09,hospital_radius,Sunway Medical Centre Ipoh,Perak
node/4270980293,Paip Besar Gopeng,Monument,historic=monument,4.4682703,101.16445,18.2,hospital_radius,Sunway Medical Centre Ipoh,Perak
node/4286054389,Giant peanuts,Public Art,tourism=artwork,4.5684267,101.0506891,13.47,hospital_radius,Sunway Medical Centre Ipoh,Perak
node/4348356590,Tong Sui Kai,General Attraction,tourism=attraction,4.5957339,101.0872701,8.44,hospital_radius,Sunway Medical Centre Ipoh,Perak
node/4348357795,Ipoh Railway Station,General Attraction,tourism=attraction,4.5970418,101.0735662,9.75,hospital_radius,Sunway Medical Centre Ipoh,Perak
node/4432437909,Gunung Rapat,Mountain / Peak,natural=peak,4.5560112,101.1217398,9.16,hospital_radius,Sunway Medical Centre Ipoh,Perak
node/4432437913,Gunung Panjang,Mountain / Peak,natural=peak,4.599582,101.1341436,4.21,hospital_radius,Sunway Medical Centre Ipoh,Perak
node/4432437914,Gunung Matsoorat,Mountain / Peak,natural=peak,4.6269511,101.0996173,6.09,hospital_radius,Sunway Medical Centre Ipoh,Perak
node/4432437917,Gunung Meru,Mountain / Peak,natural=peak,4.6735336,101.0285112,14.7,hospital_radius,Sunway Medical Centre Ipoh,Perak
node/4464472692,Kong Heng Square Market,General Attraction,tourism=attraction,4.5965183,101.0775298,9.37,hospital_radius,Sunway Medical Centre Ipoh,Perak
node/4540711689,Birch Memorial Clock Tower,General Attraction,tourism=attraction,4.5968284,101.0761924,9.49,hospital_radius,Sunway Medical Centre Ipoh,Perak
node/4586770497,Street Art #6 (Trishaw),Public Art,tourism=artwork,4.59531,101.0785528,9.32,hospital_radius,Sunway Medical Centre Ipoh,Perak
node/4586772800,Street art #5 (Evolution),Public Art,tourism=artwork,4.5961343,101.0790941,9.23,hospital_radius,Sunway Medical Centre Ipoh,Perak
node/4586772802,Coffee bags,Public Art,tourism=artwork,4.5973769,101.0786171,9.22,hospital_radius,Sunway Medical Centre Ipoh,Perak
node/4586773105,Street Art #4 (Hummingbird),Public Art,tourism=artwork,4.5967273,101.0784379,9.27,hospital_radius,Sunway Medical Centre Ipoh,Perak
node/4596223490,Rumah Ipoh,General Attraction,tourism=attraction,4.6635587,101.1037136,6.64,hospital_radius,Sunway Medical Centre Ipoh,Perak
node/4631071289,Tambun rock art,Public Art,tourism=artwork,4.602321,101.1304432,4.2,hospital_radius,Sunway Medical Centre Ipoh,Perak
node/4631422689,Street Art #3 (Kopi 'O'),Public Art,tourism=artwork,4.5973294,101.0787079,9.21,hospital_radius,Sunway Medical Centre Ipoh,Perak
node/4631422690,Streetart #2,Public Art,tourism=artwork,4.5978911,101.0768477,9.37,hospital_radius,Sunway Medical Centre Ipoh,Perak
node/4631422989,Street Art #1 (Paper Plane),Public Art,tourism=artwork,4.598069,101.0762343,9.43,hospital_radius,Sunway Medical Centre Ipoh,Perak
node/4631432990,Streetart #5,Public Art,tourism=artwork,4.5958712,101.07881,9.27,hospital_radius,Sunway Medical Centre Ipoh,Perak
node/4631558289,Street art,Public Art,tourism=artwork,4.5965346,101.0771498,9.41,hospital_radius,Sunway Medical Centre Ipoh,Perak
node/4631661789,Gerbang Malam,General Attraction,tourism=attraction,4.5964402,101.084715,8.65,hospital_radius,Sunway Medical Centre Ipoh,Perak
node/4776350022,Street Art,Public Art,tourism=artwork,4.5959948,101.0780238,9.34,hospital_radius,Sunway Medical Centre Ipoh,Perak
node/4792759211,Kek Lok Seah Monument,Monument,historic=monument,4.57985,101.0774633,10.29,hospital_radius,Sunway Medical Centre Ipoh,Perak
node/4826940521,Ipoh Ink Body Art Tattoo Shop,Public Art,tourism=artwork,4.5913017,101.0757267,9.8,hospital_radius,Sunway Medical Centre Ipoh,Perak
node/4847254021,ships in the harbour,Public Art,tourism=artwork,4.593867,101.0779572,9.45,hospital_radius,Sunway Medical Centre Ipoh,Perak
node/4936370821,Art Of Old Town,Public Art,tourism=artwork,4.5975369,101.0781066,9.26,hospital_radius,Sunway Medical Centre Ipoh,Perak
node/4936376629,Fantasy House Trick Art,General Attraction,tourism=attraction,4.5964495,101.0773515,9.39,hospital_radius,Sunway Medical Centre Ipoh,Perak
node/5085088321,Tea Museum,Museum,tourism=museum,4.5963509,101.07912,9.22,hospital_radius,Sunway Medical Centre Ipoh,Perak
node/5085552221,Ipoh World,Museum,tourism=museum,4.5962219,101.0791164,9.22,hospital_radius,Sunway Medical Centre Ipoh,Perak
node/5112770323,Monday Night Market,General Attraction,tourism=attraction,4.5782098,101.1229737,6.89,hospital_radius,Sunway Medical Centre Ipoh,Perak
node/5114921423,Tuesday Night Market,General Attraction,tourism=attraction,4.6151273,101.1208409,4.14,hospital_radius,Sunway Medical Centre Ipoh,Perak
node/5306235123,Miniature wonders,Museum,tourism=museum,4.5958326,101.0783482,9.32,hospital_radius,Sunway Medical Centre Ipoh,Perak
node/5307945221,二奶巷寓所博物館,Museum,tourism=museum,4.5980223,101.0784653,9.2,hospital_radius,Sunway Medical Centre Ipoh,Perak
node/5383877122,Cara Rolando Cafe,General Attraction,tourism=attraction,4.5983062,101.0785532,9.18,hospital_radius,Sunway Medical Centre Ipoh,Perak
node/5428936022,streetart #4,Public Art,tourism=artwork,4.596306,101.0792283,9.21,hospital_radius,Sunway Medical Centre Ipoh,Perak
node/5485921021,"Street Art - ""Hide and Seek""",General Attraction,tourism=attraction,4.5970802,101.0840354,8.69,hospital_radius,Sunway Medical Centre Ipoh,Perak
node/5785829530,Kledang Viewing Platform,Viewpoint / Scenic Spot,tourism=viewpoint,4.5817454,101.0243881,15.44,hospital_radius,Sunway Medical Centre Ipoh,Perak
node/5798705654,Dam,General Attraction,tourism=attraction,4.5994498,101.0787258,9.11,hospital_radius,Sunway Medical Centre Ipoh,Perak
node/5831817391,street art,Public Art,tourism=artwork,4.5997608,101.0843766,8.53,hospital_radius,Sunway Medical Centre Ipoh,Perak
node/5862639885,Street Art,Public Art,tourism=artwork,4.5923643,101.0829177,9.04,hospital_radius,Sunway Medical Centre Ipoh,Perak
node/5918011180,Gunung Gayong,Mountain / Peak,natural=peak,4.6780996,101.3106872,18.08,hospital_radius,Sunway Medical Centre Ipoh,Perak
node/5918020762,Gunung Korbu,Mountain / Peak,natural=peak,4.6897152,101.2972307,17.1,hospital_radius,Sunway Medical Centre Ipoh,Perak
node/6090228426,Lata Ulu Chepor,General Attraction,tourism=attraction,4.7097645,101.0690109,12.84,hospital_radius,Sunway Medical Centre Ipoh,Perak
node/6090414695,Lubuk Timah Falls,General Attraction,tourism=attraction,4.5583134,101.1651207,8.24,hospital_radius,Sunway Medical Centre Ipoh,Perak
node/6380634763,Streetart,Public Art,tourism=artwork,4.5970906,101.0784389,9.25,hospital_radius,Sunway Medical Centre Ipoh,Perak
node/6424706067,Landscape,Park / Green Space,leisure=park,4.5983414,101.074211,9.62,hospital_radius,Sunway Medical Centre Ipoh,Perak
node/6431992711,Istana Kinta,General Attraction,tourism=attraction,4.58823,101.0998188,7.74,hospital_radius,Sunway Medical Centre Ipoh,Perak
node/6460582612,Gunung Genting,Mountain / Peak,natural=peak,4.6116656,101.1336451,3.19,hospital_radius,Sunway Medical Centre Ipoh,Perak
node/6460582613,Gunung Tambun,Mountain / Peak,natural=peak,4.6309103,101.1343886,2.21,hospital_radius,Sunway Medical Centre Ipoh,Perak
node/6460582614,Gunung Bercham,Mountain / Peak,natural=peak,4.6451964,101.1341298,2.7,hospital_radius,Sunway Medical Centre Ipoh,Perak
node/6460582615,Gunung Temelang,Mountain / Peak,natural=peak,4.6621469,101.13111,4.26,hospital_radius,Sunway Medical Centre Ipoh,Perak
node/6460582616,Gunung Sentang,Mountain / Peak,natural=peak,4.6387229,101.0953332,6.59,hospital_radius,Sunway Medical Centre Ipoh,Perak
node/6460582617,Gunung Tasek,Mountain / Peak,natural=peak,4.643489,101.0996097,6.21,hospital_radius,Sunway Medical Centre Ipoh,Perak
node/6460582618,Gunung Cheroh,Mountain / Peak,natural=peak,4.6096079,101.0840258,8.17,hospital_radius,Sunway Medical Centre Ipoh,Perak
node/6460582619,Gunung Terendum,Mountain / Peak,natural=peak,4.5506755,101.1533527,9.01,hospital_radius,Sunway Medical Centre Ipoh,Perak
node/6460582620,Bukit Merah,Mountain / Peak,natural=peak,4.5616942,101.0240366,16.41,hospital_radius,Sunway Medical Centre Ipoh,Perak
node/6616696971,Han Chin Pet Soo,Museum,tourism=museum,4.5962767,101.0791217,9.22,hospital_radius,Sunway Medical Centre Ipoh,Perak
node/6733275265,Bukit Kledang,Mountain / Peak,natural=peak,4.5942793,101.0133836,16.17,hospital_radius,Sunway Medical Centre Ipoh,Perak
node/6733382718,Gunung Hulu Pari,Mountain / Peak,natural=peak,4.7571014,101.0572106,17.62,hospital_radius,Sunway Medical Centre Ipoh,Perak
node/6755490385,Perak Hydro Building (#17),Viewpoint / Scenic Spot,tourism=viewpoint,4.5973679,101.0759704,9.49,hospital_radius,Sunway Medical Centre Ipoh,Perak
node/6755490386,Hong Kong and Shanghai Bank (#10),Viewpoint / Scenic Spot,tourism=viewpoint,4.5976891,101.0775475,9.31,hospital_radius,Sunway Medical Centre Ipoh,Perak
node/6755490485,F.M.S Bar and Restaurant (#9),Viewpoint / Scenic Spot,tourism=viewpoint,4.5986205,101.0778749,9.24,hospital_radius,Sunway Medical Centre Ipoh,Perak
node/6755490486,Chung Thye Pin Building (#12),Viewpoint / Scenic Spot,tourism=viewpoint,4.5967382,101.0772584,9.38,hospital_radius,Sunway Medical Centre Ipoh,Perak
node/6755490585,S.P.H De Silva Building (#11),Viewpoint / Scenic Spot,tourism=viewpoint,4.5969664,101.0773382,9.37,hospital_radius,Sunway Medical Centre Ipoh,Perak
node/6755503485,Mikasa Photo Shop (#20),Viewpoint / Scenic Spot,tourism=viewpoint,4.596545,101.0773037,9.39,hospital_radius,Sunway Medical Centre Ipoh,Perak
node/6755503486,Straights Trading Building (#13),Viewpoint / Scenic Spot,tourism=viewpoint,4.5970469,101.0766344,9.43,hospital_radius,Sunway Medical Centre Ipoh,Perak
node/6755503487,Mercantile Bank (#15),Viewpoint / Scenic Spot,tourism=viewpoint,4.5971739,101.0765816,9.43,hospital_radius,Sunway Medical Centre Ipoh,Perak
node/6755503488,Dramatists Hostel (#21),Viewpoint / Scenic Spot,tourism=viewpoint,4.5963654,101.0779108,9.34,hospital_radius,Sunway Medical Centre Ipoh,Perak
node/6755503489,Han Chin Pet Soo (#23),Viewpoint / Scenic Spot,tourism=viewpoint,4.5962611,101.0790011,9.23,hospital_radius,Sunway Medical Centre Ipoh,Perak
node/6755503490,Perak Ku Kong Chow Association (#22),Viewpoint / Scenic Spot,tourism=viewpoint,4.5965736,101.0786756,9.25,hospital_radius,Sunway Medical Centre Ipoh,Perak
node/6755503585,Jan Sahib’s Office (#19),Viewpoint / Scenic Spot,tourism=viewpoint,4.5962287,101.0771346,9.42,hospital_radius,Sunway Medical Centre Ipoh,Perak
node/6755503586,Chartered Bank (#14),Viewpoint / Scenic Spot,tourism=viewpoint,4.5971539,101.0766436,9.43,hospital_radius,Sunway Medical Centre Ipoh,Perak
node/6755503985,Residence and Law Office of the Seenivasagam Brothers (#16),Viewpoint / Scenic Spot,tourism=viewpoint,4.5979979,101.0764592,9.41,hospital_radius,Sunway Medical Centre Ipoh,Perak
node/7138871885,Bridge,General Attraction,tourism=attraction,4.6000209,101.0787699,9.09,hospital_radius,Sunway Medical Centre Ipoh,Perak
node/7192790783,XCamp,Camp Site,tourism=camp_site,4.6180365,101.1578286,1.56,hospital_radius,Sunway Medical Centre Ipoh,Perak
node/7227747371,Little India gate,General Attraction,tourism=attraction,4.5922076,101.0746474,9.86,hospital_radius,Sunway Medical Centre Ipoh,Perak
node/7296820996,Bukit Bangkong,Mountain / Peak,natural=peak,4.7339982,101.1562664,11.38,hospital_radius,Sunway Medical Centre Ipoh,Perak
node/7394729867,Gunung Lang,Mountain / Peak,natural=peak,4.6142378,101.0860063,7.82,hospital_radius,Sunway Medical Centre Ipoh,Perak
node/7730063222,Paradise Valley,Nature Reserve,leisure=nature_reserve,4.5586466,101.1382041,8.31,hospital_radius,Sunway Medical Centre Ipoh,Perak
node/8015462576,Gunung Merawan,Mountain / Peak,natural=peak,4.5236603,101.1236978,12.48,hospital_radius,Sunway Medical Centre Ipoh,Perak
node/8015462577,Gunung Keroh,Mountain / Peak,natural=peak,4.5284251,101.1153454,12.27,hospital_radius,Sunway Medical Centre Ipoh,Perak
node/8015462578,Gunung Karang Besar,Mountain / Peak,natural=peak,4.5331952,101.1136288,11.84,hospital_radius,Sunway Medical Centre Ipoh,Perak
node/8015462607,Gunung Pua,Mountain / Peak,natural=peak,4.5066547,101.1487816,13.91,hospital_radius,Sunway Medical Centre Ipoh,Perak
node/8015462610,IPOH Sign,Monument,historic=monument,4.4774305,101.1733695,17.28,hospital_radius,Sunway Medical Centre Ipoh,Perak
node/8021637232,Gunung Kanthan,Mountain / Peak,natural=peak,4.7768679,101.1183445,16.63,hospital_radius,Sunway Medical Centre Ipoh,Perak
node/8021637248,Gua Kanthan,Mountain / Peak,natural=peak,4.7619636,101.1190311,15.01,hospital_radius,Sunway Medical Centre Ipoh,Perak
node/8024015101,Gunung Layang-Layang,Mountain / Peak,natural=peak,4.6471948,101.154536,1.73,hospital_radius,Sunway Medical Centre Ipoh,Perak
node/8027122994,Gunung Kuang,Mountain / Peak,natural=peak,4.7471799,101.1320061,13.08,hospital_radius,Sunway Medical Centre Ipoh,Perak
node/8150545269,Bukit Belantek,Mountain / Peak,natural=peak,4.6466931,100.9821708,19.16,hospital_radius,Sunway Medical Centre Ipoh,Perak
node/8150545271,Gunung Peninjau,Mountain / Peak,natural=peak,4.7125599,101.0471794,14.9,hospital_radius,Sunway Medical Centre Ipoh,Perak
node/8150545272,Gunung Lata Cingkanget,Mountain / Peak,natural=peak,4.7539145,101.0728713,16.32,hospital_radius,Sunway Medical Centre Ipoh,Perak
node/8233813851,Gunung Datok,Mountain / Peak,natural=peak,4.6108469,101.1554979,2.32,hospital_radius,Sunway Medical Centre Ipoh,Perak
node/8233813852,Bukit Lampas,Mountain / Peak,natural=peak,4.5729599,101.1881206,7.52,hospital_radius,Sunway Medical Centre Ipoh,Perak
node/8233813853,Bukit Tumpul,Mountain / Peak,natural=peak,4.5983176,101.1954559,5.87,hospital_radius,Sunway Medical Centre Ipoh,Perak
node/8233813854,Gunung Juang,Mountain / Peak,natural=peak,4.627739,101.2157238,6.82,hospital_radius,Sunway Medical Centre Ipoh,Perak
node/8260984971,Bukit Ulu Gopeng,Mountain / Peak,natural=peak,4.4752021,101.1725792,17.51,hospital_radius,Sunway Medical Centre Ipoh,Perak
node/8269041257,Bukit Bichara,Mountain / Peak,natural=peak,4.7187566,100.9993873,19.72,hospital_radius,Sunway Medical Centre Ipoh,Perak
node/8269041303,Gunung Jasar,Mountain / Peak,natural=peak,4.5984225,101.277818,14.18,hospital_radius,Sunway Medical Centre Ipoh,Perak
node/8269041304,Bukit Belanjor,Mountain / Peak,natural=peak,4.6710512,101.2589478,12.39,hospital_radius,Sunway Medical Centre Ipoh,Perak
node/8269041305,Bukit Batu Suloh,Mountain / Peak,natural=peak,4.6782827,101.2065764,7.77,hospital_radius,Sunway Medical Centre Ipoh,Perak
node/8269041306,Bukit Ulu Samak,Mountain / Peak,natural=peak,4.6934962,101.1898322,7.92,hospital_radius,Sunway Medical Centre Ipoh,Perak
node/8269050823,Bukit Mati,Mountain / Peak,natural=peak,4.7063816,101.1897862,9.19,hospital_radius,Sunway Medical Centre Ipoh,Perak
node/8269050824,Gunung Tunggal,Mountain / Peak,natural=peak,4.6340679,101.0978234,6.27,hospital_radius,Sunway Medical Centre Ipoh,Perak
node/8280282551,IPOH Sign,Monument,historic=monument,4.6312092,101.0869183,7.47,hospital_radius,Sunway Medical Centre Ipoh,Perak
node/8568278571,Gua Matsoorat,Cave,natural=cave_entrance,4.6282546,101.0991526,6.13,hospital_radius,Sunway Medical Centre Ipoh,Perak
node/8713919037,Gunung Ayer Hangat,Mountain / Peak,natural=peak,4.6295849,101.1603035,0.7,hospital_radius,Sunway Medical Centre Ipoh,Perak
node/8778185450,四面佛洞,Cave,natural=cave_entrance,4.5079773,101.1472792,13.78,hospital_radius,Sunway Medical Centre Ipoh,Perak
node/9328895193,Koo S Art Gallery,Art Gallery,tourism=gallery,4.6113892,101.1110938,5.3,hospital_radius,Sunway Medical Centre Ipoh,Perak
node/9328905632,Koo S Art Gallery,Art Gallery,tourism=gallery,4.6114292,101.1110051,5.3,hospital_radius,Sunway Medical Centre Ipoh,Perak
node/9489874031,Pavilion Petting Zoo @ Gunung Lang,Zoo / Wildlife Park,tourism=zoo,4.6291128,101.0900733,7.13,hospital_radius,Sunway Medical Centre Ipoh,Perak
node/9507109042,Taman Jepun (Entrance),Park / Green Space,leisure=park,4.6043101,101.0837646,8.39,hospital_radius,Sunway Medical Centre Ipoh,Perak
node/10186470850,Kem Puncak Korbu,Camp Site,tourism=camp_site,4.6898351,101.2971787,17.1,hospital_radius,Sunway Medical Centre Ipoh,Perak
node/10186489138,Anak Korbu,Viewpoint / Scenic Spot,tourism=viewpoint,4.6877687,101.2966704,16.96,hospital_radius,Sunway Medical Centre Ipoh,Perak
node/10186489139,Puncak Chuban,Viewpoint / Scenic Spot,tourism=viewpoint,4.6863706,101.29648,16.89,hospital_radius,Sunway Medical Centre Ipoh,Perak
node/10186489140,Kem Botak,Camp Site,tourism=camp_site,4.6824837,101.2938273,16.46,hospital_radius,Sunway Medical Centre Ipoh,Perak
node/10186489142,Kem Kijang,Camp Site,tourism=camp_site,4.6746216,101.2797852,14.7,hospital_radius,Sunway Medical Centre Ipoh,Perak
node/10186489143,Gunung Raya,Mountain / Peak,natural=peak,4.6759422,101.2886238,15.68,hospital_radius,Sunway Medical Centre Ipoh,Perak
node/10186489144,Kem Seroja,Camp Site,tourism=camp_site,4.6591217,101.2719083,13.38,hospital_radius,Sunway Medical Centre Ipoh,Perak
node/10187673502,Bukit Takai,Mountain / Peak,natural=peak,4.6535077,101.2821006,14.37,hospital_radius,Sunway Medical Centre Ipoh,Perak
node/10269827820,Puncak 683,Mountain / Peak,natural=peak,4.6582743,101.0214436,15.02,hospital_radius,Sunway Medical Centre Ipoh,Perak
node/10280201479,Puncak 556,Mountain / Peak,natural=peak,4.6699995,101.0466483,12.67,hospital_radius,Sunway Medical Centre Ipoh,Perak
node/11690382251,Kem Permatang,Camp Site,tourism=camp_site,4.7048117,101.2802285,16.15,hospital_radius,Sunway Medical Centre Ipoh,Perak
node/11690382261,Kem View,Camp Site,tourism=camp_site,4.7019554,101.2736973,15.36,hospital_radius,Sunway Medical Centre Ipoh,Perak
node/11690434951,Kem Sungai Seno'oi,Camp Site,tourism=camp_site,4.7036008,101.271911,15.29,hospital_radius,Sunway Medical Centre Ipoh,Perak
node/11690434960,Kem Balak,Camp Site,tourism=camp_site,4.7096515,101.2633574,14.87,hospital_radius,Sunway Medical Centre Ipoh,Perak
node/11690434981,Kem Malas,Camp Site,tourism=camp_site,4.7027848,101.2538825,13.57,hospital_radius,Sunway Medical Centre Ipoh,Perak
node/11690434983,Kem Sungai Gajah,Camp Site,tourism=camp_site,4.698086,101.2414692,12.16,hospital_radius,Sunway Medical Centre Ipoh,Perak
node/11691192143,Kem Syafiqah,Camp Site,tourism=camp_site,4.6665215,101.22641,8.88,hospital_radius,Sunway Medical Centre Ipoh,Perak
node/11716486434,Kem Kayu 46,Camp Site,tourism=camp_site,4.7070518,101.0541692,13.91,hospital_radius,Sunway Medical Centre Ipoh,Perak
node/11716486435,Kem Permatang,Camp Site,tourism=camp_site,4.7090219,101.0603786,13.51,hospital_radius,Sunway Medical Centre Ipoh,Perak
node/12012284608,22 Hale Street Gallery,Museum,tourism=museum,4.5976262,101.0784235,9.23,hospital_radius,Sunway Medical Centre Ipoh,Perak
node/12013422090,Upside Down World,Art Gallery,tourism=gallery,4.5973908,101.0785078,9.23,hospital_radius,Sunway Medical Centre Ipoh,Perak
node/12093111402,Akira Toriyama Street Art,Public Art,tourism=artwork,4.596133,101.0854449,8.6,hospital_radius,Sunway Medical Centre Ipoh,Perak
node/12284577501,Akash Classics Malaysia,Museum,tourism=museum,4.6031852,101.11216,5.65,hospital_radius,Sunway Medical Centre Ipoh,Perak
node/12307097863,Perak Cave,Cave,natural=cave_entrance,4.6441635,101.0994007,6.25,hospital_radius,Sunway Medical Centre Ipoh,Perak
node/12372895062,Museum Tanahsahi (Entomology Meseum . Art and Culture),Museum,tourism=museum,4.5185542,101.1350575,12.76,hospital_radius,Sunway Medical Centre Ipoh,Perak
node/12577828801,Tree of Success - Pokok Kejayaan,Memorial,historic=memorial,4.6030655,101.0827204,8.55,hospital_radius,Sunway Medical Centre Ipoh,Perak
node/12970244480,Bukit Masok,Mountain / Peak,natural=peak,4.4859213,101.2576175,19.84,hospital_radius,Sunway Medical Centre Ipoh,Perak
node/12985249994,Fu Yun Lai Aquarium,Aquarium,tourism=aquarium,4.5720166,101.1154977,7.91,hospital_radius,Sunway Medical Centre Ipoh,Perak
node/13020405071,Bukit Poh,Mountain / Peak,natural=peak,4.779722,101.1667598,16.52,hospital_radius,Sunway Medical Centre Ipoh,Perak
node/13204071064,Puncak 559,Mountain / Peak,natural=peak,4.6715393,101.0439044,13.02,hospital_radius,Sunway Medical Centre Ipoh,Perak
node/13204071065,Bukit Perangin,Mountain / Peak,natural=peak,4.6483186,101.0121122,15.87,hospital_radius,Sunway Medical Centre Ipoh,Perak
node/13276975401,NZ STUDIO EMPIRE,Public Art,tourism=artwork,4.562175,101.1076172,9.3,hospital_radius,Sunway Medical Centre Ipoh,Perak
node/13325811701,Ipoh Art Alexander Yong Studio,Public Art,tourism=artwork,4.5969359,101.0780228,9.3,hospital_radius,Sunway Medical Centre Ipoh,Perak
node/13565867818,霹雳洞中山文物馆,Museum,tourism=museum,4.6436637,101.0999019,6.18,hospital_radius,Sunway Medical Centre Ipoh,Perak
node/13837919001,Ipoh Art Alexander Yong Studio & Private Art Gallery,Public Art,tourism=artwork,4.5933627,101.0846071,8.82,hospital_radius,Sunway Medical Centre Ipoh,Perak
node/13874847801,abandoned houses,Historic Ruins,historic=ruins,4.5917237,101.0803336,9.33,hospital_radius,Sunway Medical Centre Ipoh,Perak
way/156177648,Dataran Ipoh,Park / Green Space,leisure=park,4.5988137,101.0911277,7.9,hospital_radius,Sunway Medical Centre Ipoh,Perak
way/180208957,Taman D.R Seenivasagam,Park / Green Space,leisure=park,4.6041474,101.0834559,8.43,hospital_radius,Sunway Medical Centre Ipoh,Perak
way/260753088,Taman Klebang Bayu Park,Park / Green Space,leisure=park,4.66626,101.110065,6.24,hospital_radius,Sunway Medical Centre Ipoh,Perak
way/273017683,Gaharu Tea Valley,General Attraction,tourism=attraction,4.460772,101.1959289,19.55,hospital_radius,Sunway Medical Centre Ipoh,Perak
way/281269110,Lost World of Tambun,Theme Park,tourism=theme_park,4.6249485,101.1557036,0.76,hospital_radius,Sunway Medical Centre Ipoh,Perak
way/281478088,Taman Herba Negeri Perak,General Attraction,tourism=attraction,4.5040767,101.139748,14.28,hospital_radius,Sunway Medical Centre Ipoh,Perak
way/283118326,Ipoh Padang,Park / Green Space,leisure=park,4.5989502,101.0767304,9.34,hospital_radius,Sunway Medical Centre Ipoh,Perak
way/285387125,Padang Kilat,Park / Green Space,leisure=park,4.5694293,101.0839481,10.43,hospital_radius,Sunway Medical Centre Ipoh,Perak
way/287003384,Taman Rekreasi Sultan Abdul Aziz,Park / Green Space,leisure=park,4.596123,101.1116985,6.16,hospital_radius,Sunway Medical Centre Ipoh,Perak
way/289187965,Unmanaged Park,Park / Green Space,leisure=park,4.6280798,101.1293453,2.8,hospital_radius,Sunway Medical Centre Ipoh,Perak
way/299635595,The King's Park,Park / Green Space,leisure=park,4.6596127,101.1017475,6.61,hospital_radius,Sunway Medical Centre Ipoh,Perak
way/299647034,Ipoh,General Attraction,tourism=attraction,4.5981487,101.07339,9.72,hospital_radius,Sunway Medical Centre Ipoh,Perak
way/300886387,People's Park,Park / Green Space,leisure=park,4.5940543,101.0792445,9.32,hospital_radius,Sunway Medical Centre Ipoh,Perak
way/305536488,First Garden Jogging Track,Park / Green Space,leisure=park,4.5964708,101.0577502,11.4,hospital_radius,Sunway Medical Centre Ipoh,Perak
way/314684009,Medan Lapangan Lagenda Park,Park / Green Space,leisure=park,4.5576394,101.1104721,9.56,hospital_radius,Sunway Medical Centre Ipoh,Perak
way/315577605,Padang Bola Desa Pakatan,Other (park;pitch),leisure=park;pitch,4.5409345,101.0779127,13.17,hospital_radius,Sunway Medical Centre Ipoh,Perak
way/315583259,Eco Park 1,Park / Green Space,leisure=park,4.5324688,101.1013259,12.5,hospital_radius,Sunway Medical Centre Ipoh,Perak
way/339101041,Kellie's Castle,General Attraction,tourism=attraction,4.4744818,101.0877549,18.97,hospital_radius,Sunway Medical Centre Ipoh,Perak
way/476866753,taman arkid playground,Park / Green Space,leisure=park,4.5847336,101.0345373,14.27,hospital_radius,Sunway Medical Centre Ipoh,Perak
way/486702757,Chong Tse Yen Park,Park / Green Space,leisure=park,4.5791244,101.0783757,10.25,hospital_radius,Sunway Medical Centre Ipoh,Perak
way/489733895,Playground at Pegoh,Park / Green Space,leisure=park,4.5594427,101.0771122,11.74,hospital_radius,Sunway Medical Centre Ipoh,Perak
way/489733896,Playground at Pegoh,Park / Green Space,leisure=park,4.5589465,101.0787849,11.64,hospital_radius,Sunway Medical Centre Ipoh,Perak
way/562623151,Taman Permainan,Park / Green Space,leisure=park,4.6590066,101.0746779,9.34,hospital_radius,Sunway Medical Centre Ipoh,Perak
way/583511455,Strand Park,Park / Green Space,leisure=park,4.6904925,101.1132502,7.97,hospital_radius,Sunway Medical Centre Ipoh,Perak
way/696105994,Tasik Cermin,General Attraction,tourism=attraction,4.5589512,101.1202727,8.92,hospital_radius,Sunway Medical Centre Ipoh,Perak
way/696105995,Tasik Cermin 2,General Attraction,tourism=attraction,4.557043,101.1188682,9.18,hospital_radius,Sunway Medical Centre Ipoh,Perak
way/704563220,Geological Museum Ipoh,Museum,tourism=museum,4.597758,101.1193626,5.41,hospital_radius,Sunway Medical Centre Ipoh,Perak
way/704563221,Darul Ridzuan Museum,Museum,tourism=museum,4.6045177,101.0781066,8.97,hospital_radius,Sunway Medical Centre Ipoh,Perak
way/743772584,Pusat Kecemerlangan Orang Asli Perak (PKPOAP),Park / Green Space,leisure=park,4.5677495,101.2104351,9.44,hospital_radius,Sunway Medical Centre Ipoh,Perak
way/753495753,巴占文化旅游馆,General Attraction,tourism=attraction,4.6406865,101.1291485,2.97,hospital_radius,Sunway Medical Centre Ipoh,Perak
way/768800764,Nam Thean Tong Temple 南天洞,General Attraction,tourism=attraction,4.5655328,101.1147944,8.56,hospital_radius,Sunway Medical Centre Ipoh,Perak
way/778885769,Istana Cempaka Sari,Historic Fort/Castle,historic=castle,4.5868414,101.1124056,6.81,hospital_radius,Sunway Medical Centre Ipoh,Perak
way/804934128,Taman Pinggir Sungai Pasir Pinji,Park / Green Space,leisure=park,4.5720853,101.0911876,9.64,hospital_radius,Sunway Medical Centre Ipoh,Perak
way/824860061,Galeri Puo,Art Gallery,tourism=gallery,4.5874428,101.1249075,5.9,hospital_radius,Sunway Medical Centre Ipoh,Perak
way/832118577,Taman Rekreasi Gunung Lang,Park / Green Space,leisure=park,4.6236005,101.0893818,7.26,hospital_radius,Sunway Medical Centre Ipoh,Perak
way/864963780,Eco Park 2,Park / Green Space,leisure=park,4.5261665,101.0963527,13.38,hospital_radius,Sunway Medical Centre Ipoh,Perak
way/880045310,Pine Park,Park / Green Space,leisure=park,4.6901443,101.1122707,8.0,hospital_radius,Sunway Medical Centre Ipoh,Perak
way/917014572,Perpaduan Indah 3,Park / Green Space,leisure=park,4.6200389,101.1415586,1.92,hospital_radius,Sunway Medical Centre Ipoh,Perak
way/957912731,Strand Park,Park / Green Space,leisure=park,4.6905166,101.1132502,7.97,hospital_radius,Sunway Medical Centre Ipoh,Perak
way/958139421,Istana Al-Ridhuan Perak,Historic Fort/Castle,historic=castle,4.5965381,101.1003519,7.15,hospital_radius,Sunway Medical Centre Ipoh,Perak
way/963212134,Strand Park Recreational Area,Park / Green Space,leisure=park,4.6918164,101.1122711,8.15,hospital_radius,Sunway Medical Centre Ipoh,Perak
way/991338950,Little India,General Attraction,tourism=attraction,4.5929275,101.0754218,9.75,hospital_radius,Sunway Medical Centre Ipoh,Perak
way/1036178523,Parkland Park,Park / Green Space,leisure=park,4.6970377,101.1184968,8.28,hospital_radius,Sunway Medical Centre Ipoh,Perak
way/1052405496,Kinta Riverfront Walk,Park / Green Space,leisure=park,4.6037565,101.0806735,8.73,hospital_radius,Sunway Medical Centre Ipoh,Perak
way/1095091665,华城 WaterFront City,Public Art,tourism=artwork,4.542467,101.0344472,16.58,hospital_radius,Sunway Medical Centre Ipoh,Perak
way/1122528823,Geopark Lubuk Timah,Park / Green Space,leisure=park,4.559069,101.1628749,8.13,hospital_radius,Sunway Medical Centre Ipoh,Perak
way/1124151889,Taman Eko Rimba Kledang Saiong,Other (information),tourism=information,4.6843048,101.0678462,11.23,hospital_radius,Sunway Medical Centre Ipoh,Perak
way/1300905706,Concubine Lane,General Attraction,tourism=attraction,4.5962007,101.0784132,9.29,hospital_radius,Sunway Medical Centre Ipoh,Perak
node/6450898521,Bukit Cherakah,Mountain / Peak,natural=peak,3.2308235,101.393846,14.91,hospital_radius,Topvision Eye Specialist Centre,Selangor
node/10201538444,Bukit Botak,Viewpoint / Scenic Spot,tourism=viewpoint,3.2333645,101.3891128,15.39,hospital_radius,Topvision Eye Specialist Centre,Selangor
node/10202050297,Gua Kambing,Cave,natural=cave_entrance,3.2302026,101.3910467,14.98,hospital_radius,Topvision Eye Specialist Centre,Selangor
node/10202050298,Vine tree,General Attraction,tourism=attraction,3.230242,101.3910466,14.98,hospital_radius,Topvision Eye Specialist Centre,Selangor
node/10202050305,Kapok tree,General Attraction,tourism=attraction,3.2305185,101.3909397,15.01,hospital_radius,Topvision Eye Specialist Centre,Selangor
node/10202050306,Strangler Fig,General Attraction,tourism=attraction,3.2314772,101.3991764,14.76,hospital_radius,Topvision Eye Specialist Centre,Selangor
node/10202050308,Scenic Cliff,Viewpoint / Scenic Spot,tourism=viewpoint,3.2298162,101.3957351,14.73,hospital_radius,Topvision Eye Specialist Centre,Selangor
node/10202087736,Rock Garden,Viewpoint / Scenic Spot,tourism=viewpoint,3.2305004,101.3987915,14.67,hospital_radius,Topvision Eye Specialist Centre,Selangor
node/12645164708,Bukit Mayong,Mountain / Peak,natural=peak,3.2820697,101.4299655,19.49,hospital_radius,Topvision Eye Specialist Centre,Selangor
node/270732636,Pantai Bagan Lalang,Picnic / Recreation Site,tourism=picnic_site,2.5995896,101.6897398,18.12,hospital_radius,UCSI Hospital,Negeri Sembilan
node/417965539,Kem Teluk Kemang,Camp Site,tourism=camp_site,2.4476865,101.8560068,17.57,hospital_radius,UCSI Hospital,Negeri Sembilan
node/4185604351,Rumah Terbalik Upside Down PD,Art Gallery,tourism=gallery,2.4463578,101.8596292,17.73,hospital_radius,UCSI Hospital,Negeri Sembilan
node/4839930321,Tapak Perkhemahan Pantai Bagan Pinang,Camp Site,tourism=camp_site,2.5103311,101.8275683,10.97,hospital_radius,UCSI Hospital,Negeri Sembilan
node/4839930322,Tapak Perkhemahan Pantai Saujana,Camp Site,tourism=camp_site,2.5011325,101.8371417,11.76,hospital_radius,UCSI Hospital,Negeri Sembilan
node/4848836150,PD Ostrich Showfarm,Zoo / Wildlife Park,tourism=zoo,2.4463728,101.8625117,17.75,hospital_radius,UCSI Hospital,Negeri Sembilan
node/4852898276,Pantai Cahaya Negeri,Beach,natural=beach,2.4909494,101.8407142,12.83,hospital_radius,UCSI Hospital,Negeri Sembilan
node/4853061219,Muzium Tentera Darat,Museum,tourism=museum,2.4968002,101.8480553,12.12,hospital_radius,UCSI Hospital,Negeri Sembilan
node/4855100776,Pantai Saujana,Beach,natural=beach,2.5018045,101.8364185,11.69,hospital_radius,UCSI Hospital,Negeri Sembilan
node/4869819586,Wild West Cowboy,Theme Park,tourism=theme_park,2.5592529,101.8189527,6.39,hospital_radius,UCSI Hospital,Negeri Sembilan
node/4870445676,Muzium Kota Lukut,Museum,tourism=museum,2.5681508,101.8227892,5.34,hospital_radius,UCSI Hospital,Negeri Sembilan
node/4894818321,Port Dickson Army  Musuem,General Attraction,tourism=attraction,2.4965375,101.8472409,12.15,hospital_radius,UCSI Hospital,Negeri Sembilan
node/5064200651,Tanjong Gemuk,General Attraction,tourism=attraction,2.5211299,101.7952322,11.37,hospital_radius,UCSI Hospital,Negeri Sembilan
node/5137392426,Pasar Malam Taman Blossom Height,General Attraction,tourism=attraction,2.6962592,101.9460969,14.45,hospital_radius,UCSI Hospital,Negeri Sembilan
node/5357437687,Sea Turtle Pond,Aquarium,tourism=aquarium,2.5496067,101.7972538,8.77,hospital_radius,UCSI Hospital,Negeri Sembilan
node/6087294185,Buy U Campground,Camp Site,tourism=camp_site,2.5969827,101.6930477,17.77,hospital_radius,UCSI Hospital,Negeri Sembilan
node/6727679558,Gun Hill,Mountain / Peak,natural=peak,2.7121045,101.9399914,15.29,hospital_radius,UCSI Hospital,Negeri Sembilan
node/8749720876,Bukit Batu Puteh,Mountain / Peak,natural=peak,2.6082068,102.030732,19.77,hospital_radius,UCSI Hospital,Negeri Sembilan
node/9748030889,Pusat Edu-Ecotourism Sungai Menyala,Nature Reserve,leisure=nature_reserve,2.4944972,101.8893265,13.01,hospital_radius,UCSI Hospital,Negeri Sembilan
node/12005043667,The Post Box,Memorial,historic=memorial,2.5057717,101.8329634,11.33,hospital_radius,UCSI Hospital,Negeri Sembilan
node/12258007648,Sky Ladder Pineapple Farm,General Attraction,tourism=attraction,2.5521056,101.8506912,5.96,hospital_radius,UCSI Hospital,Negeri Sembilan
node/13006222289,Pantai 3,Beach,natural=beach,2.4482958,101.8560266,17.51,hospital_radius,UCSI Hospital,Negeri Sembilan
node/13007768252,0km Port Dickson,Monument,historic=monument,2.5237682,101.7962433,11.06,hospital_radius,UCSI Hospital,Negeri Sembilan
node/13662103385,Persatuan Kebudayaan Hakka Negeri Sembilan,Museum,tourism=museum,2.7336193,101.9377564,17.07,hospital_radius,UCSI Hospital,Negeri Sembilan
node/13689085167,芙蓉泰和堂民俗文化馆,Museum,tourism=museum,2.7294853,101.9392238,16.78,hospital_radius,UCSI Hospital,Negeri Sembilan
way/303051166,Kompleks Belia dan Sukan Paroi,Park / Green Space,leisure=park,2.725479,101.9772814,19.2,hospital_radius,UCSI Hospital,Negeri Sembilan
way/483073839,Forest Heights Park,Park / Green Space,leisure=park,2.7041085,101.9698896,17.0,hospital_radius,UCSI Hospital,Negeri Sembilan
way/483076779,Taipan Senawang Park,Park / Green Space,leisure=park,2.7039443,101.9873961,18.52,hospital_radius,UCSI Hospital,Negeri Sembilan
way/505597203,S2 City Park,Park / Green Space,leisure=park,2.688017,101.91557,11.51,hospital_radius,UCSI Hospital,Negeri Sembilan
way/544124532,Taman Rekreasi Air Seremban,Park / Green Space,leisure=park,2.7235945,101.9435737,16.54,hospital_radius,UCSI Hospital,Negeri Sembilan
way/544527217,Dataran Seremban,Park / Green Space,leisure=park,2.7219957,101.938877,16.08,hospital_radius,UCSI Hospital,Negeri Sembilan
way/544952969,MPS Public Park,Park / Green Space,leisure=park,2.7204097,101.9502868,16.73,hospital_radius,UCSI Hospital,Negeri Sembilan
way/544970002,Istana Hinggap Negeri Sembilan,Historic Fort/Castle,historic=castle,2.727691,101.9430748,16.87,hospital_radius,UCSI Hospital,Negeri Sembilan
way/553516717,PD Waterfront Recreation Park,Park / Green Space,leisure=park,2.5212842,101.8015389,10.98,hospital_radius,UCSI Hospital,Negeri Sembilan
way/553528514,Seremban Lake Garden Park,Park / Green Space,leisure=park,2.7224863,101.9471893,16.69,hospital_radius,UCSI Hospital,Negeri Sembilan
way/553968503,Dataran Sri Kemang Recreation Park,Park / Green Space,leisure=park,2.4544418,101.8561933,16.82,hospital_radius,UCSI Hospital,Negeri Sembilan
way/553971365,Seri Kemang Recreation park,Park / Green Space,leisure=park,2.4578724,101.8550893,16.44,hospital_radius,UCSI Hospital,Negeri Sembilan
way/554949346,Taman Komuniti Awam Port Dickson,Park / Green Space,leisure=park,2.5261115,101.7931745,11.05,hospital_radius,UCSI Hospital,Negeri Sembilan
way/554954090,Glory Beach Resort Recreation Park & Pool,Park / Green Space,leisure=park,2.5493434,101.7974641,8.78,hospital_radius,UCSI Hospital,Negeri Sembilan
way/554956130,Saujana Beach Park,Park / Green Space,leisure=park,2.5016796,101.8365466,11.71,hospital_radius,UCSI Hospital,Negeri Sembilan
way/554956131,Cahaya Negeri Beach Park,Park / Green Space,leisure=park,2.4915371,101.8402958,12.77,hospital_radius,UCSI Hospital,Negeri Sembilan
way/555265400,Taman Sri Tanjung,Park / Green Space,leisure=park,2.5471469,101.7983337,8.89,hospital_radius,UCSI Hospital,Negeri Sembilan
way/555277393,Tapak Pesta PD,Park / Green Space,leisure=park,2.5243038,101.8079598,10.33,hospital_radius,UCSI Hospital,Negeri Sembilan
way/555758423,PD Clock Tower Recreation Centre,Park / Green Space,leisure=park,2.5244118,101.7952779,11.07,hospital_radius,UCSI Hospital,Negeri Sembilan
way/555758424,Port Dickson Clock Tower,General Attraction,tourism=attraction,2.524411,101.7953124,11.07,hospital_radius,UCSI Hospital,Negeri Sembilan
way/556123015,Playground Flat PPR,Other (grass),natural=grass,2.6905846,101.9965794,18.55,hospital_radius,UCSI Hospital,Negeri Sembilan
way/557080947,Kg Sentosa Playground,Park / Green Space,leisure=park,2.7136966,101.9819379,18.71,hospital_radius,UCSI Hospital,Negeri Sembilan
way/560809314,Alamanda Park,Other (grass),natural=grass,2.696669,101.9889687,18.2,hospital_radius,UCSI Hospital,Negeri Sembilan
way/577856191,Zebrina S2 Park,Park / Green Space,leisure=park,2.6895848,101.9105688,11.32,hospital_radius,UCSI Hospital,Negeri Sembilan
way/583985139,Taman Desa Melor Playground,Park / Green Space,leisure=park,2.7012748,101.9883855,18.44,hospital_radius,UCSI Hospital,Negeri Sembilan
way/588476070,PD Ostrich Show Farm,Park / Green Space,leisure=park,2.4466883,101.8621325,17.71,hospital_radius,UCSI Hospital,Negeri Sembilan
way/588476071,PD Ostrich Park,Park / Green Space,leisure=park,2.4463681,101.8621672,17.75,hospital_radius,UCSI Hospital,Negeri Sembilan
way/589050847,Park Taman Kemuning,Park / Green Space,leisure=park,2.6941284,101.9855766,17.73,hospital_radius,UCSI Hospital,Negeri Sembilan
way/589052563,Park Taman Matahari Indah,Park / Green Space,leisure=park,2.6959563,101.9995313,19.14,hospital_radius,UCSI Hospital,Negeri Sembilan
way/620959754,Taman Muzium Kota Lukut,Park / Green Space,leisure=park,2.568718,101.8233706,5.25,hospital_radius,UCSI Hospital,Negeri Sembilan
way/620961107,Muzium Kota Lukut,Museum,tourism=museum,2.56938,101.8247604,5.1,hospital_radius,UCSI Hospital,Negeri Sembilan
way/620961108,Muzium Kota Lukut,Museum,tourism=museum,2.5691207,101.824359,5.15,hospital_radius,UCSI Hospital,Negeri Sembilan
way/620961109,Muzium Kota Lukut,Museum,tourism=museum,2.5688721,101.8240787,5.19,hospital_radius,UCSI Hospital,Negeri Sembilan
way/620961110,Muzium Kota Lukut,Museum,tourism=museum,2.568542,101.8232369,5.28,hospital_radius,UCSI Hospital,Negeri Sembilan
way/620961111,Muzium Kota Lukut,Museum,tourism=museum,2.56841,101.8232024,5.29,hospital_radius,UCSI Hospital,Negeri Sembilan
way/622844008,Springhill Lake,Park / Green Space,leisure=park,2.6043854,101.8614467,0.97,hospital_radius,UCSI Hospital,Negeri Sembilan
way/622914754,Jom Memain Playground,Park / Green Space,leisure=park,2.6722446,101.9771817,15.68,hospital_radius,UCSI Hospital,Negeri Sembilan
way/622914936,Taman Seremban Jaya Playground,Park / Green Space,leisure=park,2.6690799,101.9743449,15.23,hospital_radius,UCSI Hospital,Negeri Sembilan
way/622915443,Tmn Seremban Jaya Park,Park / Green Space,leisure=park,2.6784053,101.9742193,15.73,hospital_radius,UCSI Hospital,Negeri Sembilan
way/622915522,Taman Masjid,Park / Green Space,leisure=park,2.6700363,101.9945995,17.3,hospital_radius,UCSI Hospital,Negeri Sembilan
way/630324070,Park Avenue S2 Playground,Park / Green Space,leisure=park,2.6845384,101.9040753,10.46,hospital_radius,UCSI Hospital,Negeri Sembilan
way/652078791,Pinggiran Golf Recreation Park,Park / Green Space,leisure=park,2.7294347,101.9797633,19.7,hospital_radius,UCSI Hospital,Negeri Sembilan
way/652083081,Nyior Gading Recreation Park,Park / Green Space,leisure=park,2.7170775,101.9603845,17.21,hospital_radius,UCSI Hospital,Negeri Sembilan
way/652084177,Sakura Recreation Park,Park / Green Space,leisure=park,2.7191668,101.9642697,17.68,hospital_radius,UCSI Hospital,Negeri Sembilan
way/665404584,Pinggiran Senawang 1 Park,Park / Green Space,leisure=park,2.6531477,101.9967116,16.84,hospital_radius,UCSI Hospital,Negeri Sembilan
way/665405440,Pinggiran Senawang 3 Park,Park / Green Space,leisure=park,2.6481669,101.9959368,16.59,hospital_radius,UCSI Hospital,Negeri Sembilan
way/665405743,Pinggiran Senawang 4 Park,Park / Green Space,leisure=park,2.6537578,102.0007078,17.28,hospital_radius,UCSI Hospital,Negeri Sembilan
way/700988661,Flat Senawang Park,Park / Green Space,leisure=park,2.6908344,101.9843986,17.42,hospital_radius,UCSI Hospital,Negeri Sembilan
way/763964266,Taman Pelangi Park,Park / Green Space,leisure=park,2.5582559,101.8064467,7.37,hospital_radius,UCSI Hospital,Negeri Sembilan
way/793304573,Iringan Bayu Wetland Park,Park / Green Space,leisure=park,2.648974,101.8959694,6.8,hospital_radius,UCSI Hospital,Negeri Sembilan
way/925179244,Galeri DiRaja Tuanku Ja'afar,Museum,tourism=museum,2.7251043,101.9460239,16.84,hospital_radius,UCSI Hospital,Negeri Sembilan
way/1117646296,Taman Bandar Senawang Lake,Park / Green Space,leisure=park,2.6964776,102.005268,19.72,hospital_radius,UCSI Hospital,Negeri Sembilan
way/1249362221,Taman Permainan Bukit Seri Senawang,Park / Green Space,leisure=park,2.6672885,101.9936127,17.08,hospital_radius,UCSI Hospital,Negeri Sembilan
way/1395435526,Taman Kanak-Kanak Sungai Temiang Division,Park / Green Space,leisure=park,2.7249573,101.9532463,17.33,hospital_radius,UCSI Hospital,Negeri Sembilan
way/1544051431,Tokong Then Sze,General Attraction,tourism=attraction,2.7459913,101.9413598,18.44,hospital_radius,UCSI Hospital,Negeri Sembilan
