No,Hospital_Name,State_Code,State,Membership_Tier,Hospital_Type,Accreditation,Languages_Spoken,International_Patient_Services,Website_URL,specialist,Latitude,Longitude
1,Alhaya Fertility Centre,WP,Wilayah Persekutuan,Ordinary Member,Fertility Centre,RTAC,"English, Malay",https://alhayafertility.com/en/ivf-journey-in-malaysia-for-international-patients/,https://alhayafertility.com/,Fertility,3.1711205,101.618454
2,Alpha IVF & Women's Specialists Centre,SEL,Selangor,Elite Membership,Specialized Fertility & Women's Hospital,RTAC Accredited,English; Mandarin; Malay,International patient services; Dedicated incubators for each patient,https://www.alphafertilitycentre.com/,Obstetrics and Gynaecology,3.1551657,101.5945975
3,Alpha IVF & Women's Specialists Centre,SEL,Selangor,Elite Membership,Specialized Fertility & Women's Hospital,RTAC Accredited,English; Mandarin; Malay,International patient services; Dedicated incubators for each patient,https://www.alphafertilitycentre.com/,Fertility,3.1551657,101.5945975
4,ALPS Medical Centre,WP,Wilayah Persekutuan,Ordinary Member,Medical Centre,,"Malay, English, Mandarin",https://alpsmedical.com/malaysia-healthcare-travel-council/,https://alpsmedical.com/,Plastic Surgery,3.1556066,101.7226909
5,ALTY Orthopaedic Hospital,WP,Wilayah Persekutuan,Ordinary Member,Specialist Hospital,MSQH Accredited,English; Malay; Mandarin,Advanced orthopedic imaging; Physiotherapy,https://www.altyortho.com,Sports Medicine,3.15993,101.7229048
6,ALTY Orthopaedic Hospital,WP,Wilayah Persekutuan,Ordinary Member,Specialist Hospital,MSQH Accredited,English; Malay; Mandarin,Advanced orthopedic imaging; Physiotherapy,https://www.altyortho.com,Trauma,3.15993,101.7229048
7,ALTY Orthopaedic Hospital,WP,Wilayah Persekutuan,Ordinary Member,Specialist Hospital,MSQH Accredited,English; Malay; Mandarin,Advanced orthopedic imaging; Physiotherapy,https://www.altyortho.com,Screening,3.15993,101.7229048
8,ALTY Orthopaedic Hospital,WP,Wilayah Persekutuan,Ordinary Member,Specialist Hospital,MSQH Accredited,English; Malay; Mandarin,Advanced orthopedic imaging; Physiotherapy,https://www.altyortho.com,Imaging,3.15993,101.7229048
9,ALTY Orthopaedic Hospital,WP,Wilayah Persekutuan,Ordinary Member,Specialist Hospital,MSQH Accredited,English; Malay; Mandarin,Advanced orthopedic imaging; Physiotherapy,https://www.altyortho.com,Joint Orthopaedic Surgery,3.15993,101.7229048
10,Ampang Puteri Specialist Hospital,SEL,Selangor,Elite Membership,,,,,https://kpjhealth.com.my/ampang/,Orthopaedics,3.1601192,101.7516737
11,Ampang Puteri Specialist Hospital,SEL,Selangor,Elite Membership,,,,,https://kpjhealth.com.my/ampang/,Women's Health,3.1601192,101.7516737
12,Ampang Puteri Specialist Hospital,SEL,Selangor,Elite Membership,,,,,https://kpjhealth.com.my/ampang/,General Surgery,3.1601192,101.7516737
13,Ampang Puteri Specialist Hospital,SEL,Selangor,Elite Membership,,,,,https://kpjhealth.com.my/ampang/,Internal Medicine,3.1601192,101.7516737
14,Ampang Puteri Specialist Hospital,SEL,Selangor,Elite Membership,,,,,https://kpjhealth.com.my/ampang/,Paediatrics,3.1601192,101.7516737
15,Artius Dental Specialist Center,WP,Wilayah Persekutuan,Ordinary Member,Dental Clinic,,"English, Malay, Mandarin",,https://artiusdental.com,Dental,3.1555436,101.722754
16,Aurelius Hospital Negeri Sembilan,NS,Negeri Sembilan,Ordinary Member,,,,,https://www.aureliushealth.com/negerisembilan,Accident & Emergency,2.8118159,101.7731314
17,Aurelius Hospital Negeri Sembilan,NS,Negeri Sembilan,Ordinary Member,,,,,https://www.aureliushealth.com/negerisembilan,Anaesthesiology,2.8118159,101.7731314
18,Aurelius Hospital Negeri Sembilan,NS,Negeri Sembilan,Ordinary Member,,,,,https://www.aureliushealth.com/negerisembilan,Aviation Medicine,2.8118159,101.7731314
19,Aurelius Hospital Negeri Sembilan,NS,Negeri Sembilan,Ordinary Member,,,,,https://www.aureliushealth.com/negerisembilan,Breast & Endocrine Surgery,2.8118159,101.7731314
20,Aurelius Hospital Negeri Sembilan,NS,Negeri Sembilan,Ordinary Member,,,,,https://www.aureliushealth.com/negerisembilan,Cardiology and Internal Medicine,2.8118159,101.7731314
21,Avisena Special Hospital,SEL,Selangor,Ordinary Member,,,,,https://shahalam.avisena.com.my/,Internal Medicine,3.0717722,101.52412
22,Avisena Special Hospital,SEL,Selangor,Ordinary Member,,,,,https://shahalam.avisena.com.my/,Surgical,3.0717722,101.52412
23,Avisena Special Hospital,SEL,Selangor,Ordinary Member,,,,,https://shahalam.avisena.com.my/,General Surgery,3.0717722,101.52412
24,Avisena Special Hospital,SEL,Selangor,Ordinary Member,,,,,https://shahalam.avisena.com.my/,Orthopaedics,3.0717722,101.52412
25,Avisena Special Hospital,SEL,Selangor,Ordinary Member,,,,,https://shahalam.avisena.com.my/,ENT (Ear Nose Throat),3.0717722,101.52412
26,Avisena Women's and Children's Specialist Hospital,SEL,Selangor,Ordinary Member,,,,,https://womenandchildren.avisena.com.my/,Obstetrics and Gynaecology (O&G),3.0716709,101.5212478
27,Avisena Women's and Children's Specialist Hospital,SEL,Selangor,Ordinary Member,,,,,https://womenandchildren.avisena.com.my/,Surgical,3.0716709,101.5212478
28,Avisena Women's and Children's Specialist Hospital,SEL,Selangor,Ordinary Member,,,,,https://womenandchildren.avisena.com.my/,Paediatric,3.0716709,101.5212478
29,Avisena Women's and Children's Specialist Hospital,SEL,Selangor,Ordinary Member,,,,,https://womenandchildren.avisena.com.my/,Paediatric ENT,3.0716709,101.5212478
30,Avisena Women's and Children's Specialist Hospital,SEL,Selangor,Ordinary Member,,,,,https://womenandchildren.avisena.com.my/,Paediatric Ortho,3.0716709,101.5212478
31,Beacon Hospital,SEL,Selangor,Ordinary Member,Specialist Centre,,,,https://www.beaconhospital.com.my/,Oncology,3.0914291,101.6378299
32,Beacon Hospital,SEL,Selangor,Ordinary Member,Specialist Centre,,,,https://www.beaconhospital.com.my/,Anaesthesiology & Critical Care,3.0914291,101.6378299
33,Beacon Hospital,SEL,Selangor,Ordinary Member,Specialist Centre,,,,https://www.beaconhospital.com.my/,Arthroplasty Surgery,3.0914291,101.6378299
34,Beacon Hospital,SEL,Selangor,Ordinary Member,Specialist Centre,,,,https://www.beaconhospital.com.my/,Breast Surgery,3.0914291,101.6378299
35,Beacon Hospital,SEL,Selangor,Ordinary Member,Specialist Centre,,,,https://www.beaconhospital.com.my/,Cardiology,3.0914291,101.6378299
36,Cardiac Vascular Sentral Kuala Lumpur,WP,Wilayah Persekutuan,Elite Membership,Specialized Cardiac & Vascular Hospital,MSQH Accredited,English; Malay,Integrated cardiac services,https://www.cvskl.com/,Cardiology,3.1335122,101.6848045
37,Cardiac Vascular Sentral Kuala Lumpur,WP,Wilayah Persekutuan,Elite Membership,Specialized Cardiac & Vascular Hospital,MSQH Accredited,English; Malay,Integrated cardiac services,https://www.cvskl.com/,Cardiac Surgery,3.1335122,101.6848045
38,Cardiac Vascular Sentral Kuala Lumpur,WP,Wilayah Persekutuan,Elite Membership,Specialized Cardiac & Vascular Hospital,MSQH Accredited,English; Malay,Integrated cardiac services,https://www.cvskl.com/,Vascular Surgery,3.1335122,101.6848045
39,Cardiac Vascular Sentral Kuala Lumpur,WP,Wilayah Persekutuan,Elite Membership,Specialized Cardiac & Vascular Hospital,MSQH Accredited,English; Malay,Integrated cardiac services,https://www.cvskl.com/,Interventional Cardiology,3.1335122,101.6848045
40,Cardiac Vascular Sentral Kuala Lumpur,WP,Wilayah Persekutuan,Elite Membership,Specialized Cardiac & Vascular Hospital,MSQH Accredited,English; Malay,Integrated cardiac services,https://www.cvskl.com/,Arrhythmia,3.1335122,101.6848045
41,Cengild G.I. Medical Centre,WP,Wilayah Persekutuan,Ordinary Member,,,,,https://cengild.com/,Gastroenterology and Hepatology,3.10968,101.6653807
42,Cengild G.I. Medical Centre,WP,Wilayah Persekutuan,Ordinary Member,,,,,https://cengild.com/,Upper G.I.,3.10968,101.6653807
43,Cengild G.I. Medical Centre,WP,Wilayah Persekutuan,Ordinary Member,,,,,https://cengild.com/,Bariatric,3.10968,101.6653807
44,Cengild G.I. Medical Centre,WP,Wilayah Persekutuan,Ordinary Member,,,,,https://cengild.com/,Colorectal Surgery,3.10968,101.6653807
45,Cengild G.I. Medical Centre,WP,Wilayah Persekutuan,Ordinary Member,,,,,https://cengild.com/,General Surgery,3.10968,101.6653807
46,Columbia Asia Hospital - Bukit Jalil,WP,Wilayah Persekutuan,Ordinary Member,,,,,https://www.columbiaasia.com/malaysia/hospitals/bukit-jalil/,Anesthesiology,3.0582872,101.6872745
47,Columbia Asia Hospital - Bukit Jalil,WP,Wilayah Persekutuan,Ordinary Member,,,,,https://www.columbiaasia.com/malaysia/hospitals/bukit-jalil/,Cardiology,3.0582872,101.6872745
48,Columbia Asia Hospital - Bukit Jalil,WP,Wilayah Persekutuan,Ordinary Member,,,,,https://www.columbiaasia.com/malaysia/hospitals/bukit-jalil/,Dermatology,3.0582872,101.6872745
49,Columbia Asia Hospital - Bukit Jalil,WP,Wilayah Persekutuan,Ordinary Member,,,,,https://www.columbiaasia.com/malaysia/hospitals/bukit-jalil/,"Ear, Nose & Throat (ENT)",3.0582872,101.6872745
50,Columbia Asia Hospital - Bukit Jalil,WP,Wilayah Persekutuan,Ordinary Member,,,,,https://www.columbiaasia.com/malaysia/hospitals/bukit-jalil/,General Surgery,3.0582872,101.6872745
51,GenPrime Ever-Link Fertility Centre,SEL,Selangor,Ordinary Member,,,,,https://everlinkivf.com.my/,In Vitro Fertilization (IVF),3.0857714,101.5871314
52,GenPrime Ever-Link Fertility Centre,SEL,Selangor,Ordinary Member,,,,,https://everlinkivf.com.my/,Intrauterine Insemination (IUI),3.0857714,101.5871314
53,GenPrime Ever-Link Fertility Centre,SEL,Selangor,Ordinary Member,,,,,https://everlinkivf.com.my/,Egg Freezing,3.0857714,101.5871314
54,GenPrime Ever-Link Fertility Centre,SEL,Selangor,Ordinary Member,,,,,https://everlinkivf.com.my/,Sperm Freezing,3.0857714,101.5871314
55,GenPrime Ever-Link Fertility Centre,SEL,Selangor,Ordinary Member,,,,,https://everlinkivf.com.my/,Embryo Freezing,3.0857714,101.5871314
56,Gleneagles Hospital Johor,JH,Johor,Ordinary Member,,,,,https://gleneagles.com.my/johor,Anaesthesiology,1.4265967,103.6355912
57,Gleneagles Hospital Johor,JH,Johor,Ordinary Member,,,,,https://gleneagles.com.my/johor,Cardiology,1.4265967,103.6355912
58,Gleneagles Hospital Johor,JH,Johor,Ordinary Member,,,,,https://gleneagles.com.my/johor,Cardiothoracic Surgery,1.4265967,103.6355912
59,Gleneagles Hospital Johor,JH,Johor,Ordinary Member,,,,,https://gleneagles.com.my/johor,Colorectal Surgery,1.4265967,103.6355912
60,Gleneagles Hospital Johor,JH,Johor,Ordinary Member,,,,,https://gleneagles.com.my/johor,Dermatology,1.4265967,103.6355912
61,Gleneagles Hospital Kuala Lumpur,WP,Wilayah Persekutuan,Elite Membership,Private Hospital,JCI Accredited,English; Mandarin; Malay,Visa assistance; Airport Transfer Service; Accommodation; Language interpretation,https://gleneagles.com.my/kuala-lumpur,Gastroenterology,3.1612303,101.7392385
62,Gleneagles Hospital Kuala Lumpur,WP,Wilayah Persekutuan,Elite Membership,Private Hospital,JCI Accredited,English; Mandarin; Malay,Visa assistance; Airport Transfer Service; Accommodation; Language interpretation,https://gleneagles.com.my/kuala-lumpur,Bariatric (Weight Loss Surgery),3.1612303,101.7392385
63,Gleneagles Hospital Kuala Lumpur,WP,Wilayah Persekutuan,Elite Membership,Private Hospital,JCI Accredited,English; Mandarin; Malay,Visa assistance; Airport Transfer Service; Accommodation; Language interpretation,https://gleneagles.com.my/kuala-lumpur,ENT (Ear Nose Throat),3.1612303,101.7392385
64,Gleneagles Hospital Kuala Lumpur,WP,Wilayah Persekutuan,Elite Membership,Private Hospital,JCI Accredited,English; Mandarin; Malay,Visa assistance; Airport Transfer Service; Accommodation; Language interpretation,https://gleneagles.com.my/kuala-lumpur,Neurology & Neurosurgery,3.1612303,101.7392385
65,Gleneagles Hospital Kuala Lumpur,WP,Wilayah Persekutuan,Elite Membership,Private Hospital,JCI Accredited,English; Mandarin; Malay,Visa assistance; Airport Transfer Service; Accommodation; Language interpretation,https://gleneagles.com.my/kuala-lumpur,Oncology,3.1612303,101.7392385
66,Gleneagles Hospital Penang,PN,Penang,Elite Membership,,,,,https://gleneagles.com.my/penang,Anaestheosiology,5.4267879,100.3199707
67,Gleneagles Hospital Penang,PN,Penang,Elite Membership,,,,,https://gleneagles.com.my/penang,Bariatric Surgery,5.4267879,100.3199707
68,Gleneagles Hospital Penang,PN,Penang,Elite Membership,,,,,https://gleneagles.com.my/penang,Breast Surgery,5.4267879,100.3199707
69,Gleneagles Hospital Penang,PN,Penang,Elite Membership,,,,,https://gleneagles.com.my/penang,Cardiology,5.4267879,100.3199707
70,Gleneagles Hospital Penang,PN,Penang,Elite Membership,,,,,https://gleneagles.com.my/penang,Cardiothoracic Surgery,5.4267879,100.3199707
71,Hospital Picaso,SEL,Selangor,Ordinary Member,,,,,https://www.hospitalpicaso.com/en/,Breast Surgery,3.1130792,101.6335579
72,Hospital Picaso,SEL,Selangor,Ordinary Member,,,,,https://www.hospitalpicaso.com/en/,Cardio-Oncology (Specialised Care for Cancer Patients),3.1130792,101.6335579
73,Hospital Picaso,SEL,Selangor,Ordinary Member,,,,,https://www.hospitalpicaso.com/en/,Colorectal Surgery,3.1130792,101.6335579
74,Hospital Picaso,SEL,Selangor,Ordinary Member,,,,,https://www.hospitalpicaso.com/en/,Endocrinology,3.1130792,101.6335579
75,Hospital Picaso,SEL,Selangor,Ordinary Member,,,,,https://www.hospitalpicaso.com/en/,Gastroenterology,3.1130792,101.6335579
76,Hospital Pusrawi,WP,Wilayah Persekutuan,Ordinary Member,,,,,https://pusrawi.com.my/,Oncology,3.1710388,101.7100503
77,Hospital Pusrawi,WP,Wilayah Persekutuan,Ordinary Member,,,,,https://pusrawi.com.my/,Cardiology,3.1710388,101.7100503
78,Hospital Pusrawi,WP,Wilayah Persekutuan,Ordinary Member,,,,,https://pusrawi.com.my/,Orthopaedics,3.1710388,101.7100503
79,Hospital Pusrawi,WP,Wilayah Persekutuan,Ordinary Member,,,,,https://pusrawi.com.my/,Obstetrics & Gynaecology,3.1710388,101.7100503
80,Hospital Pusrawi,WP,Wilayah Persekutuan,Ordinary Member,,,,,https://pusrawi.com.my/,Paediatrics,3.1710388,101.7100503
81,IHT Rehabilitation Johor,JH,Johor,Ordinary Member,Rehab Centre,,"English, Malay",,https://www.ihtrehab.com/,Post-treatment Recovery,1.46352,103.5947039
82,IMM Carehub,WP,Wilayah Persekutuan,Associate Member,Rehab Centre,,"English, Malay",,https://www.immcarehub.com/,Post-treatment Recovery,3.1666937,101.6518439
83,IMU Chinese Medicine Centre,WP,Wilayah Persekutuan,Associate Member,Chinese Medicine Centre,,"English, Malay, Mandarin",,https://imuchinesemedicine.com.my/,TCM- Traditional Chinese Medicine,3.0597471,101.6871525
84,IMU Chiropractic Centre,WP,Wilayah Persekutuan,Associate Member,Chiropratic Centre,,"English, Malay",,https://imuchiropractic.com.my/,Chiropratic,3.0597471,101.6871525
85,IMU Oral Health Centre,WP,Wilayah Persekutuan,Ordinary Member,Dental Clinic,,"English, Malay",,https://imuoralhealth.com.my/,Dental,3.0596259,101.6866904
86,International Specialist Eye Centre (ISEC),WP,Wilayah Persekutuan,Ordinary Member,Eye Hospital,JCI,"English, Malay, Mandarin, Tamil",http://isec.my/international-patients/,https://www.isec.my,Eye Specialist,3.117692,101.6766246
87,Island Hospital,PN,Penang,Elite Membership,,,,,https://islandhospital.com/,Cardiology & Interventional Cardiology,5.4220563,100.3137875
88,Island Hospital,PN,Penang,Elite Membership,,,,,https://islandhospital.com/,Cardiothoracic Surgery,5.4220563,100.3137875
89,Island Hospital,PN,Penang,Elite Membership,,,,,https://islandhospital.com/,Dental,5.4220563,100.3137875
90,Island Hospital,PN,Penang,Elite Membership,,,,,https://islandhospital.com/,Dermatology,5.4220563,100.3137875
91,Island Hospital,PN,Penang,Elite Membership,,,,,https://islandhospital.com/,Orthopaedics & Joint Replacement Surgery,5.4220563,100.3137875
92,Jesselton Medical Centre,SB,Sabah,Ordinary Member,,,,,https://jmc.my,Anaesthesiology,5.9755282,116.1126106
93,Jesselton Medical Centre,SB,Sabah,Ordinary Member,,,,,https://jmc.my,Cardiology / Cardiovascular (Heart & Vascular),5.9755282,116.1126106
94,Jesselton Medical Centre,SB,Sabah,Ordinary Member,,,,,https://jmc.my,Emergency Services,5.9755282,116.1126106
95,Jesselton Medical Centre,SB,Sabah,Ordinary Member,,,,,https://jmc.my,General Surgery,5.9755282,116.1126106
96,Jesselton Medical Centre,SB,Sabah,Ordinary Member,,,,,https://jmc.my,Geriatrics,5.9755282,116.1126106
97,Johor Specialist Hospital,JH,Johor,Elite Membership,,,,,https://kpjhealth.com.my/johor/,Heart & Lung Centre,1.4759208,103.7415824
98,Johor Specialist Hospital,JH,Johor,Elite Membership,,,,,https://kpjhealth.com.my/johor/,Cancer Centre,1.4759208,103.7415824
99,Johor Specialist Hospital,JH,Johor,Elite Membership,,,,,https://kpjhealth.com.my/johor/,Fertility Centre,1.4759208,103.7415824
100,Johor Specialist Hospital,JH,Johor,Elite Membership,,,,,https://kpjhealth.com.my/johor/,Obstetrics & Gynaecology,1.4759208,103.7415824
101,Johor Specialist Hospital,JH,Johor,Elite Membership,,,,,https://kpjhealth.com.my/johor/,Endocrine & Diabetes Centre,1.4759208,103.7415824
102,KL Fertility Centre,WP,Wilayah Persekutuan,Ordinary Member,,,,,https://www.klfertility.com,Advanced Reproductive Medicine including IVF,3.1460576,101.6618787
103,KL Fertility Centre,WP,Wilayah Persekutuan,Ordinary Member,,,,,https://www.klfertility.com,Frozen Embryo Transfer (FET),3.1460576,101.6618787
104,KL Fertility Centre,WP,Wilayah Persekutuan,Ordinary Member,,,,,https://www.klfertility.com,Egg,3.1460576,101.6618787
105,KL Fertility Centre,WP,Wilayah Persekutuan,Ordinary Member,,,,,https://www.klfertility.com,Sperm & Embryo Freezing,3.1460576,101.6618787
106,KL Fertility Centre,WP,Wilayah Persekutuan,Ordinary Member,,,,,https://www.klfertility.com,Fertility Preservation,3.1460576,101.6618787
107,Klinik Pergigian Kheng,WP,Wilayah Persekutuan,Ordinary Member,Dental Clinic,,"English,Malay",https://khengdental.com/dental-tourism,https://khengdental.com/,Dental,3.1454884,101.6967031
108,KPJ Pusat Pakar Mata Centre for Sight,WP,Wilayah Persekutuan,Ordinary Member,Specialist Centre,,"English, Malay",offered,https://kpjhealth.com.my/cfs/,Eye Specialist,3.1766612,101.6997912
109,KPJ Sentosa KL Specialist Hospital,WP,Wilayah Persekutuan,Ordinary Member,,,,,https://kpjhealth.com.my/sentosa,Anaesthesiology,3.1709314,101.6971678
110,KPJ Sentosa KL Specialist Hospital,WP,Wilayah Persekutuan,Ordinary Member,,,,,https://kpjhealth.com.my/sentosa,Cardiology,3.1709314,101.6971678
111,KPJ Sentosa KL Specialist Hospital,WP,Wilayah Persekutuan,Ordinary Member,,,,,https://kpjhealth.com.my/sentosa,Oncology (Clinical),3.1709314,101.6971678
112,KPJ Sentosa KL Specialist Hospital,WP,Wilayah Persekutuan,Ordinary Member,,,,,https://kpjhealth.com.my/sentosa,Clinical Radiology,3.1709314,101.6971678
113,KPJ Sentosa KL Specialist Hospital,WP,Wilayah Persekutuan,Ordinary Member,,,,,https://kpjhealth.com.my/sentosa,Dermatology,3.1709314,101.6971678
114,LohGuanLye Specialists Centre,PN,Penang,Elite Membership,Private Hospital,MSQH Accredited,English; Malay; Mandarin,Medical tourism services,https://www.lohguanlye.com/,Dentistry,5.4198009,100.3180487
115,LohGuanLye Specialists Centre,PN,Penang,Elite Membership,Private Hospital,MSQH Accredited,English; Malay; Mandarin,Medical tourism services,https://www.lohguanlye.com/,Dermatology,5.4198009,100.3180487
116,LohGuanLye Specialists Centre,PN,Penang,Elite Membership,Private Hospital,MSQH Accredited,English; Malay; Mandarin,Medical tourism services,https://www.lohguanlye.com/,"Ear, Nose, Throat, Head & Neck Surgery and Cochlear Implant Surgery",5.4198009,100.3180487
117,LohGuanLye Specialists Centre,PN,Penang,Elite Membership,Private Hospital,MSQH Accredited,English; Malay; Mandarin,Medical tourism services,https://www.lohguanlye.com/,Emergency & Occupational Health,5.4198009,100.3180487
118,LohGuanLye Specialists Centre,PN,Penang,Elite Membership,Private Hospital,MSQH Accredited,English; Malay; Mandarin,Medical tourism services,https://www.lohguanlye.com/,Eye Surgery & Glaucomatology,5.4198009,100.3180487
119,Metro IVF @ Setiawalk,SEL,Selangor,Ordinary Member,Fertility Centre,RTAC,"English, Malay",offered,https://www.metro.com.my,Fertility,3.032301,101.6168058
120,National Sports Medicine Centre (PPSN),WP,Wilayah Persekutuan,Ordinary Member,Public Specialist Centre,,"English, Malay",offered,https://ppsn.isn.gov.my,Sports Medicine,3.152269,101.6653741
121,Northern Heart Penang,PN,Penang,Ordinary Member,,,,,https://nhearthospital.com/,Cardiology,5.4243513,100.3163802
122,Northern Heart Penang,PN,Penang,Ordinary Member,,,,,https://nhearthospital.com/,Electrophysiology,5.4243513,100.3163802
123,Northern Heart Penang,PN,Penang,Ordinary Member,,,,,https://nhearthospital.com/,Cardiothoracic Surgery,5.4243513,100.3163802
124,Northern Heart Penang,PN,Penang,Ordinary Member,,,,,https://nhearthospital.com/,Thoracic Surgery,5.4243513,100.3163802
125,Northern Heart Penang,PN,Penang,Ordinary Member,,,,,https://nhearthospital.com/,Nephrology,5.4243513,100.3163802
126,OasisEye Specialists,WP,Wilayah Persekutuan,Ordinary Member,Specialist Centre,MSQH,"English, Malay, Mandarin",,https://oasiseye.my,Eye Specialist,3.10968,101.6653807
127,Optimax Eye Specialists,WP,Wilayah Persekutuan,Ordinary Member,Specialist Centre,,"English, Malay",,https://www.optimax2u.com,Eye Specialist,3.1411538,101.6285335
128,Pantai Hospital Kuala Lumpur,WP,Wilayah Persekutuan,Elite Membership,Private Hospital,JCI Accredited,English; Mandarin; Malay; Multiple,Airport Transfer Service; International Patient Centre (IPC); Visa; Translation; eHealthConsult,https://www.pantai.com.my/kuala-lumpur/ms,Cardiology,3.1197152,101.6669298
129,Pantai Hospital Kuala Lumpur,WP,Wilayah Persekutuan,Elite Membership,Private Hospital,JCI Accredited,English; Mandarin; Malay; Multiple,Airport Transfer Service; International Patient Centre (IPC); Visa; Translation; eHealthConsult,https://www.pantai.com.my/kuala-lumpur/ms,Oncology,3.1197152,101.6669298
130,Pantai Hospital Kuala Lumpur,WP,Wilayah Persekutuan,Elite Membership,Private Hospital,JCI Accredited,English; Mandarin; Malay; Multiple,Airport Transfer Service; International Patient Centre (IPC); Visa; Translation; eHealthConsult,https://www.pantai.com.my/kuala-lumpur/ms,Cardilogy & Cardithoracic Surgery,3.1197152,101.6669298
131,Pantai Hospital Kuala Lumpur,WP,Wilayah Persekutuan,Elite Membership,Private Hospital,JCI Accredited,English; Mandarin; Malay; Multiple,Airport Transfer Service; International Patient Centre (IPC); Visa; Translation; eHealthConsult,https://www.pantai.com.my/kuala-lumpur/ms,Orthopaedics & Spine Surgery,3.1197152,101.6669298
132,Pantai Hospital Kuala Lumpur,WP,Wilayah Persekutuan,Elite Membership,Private Hospital,JCI Accredited,English; Mandarin; Malay; Multiple,Airport Transfer Service; International Patient Centre (IPC); Visa; Translation; eHealthConsult,https://www.pantai.com.my/kuala-lumpur/ms,Neurosciences,3.1197152,101.6669298
133,ParkCity Medical Centre,WP,Wilayah Persekutuan,Ordinary Member,Private Hospital,JCI Accredited,English; Malay; Mandarin,International patient services; 24-hour emergency,https://parkcitymedicalcentre.com,Breast Surgery,3.1893179,101.6385075
134,ParkCity Medical Centre,WP,Wilayah Persekutuan,Ordinary Member,Private Hospital,JCI Accredited,English; Malay; Mandarin,International patient services; 24-hour emergency,https://parkcitymedicalcentre.com,Cardiology,3.1893179,101.6385075
135,ParkCity Medical Centre,WP,Wilayah Persekutuan,Ordinary Member,Private Hospital,JCI Accredited,English; Malay; Mandarin,International patient services; 24-hour emergency,https://parkcitymedicalcentre.com,ENT (Ear Nose Throat),3.1893179,101.6385075
136,ParkCity Medical Centre,WP,Wilayah Persekutuan,Ordinary Member,Private Hospital,JCI Accredited,English; Malay; Mandarin,International patient services; 24-hour emergency,https://parkcitymedicalcentre.com,Gastroenterology,3.1893179,101.6385075
137,ParkCity Medical Centre,WP,Wilayah Persekutuan,Ordinary Member,Private Hospital,JCI Accredited,English; Malay; Mandarin,International patient services; 24-hour emergency,https://parkcitymedicalcentre.com,OB&GYN,3.1893179,101.6385075
138,Penang Adventist Hospital,PN,Penang,Elite Membership,,,,,https://pah.com.my/,Heart & Vascular: Adventist Heart Clinic,5.4322037,100.3052404
139,Penang Adventist Hospital,PN,Penang,Elite Membership,,,,,https://pah.com.my/,Orthopaedics: Adventist Orthopaedic Clinic,5.4322037,100.3052404
140,Penang Adventist Hospital,PN,Penang,Elite Membership,,,,,https://pah.com.my/,Cancer Care: Adventist Oncology,5.4322037,100.3052404
141,Penang Adventist Hospital,PN,Penang,Elite Membership,,,,,https://pah.com.my/,Renal Care: Adventist Renal Care Centre,5.4322037,100.3052404
142,Penang Adventist Hospital,PN,Penang,Elite Membership,,,,,https://pah.com.my/,Cosmetic & Reconstructive Surgery: Adventist Cosmetic & Reconstructive Clinic,5.4322037,100.3052404
143,Prince Court Medical Centre,WP,Wilayah Persekutuan,Elite Membership,Private Hospital (Tertiary),MSQH Accredited,English; Mandarin; Malay,International patient services; Multilingual support,https://princecourt.com/,Cardiology,3.1489704,101.7217335
144,Prince Court Medical Centre,WP,Wilayah Persekutuan,Elite Membership,Private Hospital (Tertiary),MSQH Accredited,English; Mandarin; Malay,International patient services; Multilingual support,https://princecourt.com/,Anaesthesiology,3.1489704,101.7217335
145,Prince Court Medical Centre,WP,Wilayah Persekutuan,Elite Membership,Private Hospital (Tertiary),MSQH Accredited,English; Mandarin; Malay,International patient services; Multilingual support,https://princecourt.com/,Blood Disorders,3.1489704,101.7217335
146,Prince Court Medical Centre,WP,Wilayah Persekutuan,Elite Membership,Private Hospital (Tertiary),MSQH Accredited,English; Mandarin; Malay,International patient services; Multilingual support,https://princecourt.com/,Bones and Joints (Orthopaedics),3.1489704,101.7217335
147,Prince Court Medical Centre,WP,Wilayah Persekutuan,Elite Membership,Private Hospital (Tertiary),MSQH Accredited,English; Mandarin; Malay,International patient services; Multilingual support,https://princecourt.com/,Breast and Endocrine Surgery,3.1489704,101.7217335
148,Pristine Dental Centre,WP,Wilayah Persekutuan,Ordinary Member,Dental Clinic,,"English, Malay",,https://www.pristinedental.com.my,Dental,3.1163461,101.676445
149,Star Fertility Centre,PN,Penang,Ordinary Member,Fertility Centre,,"English, Malay",https://starfertility.life/protocol_for_international_travelers.cfm,https://starfertility.life/,Fertility,5.3865677,100.3036611
150,Sunfert @ Bangsar South,WP,Wilayah Persekutuan,Ordinary Member,Fertility Centre,RTAC,"English, Malay, Mandarin",https://www.sunfert.com/patient-support/ivf-treatment-in-malaysia-for-international-patients,https://www.sunfert.com/clinics/sunfert-bangsar-south,Fertility,3.109766,101.665798
151,Sunway Fertility Centre @ Kuching,SW,Sarawak,Ordinary Member,Fertility Centre,RTAC,"English, Malay",https://sunwayfertility.com.my/international-patients/,https://sunwayfertility.com.my/sunway-fertility-centre-kuching/,Fertility,1.4993332,110.3717756
152,Sunway Fertility Centre @ Sunway City,SEL,Selangor,Ordinary Member,Fertility Centre,RTAC,"English, Malay",https://sunwayfertility.com.my/international-patients/,https://sunwayfertility.com.my/,Fertility,3.0658578,101.609476
153,Sunway Fertility Centre @ Velocity,WP,Wilayah Persekutuan,Ordinary Member,Fertility Centre,RTAC,"English, Malay",https://sunwayfertility.com.my/international-patients/,https://sunwayfertility.com.my/,Fertility,3.1278119,101.7225236
154,Sunway Medical Centre Penang,PN,Penang,Elite Membership,,,,,https://www.sunwaymedicalpenang.com.my/,Cancer Centre,5.3955597,100.3969392
155,Sunway Medical Centre Penang,PN,Penang,Elite Membership,,,,,https://www.sunwaymedicalpenang.com.my/,Women & Children's Centre,5.3955597,100.3969392
156,Sunway Medical Centre Penang,PN,Penang,Elite Membership,,,,,https://www.sunwaymedicalpenang.com.my/,Digestive Health Centre,5.3955597,100.3969392
157,Sunway Medical Centre Penang,PN,Penang,Elite Membership,,,,,https://www.sunwaymedicalpenang.com.my/,Heart & Lung Centre,5.3955597,100.3969392
158,Sunway Medical Centre Penang,PN,Penang,Elite Membership,,,,,https://www.sunwaymedicalpenang.com.my/,Stroke Centre,5.3955597,100.3969392
159,Topvision Eye Specialist Centre,SEL,Selangor,Ordinary Member,,,,,https://www.tvesc.com,Cataract Surgery,3.1075755,101.4468324
160,Topvision Eye Specialist Centre,SEL,Selangor,Ordinary Member,,,,,https://www.tvesc.com,Glaucoma Treatment,3.1075755,101.4468324
161,Topvision Eye Specialist Centre,SEL,Selangor,Ordinary Member,,,,,https://www.tvesc.com,Age Related Macular Degenaration,3.1075755,101.4468324
162,Topvision Eye Specialist Centre,SEL,Selangor,Ordinary Member,,,,,https://www.tvesc.com,Dry Eyes,3.1075755,101.4468324
163,Topvision Eye Specialist Centre,SEL,Selangor,Ordinary Member,,,,,https://www.tvesc.com,Laser Treatment,3.1075755,101.4468324
164,Tung Shin Hospital,WP,Wilayah Persekutuan,Ordinary Member,,,,,https://www.tungshin.com.my,Internal Medicine,3.1455977,101.7037832
165,Tung Shin Hospital,WP,Wilayah Persekutuan,Ordinary Member,,,,,https://www.tungshin.com.my,Anaesthesiology & Critical Care,3.1455977,101.7037832
166,Tung Shin Hospital,WP,Wilayah Persekutuan,Ordinary Member,,,,,https://www.tungshin.com.my,Cardiology,3.1455977,101.7037832
167,Tung Shin Hospital,WP,Wilayah Persekutuan,Ordinary Member,,,,,https://www.tungshin.com.my,Oncology (Clinical),3.1455977,101.7037832
168,Tung Shin Hospital,WP,Wilayah Persekutuan,Ordinary Member,,,,,https://www.tungshin.com.my,Clinical Radiology,3.1455977,101.7037832
169,UCSI Hospital,NS,Negeri Sembilan,Ordinary Member,,,,,https://ucsihospital.com/,Cardiology,2.6056985,101.8527694
170,UCSI Hospital,NS,Negeri Sembilan,Ordinary Member,,,,,https://ucsihospital.com/,Neurology,2.6056985,101.8527694
171,UCSI Hospital,NS,Negeri Sembilan,Ordinary Member,,,,,https://ucsihospital.com/,Breast & Endocrine Surgery,2.6056985,101.8527694
172,UCSI Hospital,NS,Negeri Sembilan,Ordinary Member,,,,,https://ucsihospital.com/,Anaesthesiology & Critical Care,2.6056985,101.8527694
173,UCSI Hospital,NS,Negeri Sembilan,Ordinary Member,,,,,https://ucsihospital.com/,Cardiothoracic Surgery,2.6056985,101.8527694
174,UKM Specialist Centre,WP,Wilayah Persekutuan,Ordinary Member,,,,,https://www.ukmsc.com.my/,Breast Endocrine,3.0982089,101.7261323
175,UKM Specialist Centre,WP,Wilayah Persekutuan,Ordinary Member,,,,,https://www.ukmsc.com.my/,Cardiology,3.0982089,101.7261323
176,UKM Specialist Centre,WP,Wilayah Persekutuan,Ordinary Member,,,,,https://www.ukmsc.com.my/,Cardiothoracic Surgery,3.0982089,101.7261323
177,UKM Specialist Centre,WP,Wilayah Persekutuan,Ordinary Member,,,,,https://www.ukmsc.com.my/,Dermatology,3.0982089,101.7261323
178,UKM Specialist Centre,WP,Wilayah Persekutuan,Ordinary Member,,,,,https://www.ukmsc.com.my/,"Ear, Nose & Throat (ENT)",3.0982089,101.7261323
179,Xi TCM Fertility & Women's Health Centre,WP,Wilayah Persekutuan,Associate Member,Fertility Centre,,"English, Malay,Mandarin",International patients can arrange appointments and consultations with Xi Fertility & Women's Health TCM Centre online via their official website or by messaging them on WhatsApp,https://thexigroup.com/,Fertility,3.0527718,101.6708931
180,UMSC Ambulatory Care & Specialist Clinic,WP,Wilayah Persekutuan,Ordinary Member,Private Hospital,,"English, Malay",https://umsc.my/international-patient/,https://umsc.my/,Anaesthesiology,3.1162188,101.6506173
181,UMSC Ambulatory Care & Specialist Clinic,WP,Wilayah Persekutuan,Ordinary Member,Private Hospital,,"English, Malay",https://umsc.my/international-patient/,https://umsc.my/,Breast Surgery/Health,3.1162188,101.6506173
182,UMSC Ambulatory Care & Specialist Clinic,WP,Wilayah Persekutuan,Ordinary Member,Private Hospital,,"English, Malay",https://umsc.my/international-patient/,https://umsc.my/,Cardiology,3.1162188,101.6506173
183,UMSC Ambulatory Care & Specialist Clinic,WP,Wilayah Persekutuan,Ordinary Member,Private Hospital,,"English, Malay",https://umsc.my/international-patient/,https://umsc.my/,Cardiothoracic Surgery,3.1162188,101.6506173
184,UMSC Ambulatory Care & Specialist Clinic,WP,Wilayah Persekutuan,Ordinary Member,Private Hospital,,"English, Malay",https://umsc.my/international-patient/,https://umsc.my/,Clinical Dietetics and Nutrition,3.1162188,101.6506173
185,UMSC Ambulatory Care & Specialist Clinic,WP,Wilayah Persekutuan,Ordinary Member,Private Hospital,,"English, Malay",https://umsc.my/international-patient/,https://umsc.my/,Clinical Radiology,3.1162188,101.6506173
186,UMSC Ambulatory Care & Specialist Clinic,WP,Wilayah Persekutuan,Ordinary Member,Private Hospital,,"English, Malay",https://umsc.my/international-patient/,https://umsc.my/,Colorectal Surgery,3.1162188,101.6506173
187,UMSC Ambulatory Care & Specialist Clinic,WP,Wilayah Persekutuan,Ordinary Member,Private Hospital,,"English, Malay",https://umsc.my/international-patient/,https://umsc.my/,Dermatology,3.1162188,101.6506173
188,UMSC Ambulatory Care & Specialist Clinic,WP,Wilayah Persekutuan,Ordinary Member,Private Hospital,,"English, Malay",https://umsc.my/international-patient/,https://umsc.my/,Emergency Medicine,3.1162188,101.6506173
189,UMSC Ambulatory Care & Specialist Clinic,WP,Wilayah Persekutuan,Ordinary Member,Private Hospital,,"English, Malay",https://umsc.my/international-patient/,https://umsc.my/,Endocrine Surgery,3.1162188,101.6506173
190,UMSC Ambulatory Care & Specialist Clinic,WP,Wilayah Persekutuan,Ordinary Member,Private Hospital,,"English, Malay",https://umsc.my/international-patient/,https://umsc.my/,Endocrinology,3.1162188,101.6506173
191,UMSC Ambulatory Care & Specialist Clinic,WP,Wilayah Persekutuan,Ordinary Member,Private Hospital,,"English, Malay",https://umsc.my/international-patient/,https://umsc.my/,Family Medicine,3.1162188,101.6506173
192,UMSC Ambulatory Care & Specialist Clinic,WP,Wilayah Persekutuan,Ordinary Member,Private Hospital,,"English, Malay",https://umsc.my/international-patient/,https://umsc.my/,Gastroenterology,3.1162188,101.6506173
193,UMSC Ambulatory Care & Specialist Clinic,WP,Wilayah Persekutuan,Ordinary Member,Private Hospital,,"English, Malay",https://umsc.my/international-patient/,https://umsc.my/,General Surgery,3.1162188,101.6506173
194,UMSC Ambulatory Care & Specialist Clinic,WP,Wilayah Persekutuan,Ordinary Member,Private Hospital,,"English, Malay",https://umsc.my/international-patient/,https://umsc.my/,Geriatrics,3.1162188,101.6506173
195,UMSC Ambulatory Care & Specialist Clinic,WP,Wilayah Persekutuan,Ordinary Member,Private Hospital,,"English, Malay",https://umsc.my/international-patient/,https://umsc.my/,Haematology,3.1162188,101.6506173
196,UMSC Ambulatory Care & Specialist Clinic,WP,Wilayah Persekutuan,Ordinary Member,Private Hospital,,"English, Malay",https://umsc.my/international-patient/,https://umsc.my/,Hepato-Pancreato-Biliary Surgery,3.1162188,101.6506173
197,UMSC Ambulatory Care & Specialist Clinic,WP,Wilayah Persekutuan,Ordinary Member,Private Hospital,,"English, Malay",https://umsc.my/international-patient/,https://umsc.my/,Infectious Diseases,3.1162188,101.6506173
198,UMSC Ambulatory Care & Specialist Clinic,WP,Wilayah Persekutuan,Ordinary Member,Private Hospital,,"English, Malay",https://umsc.my/international-patient/,https://umsc.my/,Nephrology,3.1162188,101.6506173
199,UMSC Ambulatory Care & Specialist Clinic,WP,Wilayah Persekutuan,Ordinary Member,Private Hospital,,"English, Malay",https://umsc.my/international-patient/,https://umsc.my/,Neurology,3.1162188,101.6506173
200,UMSC Ambulatory Care & Specialist Clinic,WP,Wilayah Persekutuan,Ordinary Member,Private Hospital,,"English, Malay",https://umsc.my/international-patient/,https://umsc.my/,Neurosurgery,3.1162188,101.6506173
201,UMSC Ambulatory Care & Specialist Clinic,WP,Wilayah Persekutuan,Ordinary Member,Private Hospital,,"English, Malay",https://umsc.my/international-patient/,https://umsc.my/,Obstetrics & Gynaecology (O&G),3.1162188,101.6506173
202,UMSC Ambulatory Care & Specialist Clinic,WP,Wilayah Persekutuan,Ordinary Member,Private Hospital,,"English, Malay",https://umsc.my/international-patient/,https://umsc.my/,Oncology,3.1162188,101.6506173
203,UMSC Ambulatory Care & Specialist Clinic,WP,Wilayah Persekutuan,Ordinary Member,Private Hospital,,"English, Malay",https://umsc.my/international-patient/,https://umsc.my/,Ophthalmology,3.1162188,101.6506173
204,UMSC Ambulatory Care & Specialist Clinic,WP,Wilayah Persekutuan,Ordinary Member,Private Hospital,,"English, Malay",https://umsc.my/international-patient/,https://umsc.my/,Oral & Maxillofacial Surgery,3.1162188,101.6506173
205,UMSC Ambulatory Care & Specialist Clinic,WP,Wilayah Persekutuan,Ordinary Member,Private Hospital,,"English, Malay",https://umsc.my/international-patient/,https://umsc.my/,Orthopaedics,3.1162188,101.6506173
206,UMSC Ambulatory Care & Specialist Clinic,WP,Wilayah Persekutuan,Ordinary Member,Private Hospital,,"English, Malay",https://umsc.my/international-patient/,https://umsc.my/,Otorhinolaryngology (ENT),3.1162188,101.6506173
207,UMSC Ambulatory Care & Specialist Clinic,WP,Wilayah Persekutuan,Ordinary Member,Private Hospital,,"English, Malay",https://umsc.my/international-patient/,https://umsc.my/,Paediatrics,3.1162188,101.6506173
208,UMSC Ambulatory Care & Specialist Clinic,WP,Wilayah Persekutuan,Ordinary Member,Private Hospital,,"English, Malay",https://umsc.my/international-patient/,https://umsc.my/,Paediatric Surgery,3.1162188,101.6506173
209,UMSC Ambulatory Care & Specialist Clinic,WP,Wilayah Persekutuan,Ordinary Member,Private Hospital,,"English, Malay",https://umsc.my/international-patient/,https://umsc.my/,Palliative Care,3.1162188,101.6506173
210,UMSC Ambulatory Care & Specialist Clinic,WP,Wilayah Persekutuan,Ordinary Member,Private Hospital,,"English, Malay",https://umsc.my/international-patient/,https://umsc.my/,Pathology,3.1162188,101.6506173
211,UMSC Ambulatory Care & Specialist Clinic,WP,Wilayah Persekutuan,Ordinary Member,Private Hospital,,"English, Malay",https://umsc.my/international-patient/,https://umsc.my/,Plastic and Reconstructive Surgery,3.1162188,101.6506173
212,UMSC Ambulatory Care & Specialist Clinic,WP,Wilayah Persekutuan,Ordinary Member,Private Hospital,,"English, Malay",https://umsc.my/international-patient/,https://umsc.my/,Psychiatry,3.1162188,101.6506173
213,UMSC Ambulatory Care & Specialist Clinic,WP,Wilayah Persekutuan,Ordinary Member,Private Hospital,,"English, Malay",https://umsc.my/international-patient/,https://umsc.my/,Psychotherapy,3.1162188,101.6506173
214,UMSC Ambulatory Care & Specialist Clinic,WP,Wilayah Persekutuan,Ordinary Member,Private Hospital,,"English, Malay",https://umsc.my/international-patient/,https://umsc.my/,Rehabilitation Medicine,3.1162188,101.6506173
215,UMSC Ambulatory Care & Specialist Clinic,WP,Wilayah Persekutuan,Ordinary Member,Private Hospital,,"English, Malay",https://umsc.my/international-patient/,https://umsc.my/,Respiratory Medicine,3.1162188,101.6506173
216,UMSC Ambulatory Care & Specialist Clinic,WP,Wilayah Persekutuan,Ordinary Member,Private Hospital,,"English, Malay",https://umsc.my/international-patient/,https://umsc.my/,Rheumatology,3.1162188,101.6506173
217,UMSC Ambulatory Care & Specialist Clinic,WP,Wilayah Persekutuan,Ordinary Member,Private Hospital,,"English, Malay",https://umsc.my/international-patient/,https://umsc.my/,Sports Medicine,3.1162188,101.6506173
218,UMSC Ambulatory Care & Specialist Clinic,WP,Wilayah Persekutuan,Ordinary Member,Private Hospital,,"English, Malay",https://umsc.my/international-patient/,https://umsc.my/,Upper Gastro Intestinal Surgery,3.1162188,101.6506173
219,UMSC Ambulatory Care & Specialist Clinic,WP,Wilayah Persekutuan,Ordinary Member,Private Hospital,,"English, Malay",https://umsc.my/international-patient/,https://umsc.my/,Urology,3.1162188,101.6506173
220,UMSC Ambulatory Care & Specialist Clinic,WP,Wilayah Persekutuan,Ordinary Member,Private Hospital,,"English, Malay",https://umsc.my/international-patient/,https://umsc.my/,Vascular and Endovascular Surgery,3.1162188,101.6506173
221,Thomson Hospital Kota Damansara,SEL,Selangor,Elite Membership,Private Hospital,"MSQH, QTAC","Engliah, Malay",https://www.thomsonhospitals.com/patients-and-visitors/international-patient/,https://www.thomsonhospitals.com/,Anaesthesiology,3.1489199,101.5789458
222,Thomson Hospital Kota Damansara,SEL,Selangor,Elite Membership,Private Hospital,"MSQH, QTAC","Engliah, Malay",https://www.thomsonhospitals.com/patients-and-visitors/international-patient/,https://www.thomsonhospitals.com/,Anatomical Pathology,3.1489199,101.5789458
223,Thomson Hospital Kota Damansara,SEL,Selangor,Elite Membership,Private Hospital,"MSQH, QTAC","Engliah, Malay",https://www.thomsonhospitals.com/patients-and-visitors/international-patient/,https://www.thomsonhospitals.com/,Cardiac Electrophysiology,3.1489199,101.5789458
224,Thomson Hospital Kota Damansara,SEL,Selangor,Elite Membership,Private Hospital,"MSQH, QTAC","Engliah, Malay",https://www.thomsonhospitals.com/patients-and-visitors/international-patient/,https://www.thomsonhospitals.com/,Cardiology,3.1489199,101.5789458
225,Thomson Hospital Kota Damansara,SEL,Selangor,Elite Membership,Private Hospital,"MSQH, QTAC","Engliah, Malay",https://www.thomsonhospitals.com/patients-and-visitors/international-patient/,https://www.thomsonhospitals.com/,Chemical Pathology,3.1489199,101.5789458
226,Thomson Hospital Kota Damansara,SEL,Selangor,Elite Membership,Private Hospital,"MSQH, QTAC","Engliah, Malay",https://www.thomsonhospitals.com/patients-and-visitors/international-patient/,https://www.thomsonhospitals.com/,Clinical Genetics,3.1489199,101.5789458
227,Thomson Hospital Kota Damansara,SEL,Selangor,Elite Membership,Private Hospital,"MSQH, QTAC","Engliah, Malay",https://www.thomsonhospitals.com/patients-and-visitors/international-patient/,https://www.thomsonhospitals.com/,Clinical Haematology,3.1489199,101.5789458
228,Thomson Hospital Kota Damansara,SEL,Selangor,Elite Membership,Private Hospital,"MSQH, QTAC","Engliah, Malay",https://www.thomsonhospitals.com/patients-and-visitors/international-patient/,https://www.thomsonhospitals.com/,Clinical Radiology,3.1489199,101.5789458
229,Thomson Hospital Kota Damansara,SEL,Selangor,Elite Membership,Private Hospital,"MSQH, QTAC","Engliah, Malay",https://www.thomsonhospitals.com/patients-and-visitors/international-patient/,https://www.thomsonhospitals.com/,Dermatology,3.1489199,101.5789458
230,Thomson Hospital Kota Damansara,SEL,Selangor,Elite Membership,Private Hospital,"MSQH, QTAC","Engliah, Malay",https://www.thomsonhospitals.com/patients-and-visitors/international-patient/,https://www.thomsonhospitals.com/,Emergency & Trauma Medicine,3.1489199,101.5789458
231,Thomson Hospital Kota Damansara,SEL,Selangor,Elite Membership,Private Hospital,"MSQH, QTAC","Engliah, Malay",https://www.thomsonhospitals.com/patients-and-visitors/international-patient/,https://www.thomsonhospitals.com/,Endocrinology,3.1489199,101.5789458
232,Thomson Hospital Kota Damansara,SEL,Selangor,Elite Membership,Private Hospital,"MSQH, QTAC","Engliah, Malay",https://www.thomsonhospitals.com/patients-and-visitors/international-patient/,https://www.thomsonhospitals.com/,Gastroenterology and Hepatology,3.1489199,101.5789458
233,Thomson Hospital Kota Damansara,SEL,Selangor,Elite Membership,Private Hospital,"MSQH, QTAC","Engliah, Malay",https://www.thomsonhospitals.com/patients-and-visitors/international-patient/,https://www.thomsonhospitals.com/,Geriatric Medicine,3.1489199,101.5789458
234,Thomson Hospital Kota Damansara,SEL,Selangor,Elite Membership,Private Hospital,"MSQH, QTAC","Engliah, Malay",https://www.thomsonhospitals.com/patients-and-visitors/international-patient/,https://www.thomsonhospitals.com/,Haematopathology,3.1489199,101.5789458
235,Thomson Hospital Kota Damansara,SEL,Selangor,Elite Membership,Private Hospital,"MSQH, QTAC","Engliah, Malay",https://www.thomsonhospitals.com/patients-and-visitors/international-patient/,https://www.thomsonhospitals.com/,Infectious Disease,3.1489199,101.5789458
236,Thomson Hospital Kota Damansara,SEL,Selangor,Elite Membership,Private Hospital,"MSQH, QTAC","Engliah, Malay",https://www.thomsonhospitals.com/patients-and-visitors/international-patient/,https://www.thomsonhospitals.com/,Intensive Care,3.1489199,101.5789458
237,Thomson Hospital Kota Damansara,SEL,Selangor,Elite Membership,Private Hospital,"MSQH, QTAC","Engliah, Malay",https://www.thomsonhospitals.com/patients-and-visitors/international-patient/,https://www.thomsonhospitals.com/,Internal Medicine,3.1489199,101.5789458
238,Thomson Hospital Kota Damansara,SEL,Selangor,Elite Membership,Private Hospital,"MSQH, QTAC","Engliah, Malay",https://www.thomsonhospitals.com/patients-and-visitors/international-patient/,https://www.thomsonhospitals.com/,Medical Microbiology,3.1489199,101.5789458
239,Thomson Hospital Kota Damansara,SEL,Selangor,Elite Membership,Private Hospital,"MSQH, QTAC","Engliah, Malay",https://www.thomsonhospitals.com/patients-and-visitors/international-patient/,https://www.thomsonhospitals.com/,Neonatology,3.1489199,101.5789458
240,Thomson Hospital Kota Damansara,SEL,Selangor,Elite Membership,Private Hospital,"MSQH, QTAC","Engliah, Malay",https://www.thomsonhospitals.com/patients-and-visitors/international-patient/,https://www.thomsonhospitals.com/,Nephrology,3.1489199,101.5789458
241,Thomson Hospital Kota Damansara,SEL,Selangor,Elite Membership,Private Hospital,"MSQH, QTAC","Engliah, Malay",https://www.thomsonhospitals.com/patients-and-visitors/international-patient/,https://www.thomsonhospitals.com/,Neurology,3.1489199,101.5789458
242,Thomson Hospital Kota Damansara,SEL,Selangor,Elite Membership,Private Hospital,"MSQH, QTAC","Engliah, Malay",https://www.thomsonhospitals.com/patients-and-visitors/international-patient/,https://www.thomsonhospitals.com/,Nuclear Medicine,3.1489199,101.5789458
243,Thomson Hospital Kota Damansara,SEL,Selangor,Elite Membership,Private Hospital,"MSQH, QTAC","Engliah, Malay",https://www.thomsonhospitals.com/patients-and-visitors/international-patient/,https://www.thomsonhospitals.com/,Oncology,3.1489199,101.5789458
244,Thomson Hospital Kota Damansara,SEL,Selangor,Elite Membership,Private Hospital,"MSQH, QTAC","Engliah, Malay",https://www.thomsonhospitals.com/patients-and-visitors/international-patient/,https://www.thomsonhospitals.com/,Paediatrics,3.1489199,101.5789458
245,Thomson Hospital Kota Damansara,SEL,Selangor,Elite Membership,Private Hospital,"MSQH, QTAC","Engliah, Malay",https://www.thomsonhospitals.com/patients-and-visitors/international-patient/,https://www.thomsonhospitals.com/,Paediatric Cardiology,3.1489199,101.5789458
246,Thomson Hospital Kota Damansara,SEL,Selangor,Elite Membership,Private Hospital,"MSQH, QTAC","Engliah, Malay",https://www.thomsonhospitals.com/patients-and-visitors/international-patient/,https://www.thomsonhospitals.com/,Paediatric Dermatology,3.1489199,101.5789458
247,Thomson Hospital Kota Damansara,SEL,Selangor,Elite Membership,Private Hospital,"MSQH, QTAC","Engliah, Malay",https://www.thomsonhospitals.com/patients-and-visitors/international-patient/,https://www.thomsonhospitals.com/,Paediatric Endocrinology,3.1489199,101.5789458
248,Thomson Hospital Kota Damansara,SEL,Selangor,Elite Membership,Private Hospital,"MSQH, QTAC","Engliah, Malay",https://www.thomsonhospitals.com/patients-and-visitors/international-patient/,https://www.thomsonhospitals.com/,Paediatric Gastroenterology,3.1489199,101.5789458
249,Thomson Hospital Kota Damansara,SEL,Selangor,Elite Membership,Private Hospital,"MSQH, QTAC","Engliah, Malay",https://www.thomsonhospitals.com/patients-and-visitors/international-patient/,https://www.thomsonhospitals.com/,Paediatric Neurology,3.1489199,101.5789458
250,Thomson Hospital Kota Damansara,SEL,Selangor,Elite Membership,Private Hospital,"MSQH, QTAC","Engliah, Malay",https://www.thomsonhospitals.com/patients-and-visitors/international-patient/,https://www.thomsonhospitals.com/,Palliative Medicine,3.1489199,101.5789458
251,Thomson Hospital Kota Damansara,SEL,Selangor,Elite Membership,Private Hospital,"MSQH, QTAC","Engliah, Malay",https://www.thomsonhospitals.com/patients-and-visitors/international-patient/,https://www.thomsonhospitals.com/,Pathology,3.1489199,101.5789458
252,Thomson Hospital Kota Damansara,SEL,Selangor,Elite Membership,Private Hospital,"MSQH, QTAC","Engliah, Malay",https://www.thomsonhospitals.com/patients-and-visitors/international-patient/,https://www.thomsonhospitals.com/,Psychiatry,3.1489199,101.5789458
253,Thomson Hospital Kota Damansara,SEL,Selangor,Elite Membership,Private Hospital,"MSQH, QTAC","Engliah, Malay",https://www.thomsonhospitals.com/patients-and-visitors/international-patient/,https://www.thomsonhospitals.com/,Rehabilitation Medicine,3.1489199,101.5789458
254,Thomson Hospital Kota Damansara,SEL,Selangor,Elite Membership,Private Hospital,"MSQH, QTAC","Engliah, Malay",https://www.thomsonhospitals.com/patients-and-visitors/international-patient/,https://www.thomsonhospitals.com/,Respiratory Medicine,3.1489199,101.5789458
255,Thomson Hospital Kota Damansara,SEL,Selangor,Elite Membership,Private Hospital,"MSQH, QTAC","Engliah, Malay",https://www.thomsonhospitals.com/patients-and-visitors/international-patient/,https://www.thomsonhospitals.com/,Rheumatology,3.1489199,101.5789458
256,Thomson Hospital Kota Damansara,SEL,Selangor,Elite Membership,Private Hospital,"MSQH, QTAC","Engliah, Malay",https://www.thomsonhospitals.com/patients-and-visitors/international-patient/,https://www.thomsonhospitals.com/,Bariatric Surgery,3.1489199,101.5789458
257,Thomson Hospital Kota Damansara,SEL,Selangor,Elite Membership,Private Hospital,"MSQH, QTAC","Engliah, Malay",https://www.thomsonhospitals.com/patients-and-visitors/international-patient/,https://www.thomsonhospitals.com/,Breast Surgery,3.1489199,101.5789458
258,Thomson Hospital Kota Damansara,SEL,Selangor,Elite Membership,Private Hospital,"MSQH, QTAC","Engliah, Malay",https://www.thomsonhospitals.com/patients-and-visitors/international-patient/,https://www.thomsonhospitals.com/,Breast & Endocrine Surgery,3.1489199,101.5789458
259,Thomson Hospital Kota Damansara,SEL,Selangor,Elite Membership,Private Hospital,"MSQH, QTAC","Engliah, Malay",https://www.thomsonhospitals.com/patients-and-visitors/international-patient/,https://www.thomsonhospitals.com/,Breast & Oncoplastic Surgery,3.1489199,101.5789458
260,Thomson Hospital Kota Damansara,SEL,Selangor,Elite Membership,Private Hospital,"MSQH, QTAC","Engliah, Malay",https://www.thomsonhospitals.com/patients-and-visitors/international-patient/,https://www.thomsonhospitals.com/,Cardiothoracic Surgery,3.1489199,101.5789458
261,Thomson Hospital Kota Damansara,SEL,Selangor,Elite Membership,Private Hospital,"MSQH, QTAC","Engliah, Malay",https://www.thomsonhospitals.com/patients-and-visitors/international-patient/,https://www.thomsonhospitals.com/,Colorectal Surgery,3.1489199,101.5789458
262,Thomson Hospital Kota Damansara,SEL,Selangor,Elite Membership,Private Hospital,"MSQH, QTAC","Engliah, Malay",https://www.thomsonhospitals.com/patients-and-visitors/international-patient/,https://www.thomsonhospitals.com/,ENT & Head & Neck Surgery,3.1489199,101.5789458
263,Thomson Hospital Kota Damansara,SEL,Selangor,Elite Membership,Private Hospital,"MSQH, QTAC","Engliah, Malay",https://www.thomsonhospitals.com/patients-and-visitors/international-patient/,https://www.thomsonhospitals.com/,Fertility Specialist,3.1489199,101.5789458
264,Thomson Hospital Kota Damansara,SEL,Selangor,Elite Membership,Private Hospital,"MSQH, QTAC","Engliah, Malay",https://www.thomsonhospitals.com/patients-and-visitors/international-patient/,https://www.thomsonhospitals.com/,General Surgery,3.1489199,101.5789458
265,Thomson Hospital Kota Damansara,SEL,Selangor,Elite Membership,Private Hospital,"MSQH, QTAC","Engliah, Malay",https://www.thomsonhospitals.com/patients-and-visitors/international-patient/,https://www.thomsonhospitals.com/,Hand & Microsurgery,3.1489199,101.5789458
266,Thomson Hospital Kota Damansara,SEL,Selangor,Elite Membership,Private Hospital,"MSQH, QTAC","Engliah, Malay",https://www.thomsonhospitals.com/patients-and-visitors/international-patient/,https://www.thomsonhospitals.com/,Hepatobiliary Surgery,3.1489199,101.5789458
267,Thomson Hospital Kota Damansara,SEL,Selangor,Elite Membership,Private Hospital,"MSQH, QTAC","Engliah, Malay",https://www.thomsonhospitals.com/patients-and-visitors/international-patient/,https://www.thomsonhospitals.com/,Neurosurgery,3.1489199,101.5789458
268,Thomson Hospital Kota Damansara,SEL,Selangor,Elite Membership,Private Hospital,"MSQH, QTAC","Engliah, Malay",https://www.thomsonhospitals.com/patients-and-visitors/international-patient/,https://www.thomsonhospitals.com/,Obstetrics & Gynaecology,3.1489199,101.5789458
269,Thomson Hospital Kota Damansara,SEL,Selangor,Elite Membership,Private Hospital,"MSQH, QTAC","Engliah, Malay",https://www.thomsonhospitals.com/patients-and-visitors/international-patient/,https://www.thomsonhospitals.com/,Ophthalmology,3.1489199,101.5789458
270,Thomson Hospital Kota Damansara,SEL,Selangor,Elite Membership,Private Hospital,"MSQH, QTAC","Engliah, Malay",https://www.thomsonhospitals.com/patients-and-visitors/international-patient/,https://www.thomsonhospitals.com/,Ophthalmology & Vitreoretinal Surgery,3.1489199,101.5789458
271,Thomson Hospital Kota Damansara,SEL,Selangor,Elite Membership,Private Hospital,"MSQH, QTAC","Engliah, Malay",https://www.thomsonhospitals.com/patients-and-visitors/international-patient/,https://www.thomsonhospitals.com/,Oral Health,3.1489199,101.5789458
272,Thomson Hospital Kota Damansara,SEL,Selangor,Elite Membership,Private Hospital,"MSQH, QTAC","Engliah, Malay",https://www.thomsonhospitals.com/patients-and-visitors/international-patient/,https://www.thomsonhospitals.com/,Oral & Maxillofacial Surgery,3.1489199,101.5789458
273,Thomson Hospital Kota Damansara,SEL,Selangor,Elite Membership,Private Hospital,"MSQH, QTAC","Engliah, Malay",https://www.thomsonhospitals.com/patients-and-visitors/international-patient/,https://www.thomsonhospitals.com/,Orthopaedic Surgery,3.1489199,101.5789458
274,Thomson Hospital Kota Damansara,SEL,Selangor,Elite Membership,Private Hospital,"MSQH, QTAC","Engliah, Malay",https://www.thomsonhospitals.com/patients-and-visitors/international-patient/,https://www.thomsonhospitals.com/,Paediatric Ophthalmology,3.1489199,101.5789458
275,Thomson Hospital Kota Damansara,SEL,Selangor,Elite Membership,Private Hospital,"MSQH, QTAC","Engliah, Malay",https://www.thomsonhospitals.com/patients-and-visitors/international-patient/,https://www.thomsonhospitals.com/,Paediatric Orthopaedic Surgery,3.1489199,101.5789458
276,Thomson Hospital Kota Damansara,SEL,Selangor,Elite Membership,Private Hospital,"MSQH, QTAC","Engliah, Malay",https://www.thomsonhospitals.com/patients-and-visitors/international-patient/,https://www.thomsonhospitals.com/,Paediatric Surgery,3.1489199,101.5789458
277,Thomson Hospital Kota Damansara,SEL,Selangor,Elite Membership,Private Hospital,"MSQH, QTAC","Engliah, Malay",https://www.thomsonhospitals.com/patients-and-visitors/international-patient/,https://www.thomsonhospitals.com/,Plastic & Reconstructive Surgery,3.1489199,101.5789458
278,Thomson Hospital Kota Damansara,SEL,Selangor,Elite Membership,Private Hospital,"MSQH, QTAC","Engliah, Malay",https://www.thomsonhospitals.com/patients-and-visitors/international-patient/,https://www.thomsonhospitals.com/,Upper Gastrointestinal Surgery,3.1489199,101.5789458
279,Thomson Hospital Kota Damansara,SEL,Selangor,Elite Membership,Private Hospital,"MSQH, QTAC","Engliah, Malay",https://www.thomsonhospitals.com/patients-and-visitors/international-patient/,https://www.thomsonhospitals.com/,Urology,3.1489199,101.5789458
280,Thomson Hospital Kota Damansara,SEL,Selangor,Elite Membership,Private Hospital,"MSQH, QTAC","Engliah, Malay",https://www.thomsonhospitals.com/patients-and-visitors/international-patient/,https://www.thomsonhospitals.com/,Vascular Surgery,3.1489199,101.5789458
281,Thomson Hospital Kota Damansara,SEL,Selangor,Elite Membership,Private Hospital,"MSQH, QTAC","Engliah, Malay",https://www.thomsonhospitals.com/patients-and-visitors/international-patient/,https://www.thomsonhospitals.com/,Clinical Neuropsychology,3.1489199,101.5789458
282,Thomson Hospital Kota Damansara,SEL,Selangor,Elite Membership,Private Hospital,"MSQH, QTAC","Engliah, Malay",https://www.thomsonhospitals.com/patients-and-visitors/international-patient/,https://www.thomsonhospitals.com/,Clinical Psychology,3.1489199,101.5789458
283,Tawakkal Specialist Hospital,WP,Wilayah Persekutuan,Ordinary Member,Private Hospital,MSQH,"English, Malay","Located in central Kuala Lumpur, Tawakkal Specialist Hospital offers world-class care in oncology, cardiology, surgery & more for Malaysian & international patients",https://kpjhealth.com.my/tawakkal,Cardiology & Cardiothoracic Surgery,3.1769514,101.6986424
284,Tawakkal Specialist Hospital,WP,Wilayah Persekutuan,Ordinary Member,Private Hospital,MSQH,"English, Malay","Located in central Kuala Lumpur, Tawakkal Specialist Hospital offers world-class care in oncology, cardiology, surgery & more for Malaysian & international patients",https://kpjhealth.com.my/tawakkal,Oncology,3.1769514,101.6986424
285,Tawakkal Specialist Hospital,WP,Wilayah Persekutuan,Ordinary Member,Private Hospital,MSQH,"English, Malay","Located in central Kuala Lumpur, Tawakkal Specialist Hospital offers world-class care in oncology, cardiology, surgery & more for Malaysian & international patients",https://kpjhealth.com.my/tawakkal,Orthopaedics & Traumatology,3.1769514,101.6986424
286,Tawakkal Specialist Hospital,WP,Wilayah Persekutuan,Ordinary Member,Private Hospital,MSQH,"English, Malay","Located in central Kuala Lumpur, Tawakkal Specialist Hospital offers world-class care in oncology, cardiology, surgery & more for Malaysian & international patients",https://kpjhealth.com.my/tawakkal,General & Specialized Surgery,3.1769514,101.6986424
287,Tawakkal Specialist Hospital,WP,Wilayah Persekutuan,Ordinary Member,Private Hospital,MSQH,"English, Malay","Located in central Kuala Lumpur, Tawakkal Specialist Hospital offers world-class care in oncology, cardiology, surgery & more for Malaysian & international patients",https://kpjhealth.com.my/tawakkal,Obstetrics & Gynaecology,3.1769514,101.6986424
288,Tawakkal Specialist Hospital,WP,Wilayah Persekutuan,Ordinary Member,Private Hospital,MSQH,"English, Malay","Located in central Kuala Lumpur, Tawakkal Specialist Hospital offers world-class care in oncology, cardiology, surgery & more for Malaysian & international patients",https://kpjhealth.com.my/tawakkal,Paediatrics,3.1769514,101.6986424
289,Tawakkal Specialist Hospital,WP,Wilayah Persekutuan,Ordinary Member,Private Hospital,MSQH,"English, Malay","Located in central Kuala Lumpur, Tawakkal Specialist Hospital offers world-class care in oncology, cardiology, surgery & more for Malaysian & international patients",https://kpjhealth.com.my/tawakkal,Internal Medicine & Subspecialties,3.1769514,101.6986424
290,Tawakkal Specialist Hospital,WP,Wilayah Persekutuan,Ordinary Member,Private Hospital,MSQH,"English, Malay","Located in central Kuala Lumpur, Tawakkal Specialist Hospital offers world-class care in oncology, cardiology, surgery & more for Malaysian & international patients",https://kpjhealth.com.my/tawakkal,Anesthesiology & Critical Care,3.1769514,101.6986424
291,Tawakkal Specialist Hospital,WP,Wilayah Persekutuan,Ordinary Member,Private Hospital,MSQH,"English, Malay","Located in central Kuala Lumpur, Tawakkal Specialist Hospital offers world-class care in oncology, cardiology, surgery & more for Malaysian & international patients",https://kpjhealth.com.my/tawakkal,Radiology,3.1769514,101.6986424
292,Tawakkal Specialist Hospital,WP,Wilayah Persekutuan,Ordinary Member,Private Hospital,MSQH,"English, Malay","Located in central Kuala Lumpur, Tawakkal Specialist Hospital offers world-class care in oncology, cardiology, surgery & more for Malaysian & international patients",https://kpjhealth.com.my/tawakkal,Dermatology,3.1769514,101.6986424
293,Tawakkal Specialist Hospital,WP,Wilayah Persekutuan,Ordinary Member,Private Hospital,MSQH,"English, Malay","Located in central Kuala Lumpur, Tawakkal Specialist Hospital offers world-class care in oncology, cardiology, surgery & more for Malaysian & international patients",https://kpjhealth.com.my/tawakkal,Ophthalmology,3.1769514,101.6986424
294,Tawakkal Specialist Hospital,WP,Wilayah Persekutuan,Ordinary Member,Private Hospital,MSQH,"English, Malay","Located in central Kuala Lumpur, Tawakkal Specialist Hospital offers world-class care in oncology, cardiology, surgery & more for Malaysian & international patients",https://kpjhealth.com.my/tawakkal,Urology,3.1769514,101.6986424
295,TAGS Rehabilication & Chiropractic Penang,PN,Penang,Associate Member,Private Hospital,,"English, Malay",,https://tags.my/tags-penang/,Rehabilitation,5.3844235,100.3054263
296,TAGS Rehabilication & Chiropractic Penang,PN,Penang,Associate Member,Private Hospital,,"English, Malay",,https://tags.my/tags-penang/,Chiropractic,5.3844235,100.3054263
297,Ara Damansara Medical Centre,SEL,Selangor,Ordinary Member,Private Hospital,MSQH,"English, Malay",https://aradamansaramedicalcentre.com/patient-care/international-patients,https://aradamansaramedicalcentre.com,Anaesthesiology,3.1149231,101.5651364
298,Ara Damansara Medical Centre,SEL,Selangor,Ordinary Member,Private Hospital,MSQH,"English, Malay",https://aradamansaramedicalcentre.com/patient-care/international-patients,https://aradamansaramedicalcentre.com,Breast Surgery,3.1149231,101.5651364
299,Ara Damansara Medical Centre,SEL,Selangor,Ordinary Member,Private Hospital,MSQH,"English, Malay",https://aradamansaramedicalcentre.com/patient-care/international-patients,https://aradamansaramedicalcentre.com,Cardiology,3.1149231,101.5651364
300,Ara Damansara Medical Centre,SEL,Selangor,Ordinary Member,Private Hospital,MSQH,"English, Malay",https://aradamansaramedicalcentre.com/patient-care/international-patients,https://aradamansaramedicalcentre.com,Cardiothoracic Surgery,3.1149231,101.5651364
301,Ara Damansara Medical Centre,SEL,Selangor,Ordinary Member,Private Hospital,MSQH,"English, Malay",https://aradamansaramedicalcentre.com/patient-care/international-patients,https://aradamansaramedicalcentre.com,Dermatology,3.1149231,101.5651364
302,Ara Damansara Medical Centre,SEL,Selangor,Ordinary Member,Private Hospital,MSQH,"English, Malay",https://aradamansaramedicalcentre.com/patient-care/international-patients,https://aradamansaramedicalcentre.com,Endocrinology,3.1149231,101.5651364
303,Ara Damansara Medical Centre,SEL,Selangor,Ordinary Member,Private Hospital,MSQH,"English, Malay",https://aradamansaramedicalcentre.com/patient-care/international-patients,https://aradamansaramedicalcentre.com,Gastroenterology and Hepatology,3.1149231,101.5651364
304,Ara Damansara Medical Centre,SEL,Selangor,Ordinary Member,Private Hospital,MSQH,"English, Malay",https://aradamansaramedicalcentre.com/patient-care/international-patients,https://aradamansaramedicalcentre.com,General Surgery,3.1149231,101.5651364
305,Ara Damansara Medical Centre,SEL,Selangor,Ordinary Member,Private Hospital,MSQH,"English, Malay",https://aradamansaramedicalcentre.com/patient-care/international-patients,https://aradamansaramedicalcentre.com,Oncology,3.1149231,101.5651364
306,Ara Damansara Medical Centre,SEL,Selangor,Ordinary Member,Private Hospital,MSQH,"English, Malay",https://aradamansaramedicalcentre.com/patient-care/international-patients,https://aradamansaramedicalcentre.com,Hand and Microsurgery,3.1149231,101.5651364
307,Ara Damansara Medical Centre,SEL,Selangor,Ordinary Member,Private Hospital,MSQH,"English, Malay",https://aradamansaramedicalcentre.com/patient-care/international-patients,https://aradamansaramedicalcentre.com,Hepatobiliary Surgery,3.1149231,101.5651364
308,Ara Damansara Medical Centre,SEL,Selangor,Ordinary Member,Private Hospital,MSQH,"English, Malay",https://aradamansaramedicalcentre.com/patient-care/international-patients,https://aradamansaramedicalcentre.com,Infectious Disease,3.1149231,101.5651364
309,Ara Damansara Medical Centre,SEL,Selangor,Ordinary Member,Private Hospital,MSQH,"English, Malay",https://aradamansaramedicalcentre.com/patient-care/international-patients,https://aradamansaramedicalcentre.com,Internal Medicine,3.1149231,101.5651364
310,Ara Damansara Medical Centre,SEL,Selangor,Ordinary Member,Private Hospital,MSQH,"English, Malay",https://aradamansaramedicalcentre.com/patient-care/international-patients,https://aradamansaramedicalcentre.com,Nephrology,3.1149231,101.5651364
311,Ara Damansara Medical Centre,SEL,Selangor,Ordinary Member,Private Hospital,MSQH,"English, Malay",https://aradamansaramedicalcentre.com/patient-care/international-patients,https://aradamansaramedicalcentre.com,Neurology,3.1149231,101.5651364
312,Ara Damansara Medical Centre,SEL,Selangor,Ordinary Member,Private Hospital,MSQH,"English, Malay",https://aradamansaramedicalcentre.com/patient-care/international-patients,https://aradamansaramedicalcentre.com,Neurosurgery,3.1149231,101.5651364
313,Ara Damansara Medical Centre,SEL,Selangor,Ordinary Member,Private Hospital,MSQH,"English, Malay",https://aradamansaramedicalcentre.com/patient-care/international-patients,https://aradamansaramedicalcentre.com,Obstetrics and Gynaecology,3.1149231,101.5651364
314,Ara Damansara Medical Centre,SEL,Selangor,Ordinary Member,Private Hospital,MSQH,"English, Malay",https://aradamansaramedicalcentre.com/patient-care/international-patients,https://aradamansaramedicalcentre.com,Ophthalmology,3.1149231,101.5651364
315,Ara Damansara Medical Centre,SEL,Selangor,Ordinary Member,Private Hospital,MSQH,"English, Malay",https://aradamansaramedicalcentre.com/patient-care/international-patients,https://aradamansaramedicalcentre.com,Oral and Maxillofacial Surgery,3.1149231,101.5651364
316,Ara Damansara Medical Centre,SEL,Selangor,Ordinary Member,Private Hospital,MSQH,"English, Malay",https://aradamansaramedicalcentre.com/patient-care/international-patients,https://aradamansaramedicalcentre.com,Orthopaedic Surgery,3.1149231,101.5651364
317,Ara Damansara Medical Centre,SEL,Selangor,Ordinary Member,Private Hospital,MSQH,"English, Malay",https://aradamansaramedicalcentre.com/patient-care/international-patients,https://aradamansaramedicalcentre.com,ENT,3.1149231,101.5651364
318,Ara Damansara Medical Centre,SEL,Selangor,Ordinary Member,Private Hospital,MSQH,"English, Malay",https://aradamansaramedicalcentre.com/patient-care/international-patients,https://aradamansaramedicalcentre.com,Paediatrics,3.1149231,101.5651364
319,Ara Damansara Medical Centre,SEL,Selangor,Ordinary Member,Private Hospital,MSQH,"English, Malay",https://aradamansaramedicalcentre.com/patient-care/international-patients,https://aradamansaramedicalcentre.com,Psychiatry,3.1149231,101.5651364
320,Ara Damansara Medical Centre,SEL,Selangor,Ordinary Member,Private Hospital,MSQH,"English, Malay",https://aradamansaramedicalcentre.com/patient-care/international-patients,https://aradamansaramedicalcentre.com,Psychology,3.1149231,101.5651364
321,Ara Damansara Medical Centre,SEL,Selangor,Ordinary Member,Private Hospital,MSQH,"English, Malay",https://aradamansaramedicalcentre.com/patient-care/international-patients,https://aradamansaramedicalcentre.com,Radiology,3.1149231,101.5651364
322,Ara Damansara Medical Centre,SEL,Selangor,Ordinary Member,Private Hospital,MSQH,"English, Malay",https://aradamansaramedicalcentre.com/patient-care/international-patients,https://aradamansaramedicalcentre.com,Reconstruction and Plastic Surgery,3.1149231,101.5651364
323,Ara Damansara Medical Centre,SEL,Selangor,Ordinary Member,Private Hospital,MSQH,"English, Malay",https://aradamansaramedicalcentre.com/patient-care/international-patients,https://aradamansaramedicalcentre.com,Rehabilitation Medicine,3.1149231,101.5651364
324,Ara Damansara Medical Centre,SEL,Selangor,Ordinary Member,Private Hospital,MSQH,"English, Malay",https://aradamansaramedicalcentre.com/patient-care/international-patients,https://aradamansaramedicalcentre.com,Respiratory Medicine,3.1149231,101.5651364
325,Ara Damansara Medical Centre,SEL,Selangor,Ordinary Member,Private Hospital,MSQH,"English, Malay",https://aradamansaramedicalcentre.com/patient-care/international-patients,https://aradamansaramedicalcentre.com,Rheumatology,3.1149231,101.5651364
326,Ara Damansara Medical Centre,SEL,Selangor,Ordinary Member,Private Hospital,MSQH,"English, Malay",https://aradamansaramedicalcentre.com/patient-care/international-patients,https://aradamansaramedicalcentre.com,Spine Surgery,3.1149231,101.5651364
327,Ara Damansara Medical Centre,SEL,Selangor,Ordinary Member,Private Hospital,MSQH,"English, Malay",https://aradamansaramedicalcentre.com/patient-care/international-patients,https://aradamansaramedicalcentre.com,Sports Medicine,3.1149231,101.5651364
328,Ara Damansara Medical Centre,SEL,Selangor,Ordinary Member,Private Hospital,MSQH,"English, Malay",https://aradamansaramedicalcentre.com/patient-care/international-patients,https://aradamansaramedicalcentre.com,Urology,3.1149231,101.5651364
329,Ara Damansara Medical Centre,SEL,Selangor,Ordinary Member,Private Hospital,MSQH,"English, Malay",https://aradamansaramedicalcentre.com/patient-care/international-patients,https://aradamansaramedicalcentre.com,Vascular Surgery,3.1149231,101.5651364
330,Bagan Specialist Centre,PN,Penang,Ordinary Member,Private Hospital,,"English, Malay",https://www.bagan.com.my/international-patient/,https://www.bagan.com.my,Anaesthesiology,5.4103953,100.3858854
331,Bagan Specialist Centre,PN,Penang,Ordinary Member,Private Hospital,,"English, Malay",https://www.bagan.com.my/international-patient/,https://www.bagan.com.my,Cardiology & Cardiovascular & Thoracic Surgery,5.4103953,100.3858854
332,Bagan Specialist Centre,PN,Penang,Ordinary Member,Private Hospital,,"English, Malay",https://www.bagan.com.my/international-patient/,https://www.bagan.com.my,Dermatology,5.4103953,100.3858854
333,Bagan Specialist Centre,PN,Penang,Ordinary Member,Private Hospital,,"English, Malay",https://www.bagan.com.my/international-patient/,https://www.bagan.com.my,Emergency Medicine,5.4103953,100.3858854
334,Bagan Specialist Centre,PN,Penang,Ordinary Member,Private Hospital,,"English, Malay",https://www.bagan.com.my/international-patient/,https://www.bagan.com.my,ENT Surgery (including ENT,5.4103953,100.3858854
335,Bagan Specialist Centre,PN,Penang,Ordinary Member,Private Hospital,,"English, Malay",https://www.bagan.com.my/international-patient/,https://www.bagan.com.my,Head & Neck Surgery),5.4103953,100.3858854
336,Bagan Specialist Centre,PN,Penang,Ordinary Member,Private Hospital,,"English, Malay",https://www.bagan.com.my/international-patient/,https://www.bagan.com.my,General Surgery,5.4103953,100.3858854
337,Bagan Specialist Centre,PN,Penang,Ordinary Member,Private Hospital,,"English, Malay",https://www.bagan.com.my/international-patient/,https://www.bagan.com.my,Internal & Respiratory Medicine,5.4103953,100.3858854
338,Bagan Specialist Centre,PN,Penang,Ordinary Member,Private Hospital,,"English, Malay",https://www.bagan.com.my/international-patient/,https://www.bagan.com.my,Nephrology,5.4103953,100.3858854
339,Bagan Specialist Centre,PN,Penang,Ordinary Member,Private Hospital,,"English, Malay",https://www.bagan.com.my/international-patient/,https://www.bagan.com.my,Neurosurgery,5.4103953,100.3858854
340,Bagan Specialist Centre,PN,Penang,Ordinary Member,Private Hospital,,"English, Malay",https://www.bagan.com.my/international-patient/,https://www.bagan.com.my,Obstetrics & Gynaecology (including Urogynaecology),5.4103953,100.3858854
341,Bagan Specialist Centre,PN,Penang,Ordinary Member,Private Hospital,,"English, Malay",https://www.bagan.com.my/international-patient/,https://www.bagan.com.my,Oncology & Radiotherapy,5.4103953,100.3858854
342,Bagan Specialist Centre,PN,Penang,Ordinary Member,Private Hospital,,"English, Malay",https://www.bagan.com.my/international-patient/,https://www.bagan.com.my,Ophthalmology,5.4103953,100.3858854
343,Bagan Specialist Centre,PN,Penang,Ordinary Member,Private Hospital,,"English, Malay",https://www.bagan.com.my/international-patient/,https://www.bagan.com.my,Orthopaedics,5.4103953,100.3858854
344,Bagan Specialist Centre,PN,Penang,Ordinary Member,Private Hospital,,"English, Malay",https://www.bagan.com.my/international-patient/,https://www.bagan.com.my,Paediatrics,5.4103953,100.3858854
345,Bagan Specialist Centre,PN,Penang,Ordinary Member,Private Hospital,,"English, Malay",https://www.bagan.com.my/international-patient/,https://www.bagan.com.my,General/Internal Medicine (Physician),5.4103953,100.3858854
346,Borneo Medical Centre Miri,SW,Sarawak,Ordinary Member,Private Hospital,MSQH,"English, Malay",https://www.bmcmiri.com/international-patient,https://www.bmcmiri.com/,Anaesthesia and Critical Care,4.3806373,113.9848563
347,Borneo Medical Centre Miri,SW,Sarawak,Ordinary Member,Private Hospital,MSQH,"English, Malay",https://www.bmcmiri.com/international-patient,https://www.bmcmiri.com/,Cardiologist,4.3806373,113.9848563
348,Borneo Medical Centre Miri,SW,Sarawak,Ordinary Member,Private Hospital,MSQH,"English, Malay",https://www.bmcmiri.com/international-patient,https://www.bmcmiri.com/,Dermatologist,4.3806373,113.9848563
349,Borneo Medical Centre Miri,SW,Sarawak,Ordinary Member,Private Hospital,MSQH,"English, Malay",https://www.bmcmiri.com/international-patient,https://www.bmcmiri.com/,Ear,4.3806373,113.9848563
350,Borneo Medical Centre Miri,SW,Sarawak,Ordinary Member,Private Hospital,MSQH,"English, Malay",https://www.bmcmiri.com/international-patient,https://www.bmcmiri.com/,Nose,4.3806373,113.9848563
351,Borneo Medical Centre Miri,SW,Sarawak,Ordinary Member,Private Hospital,MSQH,"English, Malay",https://www.bmcmiri.com/international-patient,https://www.bmcmiri.com/,Throat,4.3806373,113.9848563
352,Borneo Medical Centre Miri,SW,Sarawak,Ordinary Member,Private Hospital,MSQH,"English, Malay",https://www.bmcmiri.com/international-patient,https://www.bmcmiri.com/,Head & Neck Surgeon,4.3806373,113.9848563
353,Borneo Medical Centre Miri,SW,Sarawak,Ordinary Member,Private Hospital,MSQH,"English, Malay",https://www.bmcmiri.com/international-patient,https://www.bmcmiri.com/,Emergency Physician,4.3806373,113.9848563
354,Borneo Medical Centre Miri,SW,Sarawak,Ordinary Member,Private Hospital,MSQH,"English, Malay",https://www.bmcmiri.com/international-patient,https://www.bmcmiri.com/,General & Laparoscopic Surgeon,4.3806373,113.9848563
355,Borneo Medical Centre Miri,SW,Sarawak,Ordinary Member,Private Hospital,MSQH,"English, Malay",https://www.bmcmiri.com/international-patient,https://www.bmcmiri.com/,Geriatrician,4.3806373,113.9848563
356,Borneo Medical Centre Miri,SW,Sarawak,Ordinary Member,Private Hospital,MSQH,"English, Malay",https://www.bmcmiri.com/international-patient,https://www.bmcmiri.com/,Hematology,4.3806373,113.9848563
357,Borneo Medical Centre Miri,SW,Sarawak,Ordinary Member,Private Hospital,MSQH,"English, Malay",https://www.bmcmiri.com/international-patient,https://www.bmcmiri.com/,Internal Medicine Physician,4.3806373,113.9848563
358,Borneo Medical Centre Miri,SW,Sarawak,Ordinary Member,Private Hospital,MSQH,"English, Malay",https://www.bmcmiri.com/international-patient,https://www.bmcmiri.com/,Medical Officer,4.3806373,113.9848563
359,Borneo Medical Centre Miri,SW,Sarawak,Ordinary Member,Private Hospital,MSQH,"English, Malay",https://www.bmcmiri.com/international-patient,https://www.bmcmiri.com/,Nephrologist,4.3806373,113.9848563
360,Borneo Medical Centre Miri,SW,Sarawak,Ordinary Member,Private Hospital,MSQH,"English, Malay",https://www.bmcmiri.com/international-patient,https://www.bmcmiri.com/,Neurologist,4.3806373,113.9848563
361,Borneo Medical Centre Miri,SW,Sarawak,Ordinary Member,Private Hospital,MSQH,"English, Malay",https://www.bmcmiri.com/international-patient,https://www.bmcmiri.com/,Neurosurgeon,4.3806373,113.9848563
362,Borneo Medical Centre Miri,SW,Sarawak,Ordinary Member,Private Hospital,MSQH,"English, Malay",https://www.bmcmiri.com/international-patient,https://www.bmcmiri.com/,Obstetrician & Gynaecologist,4.3806373,113.9848563
363,Borneo Medical Centre Miri,SW,Sarawak,Ordinary Member,Private Hospital,MSQH,"English, Malay",https://www.bmcmiri.com/international-patient,https://www.bmcmiri.com/,Ophthalmologist and Vitreoretinal Surgeon,4.3806373,113.9848563
364,Borneo Medical Centre Miri,SW,Sarawak,Ordinary Member,Private Hospital,MSQH,"English, Malay",https://www.bmcmiri.com/international-patient,https://www.bmcmiri.com/,Orthopaedic & Arthroplasty Surgeon,4.3806373,113.9848563
365,Borneo Medical Centre Miri,SW,Sarawak,Ordinary Member,Private Hospital,MSQH,"English, Malay",https://www.bmcmiri.com/international-patient,https://www.bmcmiri.com/,Paediatrician,4.3806373,113.9848563
366,Borneo Medical Centre Miri,SW,Sarawak,Ordinary Member,Private Hospital,MSQH,"English, Malay",https://www.bmcmiri.com/international-patient,https://www.bmcmiri.com/,Plastic,4.3806373,113.9848563
367,Borneo Medical Centre Miri,SW,Sarawak,Ordinary Member,Private Hospital,MSQH,"English, Malay",https://www.bmcmiri.com/international-patient,https://www.bmcmiri.com/,Reconstructive & Cosmetic (Aesthetic) Surgeon,4.3806373,113.9848563
368,Borneo Medical Centre Miri,SW,Sarawak,Ordinary Member,Private Hospital,MSQH,"English, Malay",https://www.bmcmiri.com/international-patient,https://www.bmcmiri.com/,Psychiatrist,4.3806373,113.9848563
369,Borneo Medical Centre Miri,SW,Sarawak,Ordinary Member,Private Hospital,MSQH,"English, Malay",https://www.bmcmiri.com/international-patient,https://www.bmcmiri.com/,Radiologist,4.3806373,113.9848563
370,Borneo Medical Centre Miri,SW,Sarawak,Ordinary Member,Private Hospital,MSQH,"English, Malay",https://www.bmcmiri.com/international-patient,https://www.bmcmiri.com/,Rheumatologist,4.3806373,113.9848563
371,Borneo Medical Centre Miri,SW,Sarawak,Ordinary Member,Private Hospital,MSQH,"English, Malay",https://www.bmcmiri.com/international-patient,https://www.bmcmiri.com/,Urologist,4.3806373,113.9848563
372,Columbia Asia Hospital - Iskandar Puteri,JH,Johor,Ordinary Member,Private Hospital,MSQH,"English, Malay","Columbia Asia is a panel hospital that falls under a multitude of insurance companies and third party administrators, both local and international. We provide the means for you to receive medical coverage, giving you peace of mind while you are under our care.",https://www.columbiaasia.com/malaysia/ms/hospitals/iskandar-puteri/,Anesthesiology,1.4785875,103.6372869
373,Columbia Asia Hospital - Iskandar Puteri,JH,Johor,Ordinary Member,Private Hospital,MSQH,"English, Malay","Columbia Asia is a panel hospital that falls under a multitude of insurance companies and third party administrators, both local and international. We provide the means for you to receive medical coverage, giving you peace of mind while you are under our care.",https://www.columbiaasia.com/malaysia/ms/hospitals/iskandar-puteri/,Breast and Endocrine Surgery,1.4785875,103.6372869
374,Columbia Asia Hospital - Iskandar Puteri,JH,Johor,Ordinary Member,Private Hospital,MSQH,"English, Malay","Columbia Asia is a panel hospital that falls under a multitude of insurance companies and third party administrators, both local and international. We provide the means for you to receive medical coverage, giving you peace of mind while you are under our care.",https://www.columbiaasia.com/malaysia/ms/hospitals/iskandar-puteri/,Cardiology,1.4785875,103.6372869
375,Columbia Asia Hospital - Iskandar Puteri,JH,Johor,Ordinary Member,Private Hospital,MSQH,"English, Malay","Columbia Asia is a panel hospital that falls under a multitude of insurance companies and third party administrators, both local and international. We provide the means for you to receive medical coverage, giving you peace of mind while you are under our care.",https://www.columbiaasia.com/malaysia/ms/hospitals/iskandar-puteri/,Dermatology,1.4785875,103.6372869
376,Columbia Asia Hospital - Iskandar Puteri,JH,Johor,Ordinary Member,Private Hospital,MSQH,"English, Malay","Columbia Asia is a panel hospital that falls under a multitude of insurance companies and third party administrators, both local and international. We provide the means for you to receive medical coverage, giving you peace of mind while you are under our care.",https://www.columbiaasia.com/malaysia/ms/hospitals/iskandar-puteri/,Ear,1.4785875,103.6372869
377,Columbia Asia Hospital - Iskandar Puteri,JH,Johor,Ordinary Member,Private Hospital,MSQH,"English, Malay","Columbia Asia is a panel hospital that falls under a multitude of insurance companies and third party administrators, both local and international. We provide the means for you to receive medical coverage, giving you peace of mind while you are under our care.",https://www.columbiaasia.com/malaysia/ms/hospitals/iskandar-puteri/,Nose & Throat,1.4785875,103.6372869
378,Columbia Asia Hospital - Iskandar Puteri,JH,Johor,Ordinary Member,Private Hospital,MSQH,"English, Malay","Columbia Asia is a panel hospital that falls under a multitude of insurance companies and third party administrators, both local and international. We provide the means for you to receive medical coverage, giving you peace of mind while you are under our care.",https://www.columbiaasia.com/malaysia/ms/hospitals/iskandar-puteri/,Emergency Medicine,1.4785875,103.6372869
379,Columbia Asia Hospital - Iskandar Puteri,JH,Johor,Ordinary Member,Private Hospital,MSQH,"English, Malay","Columbia Asia is a panel hospital that falls under a multitude of insurance companies and third party administrators, both local and international. We provide the means for you to receive medical coverage, giving you peace of mind while you are under our care.",https://www.columbiaasia.com/malaysia/ms/hospitals/iskandar-puteri/,Gastroentrology,1.4785875,103.6372869
380,Columbia Asia Hospital - Iskandar Puteri,JH,Johor,Ordinary Member,Private Hospital,MSQH,"English, Malay","Columbia Asia is a panel hospital that falls under a multitude of insurance companies and third party administrators, both local and international. We provide the means for you to receive medical coverage, giving you peace of mind while you are under our care.",https://www.columbiaasia.com/malaysia/ms/hospitals/iskandar-puteri/,General Surgery,1.4785875,103.6372869
381,Columbia Asia Hospital - Iskandar Puteri,JH,Johor,Ordinary Member,Private Hospital,MSQH,"English, Malay","Columbia Asia is a panel hospital that falls under a multitude of insurance companies and third party administrators, both local and international. We provide the means for you to receive medical coverage, giving you peace of mind while you are under our care.",https://www.columbiaasia.com/malaysia/ms/hospitals/iskandar-puteri/,Hepatobiliary Surgery,1.4785875,103.6372869
382,Columbia Asia Hospital - Iskandar Puteri,JH,Johor,Ordinary Member,Private Hospital,MSQH,"English, Malay","Columbia Asia is a panel hospital that falls under a multitude of insurance companies and third party administrators, both local and international. We provide the means for you to receive medical coverage, giving you peace of mind while you are under our care.",https://www.columbiaasia.com/malaysia/ms/hospitals/iskandar-puteri/,Hepatology,1.4785875,103.6372869
383,Columbia Asia Hospital - Iskandar Puteri,JH,Johor,Ordinary Member,Private Hospital,MSQH,"English, Malay","Columbia Asia is a panel hospital that falls under a multitude of insurance companies and third party administrators, both local and international. We provide the means for you to receive medical coverage, giving you peace of mind while you are under our care.",https://www.columbiaasia.com/malaysia/ms/hospitals/iskandar-puteri/,Internal Medicine,1.4785875,103.6372869
384,Columbia Asia Hospital - Iskandar Puteri,JH,Johor,Ordinary Member,Private Hospital,MSQH,"English, Malay","Columbia Asia is a panel hospital that falls under a multitude of insurance companies and third party administrators, both local and international. We provide the means for you to receive medical coverage, giving you peace of mind while you are under our care.",https://www.columbiaasia.com/malaysia/ms/hospitals/iskandar-puteri/,Nephrology,1.4785875,103.6372869
385,Columbia Asia Hospital - Iskandar Puteri,JH,Johor,Ordinary Member,Private Hospital,MSQH,"English, Malay","Columbia Asia is a panel hospital that falls under a multitude of insurance companies and third party administrators, both local and international. We provide the means for you to receive medical coverage, giving you peace of mind while you are under our care.",https://www.columbiaasia.com/malaysia/ms/hospitals/iskandar-puteri/,Neurology,1.4785875,103.6372869
386,Columbia Asia Hospital - Iskandar Puteri,JH,Johor,Ordinary Member,Private Hospital,MSQH,"English, Malay","Columbia Asia is a panel hospital that falls under a multitude of insurance companies and third party administrators, both local and international. We provide the means for you to receive medical coverage, giving you peace of mind while you are under our care.",https://www.columbiaasia.com/malaysia/ms/hospitals/iskandar-puteri/,Neurosurgery,1.4785875,103.6372869
387,Columbia Asia Hospital - Iskandar Puteri,JH,Johor,Ordinary Member,Private Hospital,MSQH,"English, Malay","Columbia Asia is a panel hospital that falls under a multitude of insurance companies and third party administrators, both local and international. We provide the means for you to receive medical coverage, giving you peace of mind while you are under our care.",https://www.columbiaasia.com/malaysia/ms/hospitals/iskandar-puteri/,Obstrtrics & Gynecology,1.4785875,103.6372869
388,Columbia Asia Hospital - Iskandar Puteri,JH,Johor,Ordinary Member,Private Hospital,MSQH,"English, Malay","Columbia Asia is a panel hospital that falls under a multitude of insurance companies and third party administrators, both local and international. We provide the means for you to receive medical coverage, giving you peace of mind while you are under our care.",https://www.columbiaasia.com/malaysia/ms/hospitals/iskandar-puteri/,Occupational Medicine,1.4785875,103.6372869
389,Columbia Asia Hospital - Iskandar Puteri,JH,Johor,Ordinary Member,Private Hospital,MSQH,"English, Malay","Columbia Asia is a panel hospital that falls under a multitude of insurance companies and third party administrators, both local and international. We provide the means for you to receive medical coverage, giving you peace of mind while you are under our care.",https://www.columbiaasia.com/malaysia/ms/hospitals/iskandar-puteri/,Ophthalmology,1.4785875,103.6372869
390,Columbia Asia Hospital - Iskandar Puteri,JH,Johor,Ordinary Member,Private Hospital,MSQH,"English, Malay","Columbia Asia is a panel hospital that falls under a multitude of insurance companies and third party administrators, both local and international. We provide the means for you to receive medical coverage, giving you peace of mind while you are under our care.",https://www.columbiaasia.com/malaysia/ms/hospitals/iskandar-puteri/,Oral & Maxillofacial Surgery,1.4785875,103.6372869
391,Columbia Asia Hospital - Iskandar Puteri,JH,Johor,Ordinary Member,Private Hospital,MSQH,"English, Malay","Columbia Asia is a panel hospital that falls under a multitude of insurance companies and third party administrators, both local and international. We provide the means for you to receive medical coverage, giving you peace of mind while you are under our care.",https://www.columbiaasia.com/malaysia/ms/hospitals/iskandar-puteri/,Orthopedics,1.4785875,103.6372869
392,Columbia Asia Hospital - Iskandar Puteri,JH,Johor,Ordinary Member,Private Hospital,MSQH,"English, Malay","Columbia Asia is a panel hospital that falls under a multitude of insurance companies and third party administrators, both local and international. We provide the means for you to receive medical coverage, giving you peace of mind while you are under our care.",https://www.columbiaasia.com/malaysia/ms/hospitals/iskandar-puteri/,Pediatric Surgery,1.4785875,103.6372869
393,Columbia Asia Hospital - Iskandar Puteri,JH,Johor,Ordinary Member,Private Hospital,MSQH,"English, Malay","Columbia Asia is a panel hospital that falls under a multitude of insurance companies and third party administrators, both local and international. We provide the means for you to receive medical coverage, giving you peace of mind while you are under our care.",https://www.columbiaasia.com/malaysia/ms/hospitals/iskandar-puteri/,Pediatrics,1.4785875,103.6372869
394,Columbia Asia Hospital - Iskandar Puteri,JH,Johor,Ordinary Member,Private Hospital,MSQH,"English, Malay","Columbia Asia is a panel hospital that falls under a multitude of insurance companies and third party administrators, both local and international. We provide the means for you to receive medical coverage, giving you peace of mind while you are under our care.",https://www.columbiaasia.com/malaysia/ms/hospitals/iskandar-puteri/,Plastic Surgery,1.4785875,103.6372869
395,Columbia Asia Hospital - Iskandar Puteri,JH,Johor,Ordinary Member,Private Hospital,MSQH,"English, Malay","Columbia Asia is a panel hospital that falls under a multitude of insurance companies and third party administrators, both local and international. We provide the means for you to receive medical coverage, giving you peace of mind while you are under our care.",https://www.columbiaasia.com/malaysia/ms/hospitals/iskandar-puteri/,Psychiatry,1.4785875,103.6372869
396,Columbia Asia Hospital - Iskandar Puteri,JH,Johor,Ordinary Member,Private Hospital,MSQH,"English, Malay","Columbia Asia is a panel hospital that falls under a multitude of insurance companies and third party administrators, both local and international. We provide the means for you to receive medical coverage, giving you peace of mind while you are under our care.",https://www.columbiaasia.com/malaysia/ms/hospitals/iskandar-puteri/,Radiology,1.4785875,103.6372869
397,Columbia Asia Hospital - Iskandar Puteri,JH,Johor,Ordinary Member,Private Hospital,MSQH,"English, Malay","Columbia Asia is a panel hospital that falls under a multitude of insurance companies and third party administrators, both local and international. We provide the means for you to receive medical coverage, giving you peace of mind while you are under our care.",https://www.columbiaasia.com/malaysia/ms/hospitals/iskandar-puteri/,Rheumatology,1.4785875,103.6372869
398,Columbia Asia Hospital - Iskandar Puteri,JH,Johor,Ordinary Member,Private Hospital,MSQH,"English, Malay","Columbia Asia is a panel hospital that falls under a multitude of insurance companies and third party administrators, both local and international. We provide the means for you to receive medical coverage, giving you peace of mind while you are under our care.",https://www.columbiaasia.com/malaysia/ms/hospitals/iskandar-puteri/,Upper Gastrointestinal Surgery,1.4785875,103.6372869
399,Columbia Asia Hospital - Iskandar Puteri,JH,Johor,Ordinary Member,Private Hospital,MSQH,"English, Malay","Columbia Asia is a panel hospital that falls under a multitude of insurance companies and third party administrators, both local and international. We provide the means for you to receive medical coverage, giving you peace of mind while you are under our care.",https://www.columbiaasia.com/malaysia/ms/hospitals/iskandar-puteri/,Urology,1.4785875,103.6372869
400,Columbia Asia Hospital - Petaling Jaya,SEL,Selangor,Ordinary Member,Private Hospital,MSQH,"English, Malay","Columbia Asia is a panel hospital that falls under a multitude of insurance companies and third party administrators, both local and international. We provide the means for you to receive medical coverage, giving you peace of mind while you are under our care.",https://www.columbiaasia.com/malaysia/hospitals/petaling-jaya/,Anesthesiology,3.1183565,101.6376395
401,Columbia Asia Hospital - Petaling Jaya,SEL,Selangor,Ordinary Member,Private Hospital,MSQH,"English, Malay","Columbia Asia is a panel hospital that falls under a multitude of insurance companies and third party administrators, both local and international. We provide the means for you to receive medical coverage, giving you peace of mind while you are under our care.",https://www.columbiaasia.com/malaysia/hospitals/petaling-jaya/,Breast and Endocrine Surgery,3.1183565,101.6376395
402,Columbia Asia Hospital - Petaling Jaya,SEL,Selangor,Ordinary Member,Private Hospital,MSQH,"English, Malay","Columbia Asia is a panel hospital that falls under a multitude of insurance companies and third party administrators, both local and international. We provide the means for you to receive medical coverage, giving you peace of mind while you are under our care.",https://www.columbiaasia.com/malaysia/hospitals/petaling-jaya/,Cardiology,3.1183565,101.6376395
403,Columbia Asia Hospital - Petaling Jaya,SEL,Selangor,Ordinary Member,Private Hospital,MSQH,"English, Malay","Columbia Asia is a panel hospital that falls under a multitude of insurance companies and third party administrators, both local and international. We provide the means for you to receive medical coverage, giving you peace of mind while you are under our care.",https://www.columbiaasia.com/malaysia/hospitals/petaling-jaya/,Dermatology,3.1183565,101.6376395
404,Columbia Asia Hospital - Petaling Jaya,SEL,Selangor,Ordinary Member,Private Hospital,MSQH,"English, Malay","Columbia Asia is a panel hospital that falls under a multitude of insurance companies and third party administrators, both local and international. We provide the means for you to receive medical coverage, giving you peace of mind while you are under our care.",https://www.columbiaasia.com/malaysia/hospitals/petaling-jaya/,Ear,3.1183565,101.6376395
405,Columbia Asia Hospital - Petaling Jaya,SEL,Selangor,Ordinary Member,Private Hospital,MSQH,"English, Malay","Columbia Asia is a panel hospital that falls under a multitude of insurance companies and third party administrators, both local and international. We provide the means for you to receive medical coverage, giving you peace of mind while you are under our care.",https://www.columbiaasia.com/malaysia/hospitals/petaling-jaya/,Nose & Throat,3.1183565,101.6376395
406,Columbia Asia Hospital - Petaling Jaya,SEL,Selangor,Ordinary Member,Private Hospital,MSQH,"English, Malay","Columbia Asia is a panel hospital that falls under a multitude of insurance companies and third party administrators, both local and international. We provide the means for you to receive medical coverage, giving you peace of mind while you are under our care.",https://www.columbiaasia.com/malaysia/hospitals/petaling-jaya/,Emergency Medicine,3.1183565,101.6376395
407,Columbia Asia Hospital - Petaling Jaya,SEL,Selangor,Ordinary Member,Private Hospital,MSQH,"English, Malay","Columbia Asia is a panel hospital that falls under a multitude of insurance companies and third party administrators, both local and international. We provide the means for you to receive medical coverage, giving you peace of mind while you are under our care.",https://www.columbiaasia.com/malaysia/hospitals/petaling-jaya/,Gastroentrology,3.1183565,101.6376395
408,Columbia Asia Hospital - Petaling Jaya,SEL,Selangor,Ordinary Member,Private Hospital,MSQH,"English, Malay","Columbia Asia is a panel hospital that falls under a multitude of insurance companies and third party administrators, both local and international. We provide the means for you to receive medical coverage, giving you peace of mind while you are under our care.",https://www.columbiaasia.com/malaysia/hospitals/petaling-jaya/,General Surgery,3.1183565,101.6376395
409,Columbia Asia Hospital - Petaling Jaya,SEL,Selangor,Ordinary Member,Private Hospital,MSQH,"English, Malay","Columbia Asia is a panel hospital that falls under a multitude of insurance companies and third party administrators, both local and international. We provide the means for you to receive medical coverage, giving you peace of mind while you are under our care.",https://www.columbiaasia.com/malaysia/hospitals/petaling-jaya/,Hepatobiliary Surgery,3.1183565,101.6376395
410,Columbia Asia Hospital - Petaling Jaya,SEL,Selangor,Ordinary Member,Private Hospital,MSQH,"English, Malay","Columbia Asia is a panel hospital that falls under a multitude of insurance companies and third party administrators, both local and international. We provide the means for you to receive medical coverage, giving you peace of mind while you are under our care.",https://www.columbiaasia.com/malaysia/hospitals/petaling-jaya/,Hepatology,3.1183565,101.6376395
411,Columbia Asia Hospital - Petaling Jaya,SEL,Selangor,Ordinary Member,Private Hospital,MSQH,"English, Malay","Columbia Asia is a panel hospital that falls under a multitude of insurance companies and third party administrators, both local and international. We provide the means for you to receive medical coverage, giving you peace of mind while you are under our care.",https://www.columbiaasia.com/malaysia/hospitals/petaling-jaya/,Internal Medicine,3.1183565,101.6376395
412,Columbia Asia Hospital - Petaling Jaya,SEL,Selangor,Ordinary Member,Private Hospital,MSQH,"English, Malay","Columbia Asia is a panel hospital that falls under a multitude of insurance companies and third party administrators, both local and international. We provide the means for you to receive medical coverage, giving you peace of mind while you are under our care.",https://www.columbiaasia.com/malaysia/hospitals/petaling-jaya/,Nephrology,3.1183565,101.6376395
413,Columbia Asia Hospital - Petaling Jaya,SEL,Selangor,Ordinary Member,Private Hospital,MSQH,"English, Malay","Columbia Asia is a panel hospital that falls under a multitude of insurance companies and third party administrators, both local and international. We provide the means for you to receive medical coverage, giving you peace of mind while you are under our care.",https://www.columbiaasia.com/malaysia/hospitals/petaling-jaya/,Neurology,3.1183565,101.6376395
414,Columbia Asia Hospital - Petaling Jaya,SEL,Selangor,Ordinary Member,Private Hospital,MSQH,"English, Malay","Columbia Asia is a panel hospital that falls under a multitude of insurance companies and third party administrators, both local and international. We provide the means for you to receive medical coverage, giving you peace of mind while you are under our care.",https://www.columbiaasia.com/malaysia/hospitals/petaling-jaya/,Neurosurgery,3.1183565,101.6376395
415,Columbia Asia Hospital - Petaling Jaya,SEL,Selangor,Ordinary Member,Private Hospital,MSQH,"English, Malay","Columbia Asia is a panel hospital that falls under a multitude of insurance companies and third party administrators, both local and international. We provide the means for you to receive medical coverage, giving you peace of mind while you are under our care.",https://www.columbiaasia.com/malaysia/hospitals/petaling-jaya/,Obstrtrics & Gynecology,3.1183565,101.6376395
416,Columbia Asia Hospital - Petaling Jaya,SEL,Selangor,Ordinary Member,Private Hospital,MSQH,"English, Malay","Columbia Asia is a panel hospital that falls under a multitude of insurance companies and third party administrators, both local and international. We provide the means for you to receive medical coverage, giving you peace of mind while you are under our care.",https://www.columbiaasia.com/malaysia/hospitals/petaling-jaya/,Occupational Medicine,3.1183565,101.6376395
417,Columbia Asia Hospital - Petaling Jaya,SEL,Selangor,Ordinary Member,Private Hospital,MSQH,"English, Malay","Columbia Asia is a panel hospital that falls under a multitude of insurance companies and third party administrators, both local and international. We provide the means for you to receive medical coverage, giving you peace of mind while you are under our care.",https://www.columbiaasia.com/malaysia/hospitals/petaling-jaya/,Ophthalmology,3.1183565,101.6376395
418,Columbia Asia Hospital - Petaling Jaya,SEL,Selangor,Ordinary Member,Private Hospital,MSQH,"English, Malay","Columbia Asia is a panel hospital that falls under a multitude of insurance companies and third party administrators, both local and international. We provide the means for you to receive medical coverage, giving you peace of mind while you are under our care.",https://www.columbiaasia.com/malaysia/hospitals/petaling-jaya/,Oral & Maxillofacial Surgery,3.1183565,101.6376395
419,Columbia Asia Hospital - Petaling Jaya,SEL,Selangor,Ordinary Member,Private Hospital,MSQH,"English, Malay","Columbia Asia is a panel hospital that falls under a multitude of insurance companies and third party administrators, both local and international. We provide the means for you to receive medical coverage, giving you peace of mind while you are under our care.",https://www.columbiaasia.com/malaysia/hospitals/petaling-jaya/,Orthopedics,3.1183565,101.6376395
420,Columbia Asia Hospital - Petaling Jaya,SEL,Selangor,Ordinary Member,Private Hospital,MSQH,"English, Malay","Columbia Asia is a panel hospital that falls under a multitude of insurance companies and third party administrators, both local and international. We provide the means for you to receive medical coverage, giving you peace of mind while you are under our care.",https://www.columbiaasia.com/malaysia/hospitals/petaling-jaya/,Pediatric Surgery,3.1183565,101.6376395
421,Columbia Asia Hospital - Petaling Jaya,SEL,Selangor,Ordinary Member,Private Hospital,MSQH,"English, Malay","Columbia Asia is a panel hospital that falls under a multitude of insurance companies and third party administrators, both local and international. We provide the means for you to receive medical coverage, giving you peace of mind while you are under our care.",https://www.columbiaasia.com/malaysia/hospitals/petaling-jaya/,Pediatrics,3.1183565,101.6376395
422,Columbia Asia Hospital - Petaling Jaya,SEL,Selangor,Ordinary Member,Private Hospital,MSQH,"English, Malay","Columbia Asia is a panel hospital that falls under a multitude of insurance companies and third party administrators, both local and international. We provide the means for you to receive medical coverage, giving you peace of mind while you are under our care.",https://www.columbiaasia.com/malaysia/hospitals/petaling-jaya/,Plastic Surgery,3.1183565,101.6376395
423,Columbia Asia Hospital - Petaling Jaya,SEL,Selangor,Ordinary Member,Private Hospital,MSQH,"English, Malay","Columbia Asia is a panel hospital that falls under a multitude of insurance companies and third party administrators, both local and international. We provide the means for you to receive medical coverage, giving you peace of mind while you are under our care.",https://www.columbiaasia.com/malaysia/hospitals/petaling-jaya/,Psychiatry,3.1183565,101.6376395
424,Columbia Asia Hospital - Petaling Jaya,SEL,Selangor,Ordinary Member,Private Hospital,MSQH,"English, Malay","Columbia Asia is a panel hospital that falls under a multitude of insurance companies and third party administrators, both local and international. We provide the means for you to receive medical coverage, giving you peace of mind while you are under our care.",https://www.columbiaasia.com/malaysia/hospitals/petaling-jaya/,Radiology,3.1183565,101.6376395
425,Columbia Asia Hospital - Petaling Jaya,SEL,Selangor,Ordinary Member,Private Hospital,MSQH,"English, Malay","Columbia Asia is a panel hospital that falls under a multitude of insurance companies and third party administrators, both local and international. We provide the means for you to receive medical coverage, giving you peace of mind while you are under our care.",https://www.columbiaasia.com/malaysia/hospitals/petaling-jaya/,Rheumatology,3.1183565,101.6376395
426,Columbia Asia Hospital - Petaling Jaya,SEL,Selangor,Ordinary Member,Private Hospital,MSQH,"English, Malay","Columbia Asia is a panel hospital that falls under a multitude of insurance companies and third party administrators, both local and international. We provide the means for you to receive medical coverage, giving you peace of mind while you are under our care.",https://www.columbiaasia.com/malaysia/hospitals/petaling-jaya/,Upper Gastrointestinal Surgery,3.1183565,101.6376395
427,Columbia Asia Hospital - Petaling Jaya,SEL,Selangor,Ordinary Member,Private Hospital,MSQH,"English, Malay","Columbia Asia is a panel hospital that falls under a multitude of insurance companies and third party administrators, both local and international. We provide the means for you to receive medical coverage, giving you peace of mind while you are under our care.",https://www.columbiaasia.com/malaysia/hospitals/petaling-jaya/,Urology,3.1183565,101.6376395
428,Damansara Specialist Hospital,SEL,Selangor,Elite Membership,Private Hospital,MSQH,"English, Malay",https://kpjhealth.com.my/international-patient-centre,https://kpjhealth.com.my/damansara/,Orthopaedic & Trauma Surgery,3.137556,101.627535
429,Damansara Specialist Hospital,SEL,Selangor,Elite Membership,Private Hospital,MSQH,"English, Malay",https://kpjhealth.com.my/international-patient-centre,https://kpjhealth.com.my/damansara/,ENT Surgery,3.137556,101.627535
430,Damansara Specialist Hospital,SEL,Selangor,Elite Membership,Private Hospital,MSQH,"English, Malay",https://kpjhealth.com.my/international-patient-centre,https://kpjhealth.com.my/damansara/,Cardiology,3.137556,101.627535
431,Damansara Specialist Hospital,SEL,Selangor,Elite Membership,Private Hospital,MSQH,"English, Malay",https://kpjhealth.com.my/international-patient-centre,https://kpjhealth.com.my/damansara/,Obstetrics & Gynaecology,3.137556,101.627535
432,Damansara Specialist Hospital,SEL,Selangor,Elite Membership,Private Hospital,MSQH,"English, Malay",https://kpjhealth.com.my/international-patient-centre,https://kpjhealth.com.my/damansara/,Oncology,3.137556,101.627535
433,Damansara Specialist Hospital,SEL,Selangor,Elite Membership,Private Hospital,MSQH,"English, Malay",https://kpjhealth.com.my/international-patient-centre,https://kpjhealth.com.my/damansara/,Pediatrics,3.137556,101.627535
434,Damansara Specialist Hospital,SEL,Selangor,Elite Membership,Private Hospital,MSQH,"English, Malay",https://kpjhealth.com.my/international-patient-centre,https://kpjhealth.com.my/damansara/,Gastroenteroloy & Hepatology,3.137556,101.627535
435,Damansara Specialist Hospital,SEL,Selangor,Elite Membership,Private Hospital,MSQH,"English, Malay",https://kpjhealth.com.my/international-patient-centre,https://kpjhealth.com.my/damansara/,Nephrology,3.137556,101.627535
436,Damansara Specialist Hospital,SEL,Selangor,Elite Membership,Private Hospital,MSQH,"English, Malay",https://kpjhealth.com.my/international-patient-centre,https://kpjhealth.com.my/damansara/,Neurology,3.137556,101.627535
437,Damansara Specialist Hospital 2,WP,Wilayah Persekutuan,Elite Membership,Private Hospital,,"English, Malay",https://kpjhealth.com.my/damansara2/international-patient-care-contact-form,https://www.kpjhealth.com.my/damansara2/,Anaesthesiology and Critical Care,3.1714091,101.6186666
438,Damansara Specialist Hospital 2,WP,Wilayah Persekutuan,Elite Membership,Private Hospital,,"English, Malay",https://kpjhealth.com.my/damansara2/international-patient-care-contact-form,https://www.kpjhealth.com.my/damansara2/,Internal Medicine,3.1714091,101.6186666
439,Damansara Specialist Hospital 2,WP,Wilayah Persekutuan,Elite Membership,Private Hospital,,"English, Malay",https://kpjhealth.com.my/damansara2/international-patient-care-contact-form,https://www.kpjhealth.com.my/damansara2/,Neurosurgery,3.1714091,101.6186666
440,Damansara Specialist Hospital 2,WP,Wilayah Persekutuan,Elite Membership,Private Hospital,,"English, Malay",https://kpjhealth.com.my/damansara2/international-patient-care-contact-form,https://www.kpjhealth.com.my/damansara2/,Psychiatric,3.1714091,101.6186666
441,Gleneagles Hospital Kota Kinabalu,SB,Sabah,Ordinary Member,Private Hospital,MSQH,"English, Malay",https://www.ihhmalaysia-international.com/gleneagles/kota-kinabalu/packages-promotions,https://gleneagles.com.my/kota-kinabalu,Anaesthesiology,5.968193,116.064531
442,Gleneagles Hospital Kota Kinabalu,SB,Sabah,Ordinary Member,Private Hospital,MSQH,"English, Malay",https://www.ihhmalaysia-international.com/gleneagles/kota-kinabalu/packages-promotions,https://gleneagles.com.my/kota-kinabalu,Cardiology,5.968193,116.064531
443,Gleneagles Hospital Kota Kinabalu,SB,Sabah,Ordinary Member,Private Hospital,MSQH,"English, Malay",https://www.ihhmalaysia-international.com/gleneagles/kota-kinabalu/packages-promotions,https://gleneagles.com.my/kota-kinabalu,Cardiothoracic Surgery,5.968193,116.064531
444,Gleneagles Hospital Kota Kinabalu,SB,Sabah,Ordinary Member,Private Hospital,MSQH,"English, Malay",https://www.ihhmalaysia-international.com/gleneagles/kota-kinabalu/packages-promotions,https://gleneagles.com.my/kota-kinabalu,Dental,5.968193,116.064531
445,Gleneagles Hospital Kota Kinabalu,SB,Sabah,Ordinary Member,Private Hospital,MSQH,"English, Malay",https://www.ihhmalaysia-international.com/gleneagles/kota-kinabalu/packages-promotions,https://gleneagles.com.my/kota-kinabalu,Ear,5.968193,116.064531
446,Gleneagles Hospital Kota Kinabalu,SB,Sabah,Ordinary Member,Private Hospital,MSQH,"English, Malay",https://www.ihhmalaysia-international.com/gleneagles/kota-kinabalu/packages-promotions,https://gleneagles.com.my/kota-kinabalu,Nose & Throat Surgery,5.968193,116.064531
447,Gleneagles Hospital Kota Kinabalu,SB,Sabah,Ordinary Member,Private Hospital,MSQH,"English, Malay",https://www.ihhmalaysia-international.com/gleneagles/kota-kinabalu/packages-promotions,https://gleneagles.com.my/kota-kinabalu,Endocrinology,5.968193,116.064531
448,Gleneagles Hospital Kota Kinabalu,SB,Sabah,Ordinary Member,Private Hospital,MSQH,"English, Malay",https://www.ihhmalaysia-international.com/gleneagles/kota-kinabalu/packages-promotions,https://gleneagles.com.my/kota-kinabalu,Gastroenterology,5.968193,116.064531
449,Gleneagles Hospital Kota Kinabalu,SB,Sabah,Ordinary Member,Private Hospital,MSQH,"English, Malay",https://www.ihhmalaysia-international.com/gleneagles/kota-kinabalu/packages-promotions,https://gleneagles.com.my/kota-kinabalu,Geriatrics,5.968193,116.064531
450,Gleneagles Hospital Kota Kinabalu,SB,Sabah,Ordinary Member,Private Hospital,MSQH,"English, Malay",https://www.ihhmalaysia-international.com/gleneagles/kota-kinabalu/packages-promotions,https://gleneagles.com.my/kota-kinabalu,Infectious Diseases,5.968193,116.064531
451,Gleneagles Hospital Kota Kinabalu,SB,Sabah,Ordinary Member,Private Hospital,MSQH,"English, Malay",https://www.ihhmalaysia-international.com/gleneagles/kota-kinabalu/packages-promotions,https://gleneagles.com.my/kota-kinabalu,Internal Medicine,5.968193,116.064531
452,Gleneagles Hospital Kota Kinabalu,SB,Sabah,Ordinary Member,Private Hospital,MSQH,"English, Malay",https://www.ihhmalaysia-international.com/gleneagles/kota-kinabalu/packages-promotions,https://gleneagles.com.my/kota-kinabalu,Interventional Radiology,5.968193,116.064531
453,Gleneagles Hospital Kota Kinabalu,SB,Sabah,Ordinary Member,Private Hospital,MSQH,"English, Malay",https://www.ihhmalaysia-international.com/gleneagles/kota-kinabalu/packages-promotions,https://gleneagles.com.my/kota-kinabalu,Nephrology,5.968193,116.064531
454,Gleneagles Hospital Kota Kinabalu,SB,Sabah,Ordinary Member,Private Hospital,MSQH,"English, Malay",https://www.ihhmalaysia-international.com/gleneagles/kota-kinabalu/packages-promotions,https://gleneagles.com.my/kota-kinabalu,Neurology,5.968193,116.064531
455,Gleneagles Hospital Kota Kinabalu,SB,Sabah,Ordinary Member,Private Hospital,MSQH,"English, Malay",https://www.ihhmalaysia-international.com/gleneagles/kota-kinabalu/packages-promotions,https://gleneagles.com.my/kota-kinabalu,Neurosurgery,5.968193,116.064531
456,Gleneagles Hospital Kota Kinabalu,SB,Sabah,Ordinary Member,Private Hospital,MSQH,"English, Malay",https://www.ihhmalaysia-international.com/gleneagles/kota-kinabalu/packages-promotions,https://gleneagles.com.my/kota-kinabalu,Obstetrics & Gynaecology,5.968193,116.064531
457,Gleneagles Hospital Kota Kinabalu,SB,Sabah,Ordinary Member,Private Hospital,MSQH,"English, Malay",https://www.ihhmalaysia-international.com/gleneagles/kota-kinabalu/packages-promotions,https://gleneagles.com.my/kota-kinabalu,Ophthalmology,5.968193,116.064531
458,Gleneagles Hospital Kota Kinabalu,SB,Sabah,Ordinary Member,Private Hospital,MSQH,"English, Malay",https://www.ihhmalaysia-international.com/gleneagles/kota-kinabalu/packages-promotions,https://gleneagles.com.my/kota-kinabalu,Orthopaedic & Trauma Surgery,5.968193,116.064531
459,Gleneagles Hospital Kota Kinabalu,SB,Sabah,Ordinary Member,Private Hospital,MSQH,"English, Malay",https://www.ihhmalaysia-international.com/gleneagles/kota-kinabalu/packages-promotions,https://gleneagles.com.my/kota-kinabalu,Oncology,5.968193,116.064531
460,Gleneagles Hospital Kota Kinabalu,SB,Sabah,Ordinary Member,Private Hospital,MSQH,"English, Malay",https://www.ihhmalaysia-international.com/gleneagles/kota-kinabalu/packages-promotions,https://gleneagles.com.my/kota-kinabalu,Paediatrics,5.968193,116.064531
461,Gleneagles Hospital Kota Kinabalu,SB,Sabah,Ordinary Member,Private Hospital,MSQH,"English, Malay",https://www.ihhmalaysia-international.com/gleneagles/kota-kinabalu/packages-promotions,https://gleneagles.com.my/kota-kinabalu,Paediatric Surgery,5.968193,116.064531
462,Gleneagles Hospital Kota Kinabalu,SB,Sabah,Ordinary Member,Private Hospital,MSQH,"English, Malay",https://www.ihhmalaysia-international.com/gleneagles/kota-kinabalu/packages-promotions,https://gleneagles.com.my/kota-kinabalu,Plastic Surgery,5.968193,116.064531
463,Gleneagles Hospital Kota Kinabalu,SB,Sabah,Ordinary Member,Private Hospital,MSQH,"English, Malay",https://www.ihhmalaysia-international.com/gleneagles/kota-kinabalu/packages-promotions,https://gleneagles.com.my/kota-kinabalu,Psychiatry,5.968193,116.064531
464,Gleneagles Hospital Kota Kinabalu,SB,Sabah,Ordinary Member,Private Hospital,MSQH,"English, Malay",https://www.ihhmalaysia-international.com/gleneagles/kota-kinabalu/packages-promotions,https://gleneagles.com.my/kota-kinabalu,Clinical Psychology,5.968193,116.064531
465,Gleneagles Hospital Kota Kinabalu,SB,Sabah,Ordinary Member,Private Hospital,MSQH,"English, Malay",https://www.ihhmalaysia-international.com/gleneagles/kota-kinabalu/packages-promotions,https://gleneagles.com.my/kota-kinabalu,Psychology,5.968193,116.064531
466,Gleneagles Hospital Kota Kinabalu,SB,Sabah,Ordinary Member,Private Hospital,MSQH,"English, Malay",https://www.ihhmalaysia-international.com/gleneagles/kota-kinabalu/packages-promotions,https://gleneagles.com.my/kota-kinabalu,Pulmonology,5.968193,116.064531
467,Gleneagles Hospital Kota Kinabalu,SB,Sabah,Ordinary Member,Private Hospital,MSQH,"English, Malay",https://www.ihhmalaysia-international.com/gleneagles/kota-kinabalu/packages-promotions,https://gleneagles.com.my/kota-kinabalu,Radiology,5.968193,116.064531
468,Gleneagles Hospital Kota Kinabalu,SB,Sabah,Ordinary Member,Private Hospital,MSQH,"English, Malay",https://www.ihhmalaysia-international.com/gleneagles/kota-kinabalu/packages-promotions,https://gleneagles.com.my/kota-kinabalu,Rheumatology,5.968193,116.064531
469,Gleneagles Hospital Kota Kinabalu,SB,Sabah,Ordinary Member,Private Hospital,MSQH,"English, Malay",https://www.ihhmalaysia-international.com/gleneagles/kota-kinabalu/packages-promotions,https://gleneagles.com.my/kota-kinabalu,Surgery,5.968193,116.064531
470,Gleneagles Hospital Kota Kinabalu,SB,Sabah,Ordinary Member,Private Hospital,MSQH,"English, Malay",https://www.ihhmalaysia-international.com/gleneagles/kota-kinabalu/packages-promotions,https://gleneagles.com.my/kota-kinabalu,Urology,5.968193,116.064531
471,Gleneagles Hospital Kota Kinabalu,SB,Sabah,Ordinary Member,Private Hospital,MSQH,"English, Malay",https://www.ihhmalaysia-international.com/gleneagles/kota-kinabalu/packages-promotions,https://gleneagles.com.my/kota-kinabalu,Sport Medicine,5.968193,116.064531
472,Institut Jantung Negara (IJN),WP,Wilayah Persekutuan,Elite Membership,Specialist Hospital,"JCI, MSQH","English, Malay",https://www.ijn.com.my/heart-treatment-in-malaysia/,https://www.ijn.com.my/,Cardiology,3.1700525,101.7089643
473,Institut Jantung Negara (IJN),WP,Wilayah Persekutuan,Elite Membership,Specialist Hospital,"JCI, MSQH","English, Malay",https://www.ijn.com.my/heart-treatment-in-malaysia/,https://www.ijn.com.my/,Cardiothoracic & Cardiac Surgery,3.1700525,101.7089643
474,KPJ Klang Specialist Hospital,SEL,Selangor,Ordinary Member,Private Hospital,MSQH,"English, Malay",offered,https://kpjhealth.com.my/klang,Gynaecology,3.0622842,101.4630971
475,KPJ Klang Specialist Hospital,SEL,Selangor,Ordinary Member,Private Hospital,MSQH,"English, Malay",offered,https://kpjhealth.com.my/klang,Obstetrics,3.0622842,101.4630971
476,KPJ Klang Specialist Hospital,SEL,Selangor,Ordinary Member,Private Hospital,MSQH,"English, Malay",offered,https://kpjhealth.com.my/klang,Cardiology,3.0622842,101.4630971
477,KPJ Klang Specialist Hospital,SEL,Selangor,Ordinary Member,Private Hospital,MSQH,"English, Malay",offered,https://kpjhealth.com.my/klang,Paediatrics,3.0622842,101.4630971
478,KPJ Klang Specialist Hospital,SEL,Selangor,Ordinary Member,Private Hospital,MSQH,"English, Malay",offered,https://kpjhealth.com.my/klang,Nephrology,3.0622842,101.4630971
479,KPJ Klang Specialist Hospital,SEL,Selangor,Ordinary Member,Private Hospital,MSQH,"English, Malay",offered,https://kpjhealth.com.my/klang,Urology,3.0622842,101.4630971
480,KPJ Klang Specialist Hospital,SEL,Selangor,Ordinary Member,Private Hospital,MSQH,"English, Malay",offered,https://kpjhealth.com.my/klang,Gastro-Enterology,3.0622842,101.4630971
481,KPJ Klang Specialist Hospital,SEL,Selangor,Ordinary Member,Private Hospital,MSQH,"English, Malay",offered,https://kpjhealth.com.my/klang,Plastic Surgery,3.0622842,101.4630971
482,KPJ Klang Specialist Hospital,SEL,Selangor,Ordinary Member,Private Hospital,MSQH,"English, Malay",offered,https://kpjhealth.com.my/klang,Oral-Maxillofacial Surgery,3.0622842,101.4630971
483,KPJ Klang Specialist Hospital,SEL,Selangor,Ordinary Member,Private Hospital,MSQH,"English, Malay",offered,https://kpjhealth.com.my/klang,Orthopaedics,3.0622842,101.4630971
484,KPJ Klang Specialist Hospital,SEL,Selangor,Ordinary Member,Private Hospital,MSQH,"English, Malay",offered,https://kpjhealth.com.my/klang,Ophthalmology,3.0622842,101.4630971
485,KPJ Klang Specialist Hospital,SEL,Selangor,Ordinary Member,Private Hospital,MSQH,"English, Malay",offered,https://kpjhealth.com.my/klang,ENT,3.0622842,101.4630971
486,KPJ Klang Specialist Hospital,SEL,Selangor,Ordinary Member,Private Hospital,MSQH,"English, Malay",offered,https://kpjhealth.com.my/klang,Oncology,3.0622842,101.4630971
487,KPJ Klang Specialist Hospital,SEL,Selangor,Ordinary Member,Private Hospital,MSQH,"English, Malay",offered,https://kpjhealth.com.my/klang,Neurosurgery,3.0622842,101.4630971
488,KPJ Klang Specialist Hospital,SEL,Selangor,Ordinary Member,Private Hospital,MSQH,"English, Malay",offered,https://kpjhealth.com.my/klang,Radiology,3.0622842,101.4630971
489,KPJ Klang Specialist Hospital,SEL,Selangor,Ordinary Member,Private Hospital,MSQH,"English, Malay",offered,https://kpjhealth.com.my/klang,Psychiatry,3.0622842,101.4630971
490,KPJ Klang Specialist Hospital,SEL,Selangor,Ordinary Member,Private Hospital,MSQH,"English, Malay",offered,https://kpjhealth.com.my/klang,Psychology,3.0622842,101.4630971
491,KPJ Pasir Gudang Specialist Hospital,JH,Johor,Ordinary Member,Private Hospital,MSQH,"English, Malay",offered,https://kpjhealth.com.my/pasirgudang/,Anaesthesiology,1.4770267,103.8957951
492,KPJ Pasir Gudang Specialist Hospital,JH,Johor,Ordinary Member,Private Hospital,MSQH,"English, Malay",offered,https://kpjhealth.com.my/pasirgudang/,General Surgery,1.4770267,103.8957951
493,KPJ Pasir Gudang Specialist Hospital,JH,Johor,Ordinary Member,Private Hospital,MSQH,"English, Malay",offered,https://kpjhealth.com.my/pasirgudang/,Obstetrics and Gynaecology,1.4770267,103.8957951
494,KPJ Pasir Gudang Specialist Hospital,JH,Johor,Ordinary Member,Private Hospital,MSQH,"English, Malay",offered,https://kpjhealth.com.my/pasirgudang/,Orthopaedic Surgery,1.4770267,103.8957951
495,KPJ Pasir Gudang Specialist Hospital,JH,Johor,Ordinary Member,Private Hospital,MSQH,"English, Malay",offered,https://kpjhealth.com.my/pasirgudang/,Otorhinolaryngology Surgery,1.4770267,103.8957951
496,KPJ Pasir Gudang Specialist Hospital,JH,Johor,Ordinary Member,Private Hospital,MSQH,"English, Malay",offered,https://kpjhealth.com.my/pasirgudang/,Paediatrics,1.4770267,103.8957951
497,KPJ Pasir Gudang Specialist Hospital,JH,Johor,Ordinary Member,Private Hospital,MSQH,"English, Malay",offered,https://kpjhealth.com.my/pasirgudang/,Radiology,1.4770267,103.8957951
498,KPJ Pasir Gudang Specialist Hospital,JH,Johor,Ordinary Member,Private Hospital,MSQH,"English, Malay",offered,https://kpjhealth.com.my/pasirgudang/,Cardiology,1.4770267,103.8957951
499,KPJ Pasir Gudang Specialist Hospital,JH,Johor,Ordinary Member,Private Hospital,MSQH,"English, Malay",offered,https://kpjhealth.com.my/pasirgudang/,Gastroenterology,1.4770267,103.8957951
500,KPJ Pasir Gudang Specialist Hospital,JH,Johor,Ordinary Member,Private Hospital,MSQH,"English, Malay",offered,https://kpjhealth.com.my/pasirgudang/,Nephrology,1.4770267,103.8957951
501,KPJ Pasir Gudang Specialist Hospital,JH,Johor,Ordinary Member,Private Hospital,MSQH,"English, Malay",offered,https://kpjhealth.com.my/pasirgudang/,Psychiatry,1.4770267,103.8957951
502,KPJ Pasir Gudang Specialist Hospital,JH,Johor,Ordinary Member,Private Hospital,MSQH,"English, Malay",offered,https://kpjhealth.com.my/pasirgudang/,Occupational Health,1.4770267,103.8957951
503,KPJ Pasir Gudang Specialist Hospital,JH,Johor,Ordinary Member,Private Hospital,MSQH,"English, Malay",offered,https://kpjhealth.com.my/pasirgudang/,Diagnostic Imaging,1.4770267,103.8957951
504,KPJ Pasir Gudang Specialist Hospital,JH,Johor,Ordinary Member,Private Hospital,MSQH,"English, Malay",offered,https://kpjhealth.com.my/pasirgudang/,Physiotherapy,1.4770267,103.8957951
505,KPJ Pasir Gudang Specialist Hospital,JH,Johor,Ordinary Member,Private Hospital,MSQH,"English, Malay",offered,https://kpjhealth.com.my/pasirgudang/,Dietitian,1.4770267,103.8957951
506,KPJ Pasir Gudang Specialist Hospital,JH,Johor,Ordinary Member,Private Hospital,MSQH,"English, Malay",offered,https://kpjhealth.com.my/pasirgudang/,Audiology,1.4770267,103.8957951
507,KPJ Penang Specialist Hospital,PN,Penang,Ordinary Member,Private Hospital,MSQH,"English, Malay",offered,https://kpjhealth.com.my/penang,Orthopaedics,5.36913,100.434293
508,KPJ Penang Specialist Hospital,PN,Penang,Ordinary Member,Private Hospital,MSQH,"English, Malay",offered,https://kpjhealth.com.my/penang,Cardiology,5.36913,100.434293
509,KPJ Penang Specialist Hospital,PN,Penang,Ordinary Member,Private Hospital,MSQH,"English, Malay",offered,https://kpjhealth.com.my/penang,Cardiothoracic,5.36913,100.434293
510,KPJ Penang Specialist Hospital,PN,Penang,Ordinary Member,Private Hospital,MSQH,"English, Malay",offered,https://kpjhealth.com.my/penang,ENT,5.36913,100.434293
511,KPJ Penang Specialist Hospital,PN,Penang,Ordinary Member,Private Hospital,MSQH,"English, Malay",offered,https://kpjhealth.com.my/penang,Ophthalmology,5.36913,100.434293
512,KPJ Penang Specialist Hospital,PN,Penang,Ordinary Member,Private Hospital,MSQH,"English, Malay",offered,https://kpjhealth.com.my/penang,Gastroenterology,5.36913,100.434293
513,KPJ Penang Specialist Hospital,PN,Penang,Ordinary Member,Private Hospital,MSQH,"English, Malay",offered,https://kpjhealth.com.my/penang,Endocrinology,5.36913,100.434293
514,KPJ Penang Specialist Hospital,PN,Penang,Ordinary Member,Private Hospital,MSQH,"English, Malay",offered,https://kpjhealth.com.my/penang,Respiratory Medicine,5.36913,100.434293
515,KPJ Penang Specialist Hospital,PN,Penang,Ordinary Member,Private Hospital,MSQH,"English, Malay",offered,https://kpjhealth.com.my/penang,Paediatrics,5.36913,100.434293
516,KPJ Penang Specialist Hospital,PN,Penang,Ordinary Member,Private Hospital,MSQH,"English, Malay",offered,https://kpjhealth.com.my/penang,Obstetrics & Gynaecology,5.36913,100.434293
517,KPJ Penang Specialist Hospital,PN,Penang,Ordinary Member,Private Hospital,MSQH,"English, Malay",offered,https://kpjhealth.com.my/penang,Wellness Screening,5.36913,100.434293
518,KPJ Penang Specialist Hospital,PN,Penang,Ordinary Member,Private Hospital,MSQH,"English, Malay",offered,https://kpjhealth.com.my/penang,Physiotherapy,5.36913,100.434293
519,KPJ Penang Specialist Hospital,PN,Penang,Ordinary Member,Private Hospital,MSQH,"English, Malay",offered,https://kpjhealth.com.my/penang,Occupational Therapy,5.36913,100.434293
520,KPJ Penang Specialist Hospital,PN,Penang,Ordinary Member,Private Hospital,MSQH,"English, Malay",offered,https://kpjhealth.com.my/penang,Speech Therapy,5.36913,100.434293
521,KPJ Sabah Specialist Centre,SB,Sabah,Ordinary Member,,,,,https://kpjhealth.com.my/sabah/,Cardiology,5.9675094,116.0933326
522,KPJ Sabah Specialist Centre,SB,Sabah,Ordinary Member,,,,,https://kpjhealth.com.my/sabah/,Internal Medicine,5.9675094,116.0933326
523,KPJ Sabah Specialist Centre,SB,Sabah,Ordinary Member,,,,,https://kpjhealth.com.my/sabah/,Gastroenterology,5.9675094,116.0933326
524,KPJ Sabah Specialist Centre,SB,Sabah,Ordinary Member,,,,,https://kpjhealth.com.my/sabah/,Robotic Rehab,5.9675094,116.0933326
525,KPJ Tawakkal Health Centre,WP,Wilayah Persekutuan,Ordinary Member,Private Hospital,,"English, Malay",offered,https://kpjhealth.com.my/thc/,KPJ Haemodialysis Service,3.1771496,101.6997576
526,KPJ Tawakkal Health Centre,WP,Wilayah Persekutuan,Ordinary Member,Private Hospital,,"English, Malay",offered,https://kpjhealth.com.my/thc/,KPJ KL Dental Specialist Centre,3.1771496,101.6997576
527,KPJ Tawakkal Health Centre,WP,Wilayah Persekutuan,Ordinary Member,Private Hospital,,"English, Malay",offered,https://kpjhealth.com.my/thc/,KPJ KL Rehabilitation Centre,3.1771496,101.6997576
528,Kuching Specialist Hospital,SW,Sarawak,Ordinary Member,Private Hospital,,"English, Malay",offered,https://www.kpjhealth.com.my/kuching/,Anaesthesiology & Critical Care,1.5059413,110.3659261
529,Kuching Specialist Hospital,SW,Sarawak,Ordinary Member,Private Hospital,,"English, Malay",offered,https://www.kpjhealth.com.my/kuching/,Cardiothoracic Surgery,1.5059413,110.3659261
530,Kuching Specialist Hospital,SW,Sarawak,Ordinary Member,Private Hospital,,"English, Malay",offered,https://www.kpjhealth.com.my/kuching/,Clinical Radiology,1.5059413,110.3659261
531,Kuching Specialist Hospital,SW,Sarawak,Ordinary Member,Private Hospital,,"English, Malay",offered,https://www.kpjhealth.com.my/kuching/,"General Medicine and Primary Care, Accident and Emergency (A&E)",1.5059413,110.3659261
532,Kuching Specialist Hospital,SW,Sarawak,Ordinary Member,Private Hospital,,"English, Malay",offered,https://www.kpjhealth.com.my/kuching/,"General Medicine and Primary Care, Health Screening",1.5059413,110.3659261
533,Kuching Specialist Hospital,SW,Sarawak,Ordinary Member,Private Hospital,,"English, Malay",offered,https://www.kpjhealth.com.my/kuching/,General Paediatrics,1.5059413,110.3659261
534,Kuching Specialist Hospital,SW,Sarawak,Ordinary Member,Private Hospital,,"English, Malay",offered,https://www.kpjhealth.com.my/kuching/,"General Paediatrics, Paediatric Cardiology",1.5059413,110.3659261
535,Kuching Specialist Hospital,SW,Sarawak,Ordinary Member,Private Hospital,,"English, Malay",offered,https://www.kpjhealth.com.my/kuching/,General Surgery,1.5059413,110.3659261
536,Kuching Specialist Hospital,SW,Sarawak,Ordinary Member,Private Hospital,,"English, Malay",offered,https://www.kpjhealth.com.my/kuching/,"General Surgery, Breast & Endocrine Surgery",1.5059413,110.3659261
537,Kuching Specialist Hospital,SW,Sarawak,Ordinary Member,Private Hospital,,"English, Malay",offered,https://www.kpjhealth.com.my/kuching/,"Internal Medicine, Cardiology",1.5059413,110.3659261
538,Kuching Specialist Hospital,SW,Sarawak,Ordinary Member,Private Hospital,,"English, Malay",offered,https://www.kpjhealth.com.my/kuching/,"Internal Medicine, Dermatology",1.5059413,110.3659261
539,Kuching Specialist Hospital,SW,Sarawak,Ordinary Member,Private Hospital,,"English, Malay",offered,https://www.kpjhealth.com.my/kuching/,"Internal Medicine, Endocrinology",1.5059413,110.3659261
540,Kuching Specialist Hospital,SW,Sarawak,Ordinary Member,Private Hospital,,"English, Malay",offered,https://www.kpjhealth.com.my/kuching/,"Internal Medicine, Gastroenterology & Hepatology",1.5059413,110.3659261
541,Kuching Specialist Hospital,SW,Sarawak,Ordinary Member,Private Hospital,,"English, Malay",offered,https://www.kpjhealth.com.my/kuching/,"Internal Medicine, Geriatric Medicine",1.5059413,110.3659261
542,Kuching Specialist Hospital,SW,Sarawak,Ordinary Member,Private Hospital,,"English, Malay",offered,https://www.kpjhealth.com.my/kuching/,"Internal Medicine, Infectious Diseases",1.5059413,110.3659261
543,Kuching Specialist Hospital,SW,Sarawak,Ordinary Member,Private Hospital,,"English, Malay",offered,https://www.kpjhealth.com.my/kuching/,"Internal Medicine, Nephrology",1.5059413,110.3659261
544,Kuching Specialist Hospital,SW,Sarawak,Ordinary Member,Private Hospital,,"English, Malay",offered,https://www.kpjhealth.com.my/kuching/,"Internal Medicine, Neurology",1.5059413,110.3659261
545,Kuching Specialist Hospital,SW,Sarawak,Ordinary Member,Private Hospital,,"English, Malay",offered,https://www.kpjhealth.com.my/kuching/,"Internal Medicine, Respiratory Medicine",1.5059413,110.3659261
546,Kuching Specialist Hospital,SW,Sarawak,Ordinary Member,Private Hospital,,"English, Malay",offered,https://www.kpjhealth.com.my/kuching/,"Internal Medicine, Rheumatology",1.5059413,110.3659261
547,Kuching Specialist Hospital,SW,Sarawak,Ordinary Member,Private Hospital,,"English, Malay",offered,https://www.kpjhealth.com.my/kuching/,Neurosurgery,1.5059413,110.3659261
548,Kuching Specialist Hospital,SW,Sarawak,Ordinary Member,Private Hospital,,"English, Malay",offered,https://www.kpjhealth.com.my/kuching/,Obstetrics & Gynaecology,1.5059413,110.3659261
549,Kuching Specialist Hospital,SW,Sarawak,Ordinary Member,Private Hospital,,"English, Malay",offered,https://www.kpjhealth.com.my/kuching/,"Obstetrics & Gynaecology, Gynae-oncology",1.5059413,110.3659261
550,Kuching Specialist Hospital,SW,Sarawak,Ordinary Member,Private Hospital,,"English, Malay",offered,https://www.kpjhealth.com.my/kuching/,"Obstetrics & Gynaecology, Maternal Fetal Medicine",1.5059413,110.3659261
551,Kuching Specialist Hospital,SW,Sarawak,Ordinary Member,Private Hospital,,"English, Malay",offered,https://www.kpjhealth.com.my/kuching/,"Obstetrics & Gynaecology, Reproductive Medicine",1.5059413,110.3659261
552,Kuching Specialist Hospital,SW,Sarawak,Ordinary Member,Private Hospital,,"English, Malay",offered,https://www.kpjhealth.com.my/kuching/,"Obstetrics & Gynaecology, Uro-gynaecology",1.5059413,110.3659261
553,Kuching Specialist Hospital,SW,Sarawak,Ordinary Member,Private Hospital,,"English, Malay",offered,https://www.kpjhealth.com.my/kuching/,"Oncology, Clinical Oncology",1.5059413,110.3659261
554,Kuching Specialist Hospital,SW,Sarawak,Ordinary Member,Private Hospital,,"English, Malay",offered,https://www.kpjhealth.com.my/kuching/,Ophthalmology,1.5059413,110.3659261
555,Kuching Specialist Hospital,SW,Sarawak,Ordinary Member,Private Hospital,,"English, Malay",offered,https://www.kpjhealth.com.my/kuching/,Orthopaedic Surgery,1.5059413,110.3659261
556,Kuching Specialist Hospital,SW,Sarawak,Ordinary Member,Private Hospital,,"English, Malay",offered,https://www.kpjhealth.com.my/kuching/,"Orthopaedic Surgery, Advanced Musculoskeletal Trauma",1.5059413,110.3659261
557,Kuching Specialist Hospital,SW,Sarawak,Ordinary Member,Private Hospital,,"English, Malay",offered,https://www.kpjhealth.com.my/kuching/,"Orthopaedic Surgery, Arthroscopy & Sport Surgery",1.5059413,110.3659261
558,Kuching Specialist Hospital,SW,Sarawak,Ordinary Member,Private Hospital,,"English, Malay",offered,https://www.kpjhealth.com.my/kuching/,"Orthopaedic Surgery, Paediatric Orthopaedics",1.5059413,110.3659261
559,Kuching Specialist Hospital,SW,Sarawak,Ordinary Member,Private Hospital,,"English, Malay",offered,https://www.kpjhealth.com.my/kuching/,"Orthopaedic Surgery, Spine Surgery",1.5059413,110.3659261
560,Kuching Specialist Hospital,SW,Sarawak,Ordinary Member,Private Hospital,,"English, Malay",offered,https://www.kpjhealth.com.my/kuching/,"Otorhinolaryngology (Ear, Nose & Throat)",1.5059413,110.3659261
561,Kuching Specialist Hospital,SW,Sarawak,Ordinary Member,Private Hospital,,"English, Malay",offered,https://www.kpjhealth.com.my/kuching/,Paediatric Surgery,1.5059413,110.3659261
562,Kuching Specialist Hospital,SW,Sarawak,Ordinary Member,Private Hospital,,"English, Malay",offered,https://www.kpjhealth.com.my/kuching/,Plastic Surgery,1.5059413,110.3659261
563,Kuching Specialist Hospital,SW,Sarawak,Ordinary Member,Private Hospital,,"English, Malay",offered,https://www.kpjhealth.com.my/kuching/,Psychiatry,1.5059413,110.3659261
564,Kuching Specialist Hospital,SW,Sarawak,Ordinary Member,Private Hospital,,"English, Malay",offered,https://www.kpjhealth.com.my/kuching/,Urology,1.5059413,110.3659261
565,Life Care Diagnostic Medical Centre Sdn Bhd,WP,Wilayah Persekutuan,Ordinary Member,Private Hospital,,"English, Malay",offered,https://lifecarediagnostic.com/,Cardiology (Heart),3.1099413,101.6635163
566,Life Care Diagnostic Medical Centre Sdn Bhd,WP,Wilayah Persekutuan,Ordinary Member,Private Hospital,,"English, Malay",offered,https://lifecarediagnostic.com/,Colorectal Surgery,3.1099413,101.6635163
567,Life Care Diagnostic Medical Centre Sdn Bhd,WP,Wilayah Persekutuan,Ordinary Member,Private Hospital,,"English, Malay",offered,https://lifecarediagnostic.com/,Dermatology (Skin),3.1099413,101.6635163
568,Life Care Diagnostic Medical Centre Sdn Bhd,WP,Wilayah Persekutuan,Ordinary Member,Private Hospital,,"English, Malay",offered,https://lifecarediagnostic.com/,Dietetics & Nutrition,3.1099413,101.6635163
569,Life Care Diagnostic Medical Centre Sdn Bhd,WP,Wilayah Persekutuan,Ordinary Member,Private Hospital,,"English, Malay",offered,https://lifecarediagnostic.com/,"Ear, Nose & Throat (ENT)",3.1099413,101.6635163
570,Life Care Diagnostic Medical Centre Sdn Bhd,WP,Wilayah Persekutuan,Ordinary Member,Private Hospital,,"English, Malay",offered,https://lifecarediagnostic.com/,"Gastroenterology (Liver, Stomach & Colon)",3.1099413,101.6635163
571,Life Care Diagnostic Medical Centre Sdn Bhd,WP,Wilayah Persekutuan,Ordinary Member,Private Hospital,,"English, Malay",offered,https://lifecarediagnostic.com/,Molecular Diagnostic (Genetic Screening),3.1099413,101.6635163
572,Life Care Diagnostic Medical Centre Sdn Bhd,WP,Wilayah Persekutuan,Ordinary Member,Private Hospital,,"English, Malay",offered,https://lifecarediagnostic.com/,Nephrology (Kidney),3.1099413,101.6635163
573,Life Care Diagnostic Medical Centre Sdn Bhd,WP,Wilayah Persekutuan,Ordinary Member,Private Hospital,,"English, Malay",offered,https://lifecarediagnostic.com/,Neurology (Brain & Nerve),3.1099413,101.6635163
574,Life Care Diagnostic Medical Centre Sdn Bhd,WP,Wilayah Persekutuan,Ordinary Member,Private Hospital,,"English, Malay",offered,https://lifecarediagnostic.com/,Ophthalmology (Eye),3.1099413,101.6635163
575,Life Care Diagnostic Medical Centre Sdn Bhd,WP,Wilayah Persekutuan,Ordinary Member,Private Hospital,,"English, Malay",offered,https://lifecarediagnostic.com/,Obstetrics & Gynaecology (Women's Health),3.1099413,101.6635163
576,Life Care Diagnostic Medical Centre Sdn Bhd,WP,Wilayah Persekutuan,Ordinary Member,Private Hospital,,"English, Malay",offered,https://lifecarediagnostic.com/,"Orthopaedic (Muscle, Bone & Joint)",3.1099413,101.6635163
577,Life Care Diagnostic Medical Centre Sdn Bhd,WP,Wilayah Persekutuan,Ordinary Member,Private Hospital,,"English, Malay",offered,https://lifecarediagnostic.com/,Plastic Surgery,3.1099413,101.6635163
578,Life Care Diagnostic Medical Centre Sdn Bhd,WP,Wilayah Persekutuan,Ordinary Member,Private Hospital,,"English, Malay",offered,https://lifecarediagnostic.com/,Radiology (Imaging Tests),3.1099413,101.6635163
579,Life Care Diagnostic Medical Centre Sdn Bhd,WP,Wilayah Persekutuan,Ordinary Member,Private Hospital,,"English, Malay",offered,https://lifecarediagnostic.com/,Psychiatry (Mental Health),3.1099413,101.6635163
580,Life Care Diagnostic Medical Centre Sdn Bhd,WP,Wilayah Persekutuan,Ordinary Member,Private Hospital,,"English, Malay",offered,https://lifecarediagnostic.com/,Urology (Urinary System & Men's Health),3.1099413,101.6635163
581,Life Care Diagnostic Medical Centre Sdn Bhd,WP,Wilayah Persekutuan,Ordinary Member,Private Hospital,,"English, Malay",offered,https://lifecarediagnostic.com/,Sport & Exercise Medicine,3.1099413,101.6635163
582,Mahkota Medical Centre,MK,Melaka,Elite Membership,Private Hospital,"JCI, MSQH","English, Malay",offered,https://www.mahkotamedical.com/,Bone & Joint Replacement Centre,2.1873396,102.251583
583,Mahkota Medical Centre,MK,Melaka,Elite Membership,Private Hospital,"JCI, MSQH","English, Malay",offered,https://www.mahkotamedical.com/,Clinical Oncology,2.1873396,102.251583
584,Mahkota Medical Centre,MK,Melaka,Elite Membership,Private Hospital,"JCI, MSQH","English, Malay",offered,https://www.mahkotamedical.com/,Dental Surgery,2.1873396,102.251583
585,Mahkota Medical Centre,MK,Melaka,Elite Membership,Private Hospital,"JCI, MSQH","English, Malay",offered,https://www.mahkotamedical.com/,"Ear, Nose, Throat, Head & Neck Surgery",2.1873396,102.251583
586,Mahkota Medical Centre,MK,Melaka,Elite Membership,Private Hospital,"JCI, MSQH","English, Malay",offered,https://www.mahkotamedical.com/,Emergency Medicine,2.1873396,102.251583
587,Mahkota Medical Centre,MK,Melaka,Elite Membership,Private Hospital,"JCI, MSQH","English, Malay",offered,https://www.mahkotamedical.com/,Gastroenterology & Hepatology,2.1873396,102.251583
588,Mahkota Medical Centre,MK,Melaka,Elite Membership,Private Hospital,"JCI, MSQH","English, Malay",offered,https://www.mahkotamedical.com/,General Surgery,2.1873396,102.251583
589,Mahkota Medical Centre,MK,Melaka,Elite Membership,Private Hospital,"JCI, MSQH","English, Malay",offered,https://www.mahkotamedical.com/,Hepato-Pancreato-Biliary Surgery,2.1873396,102.251583
590,Mahkota Medical Centre,MK,Melaka,Elite Membership,Private Hospital,"JCI, MSQH","English, Malay",offered,https://www.mahkotamedical.com/,Internal Medicine (General),2.1873396,102.251583
591,Mahkota Medical Centre,MK,Melaka,Elite Membership,Private Hospital,"JCI, MSQH","English, Malay",offered,https://www.mahkotamedical.com/,Infectious Diseases,2.1873396,102.251583
592,Mahkota Medical Centre,MK,Melaka,Elite Membership,Private Hospital,"JCI, MSQH","English, Malay",offered,https://www.mahkotamedical.com/,Interventional Pain Management,2.1873396,102.251583
593,Mahkota Medical Centre,MK,Melaka,Elite Membership,Private Hospital,"JCI, MSQH","English, Malay",offered,https://www.mahkotamedical.com/,Cardiology,2.1873396,102.251583
594,Mahkota Medical Centre,MK,Melaka,Elite Membership,Private Hospital,"JCI, MSQH","English, Malay",offered,https://www.mahkotamedical.com/,Nephrology,2.1873396,102.251583
595,Mahkota Medical Centre,MK,Melaka,Elite Membership,Private Hospital,"JCI, MSQH","English, Malay",offered,https://www.mahkotamedical.com/,Neurological and Stroke Centre,2.1873396,102.251583
596,Mahkota Medical Centre,MK,Melaka,Elite Membership,Private Hospital,"JCI, MSQH","English, Malay",offered,https://www.mahkotamedical.com/,Neurosurgery,2.1873396,102.251583
597,Mahkota Medical Centre,MK,Melaka,Elite Membership,Private Hospital,"JCI, MSQH","English, Malay",offered,https://www.mahkotamedical.com/,Obstetrics & Gynaecology,2.1873396,102.251583
598,Mahkota Medical Centre,MK,Melaka,Elite Membership,Private Hospital,"JCI, MSQH","English, Malay",offered,https://www.mahkotamedical.com/,Obstetrics & Gynaecology - Oncology,2.1873396,102.251583
599,Mahkota Medical Centre,MK,Melaka,Elite Membership,Private Hospital,"JCI, MSQH","English, Malay",offered,https://www.mahkotamedical.com/,Ophthalmology,2.1873396,102.251583
600,Mahkota Medical Centre,MK,Melaka,Elite Membership,Private Hospital,"JCI, MSQH","English, Malay",offered,https://www.mahkotamedical.com/,Orthopaedic & Trauma Surgery,2.1873396,102.251583
601,Mahkota Medical Centre,MK,Melaka,Elite Membership,Private Hospital,"JCI, MSQH","English, Malay",offered,https://www.mahkotamedical.com/,Paediatrics,2.1873396,102.251583
602,Mahkota Medical Centre,MK,Melaka,Elite Membership,Private Hospital,"JCI, MSQH","English, Malay",offered,https://www.mahkotamedical.com/,Urology,2.1873396,102.251583
603,Mahkota Medical Centre,MK,Melaka,Elite Membership,Private Hospital,"JCI, MSQH","English, Malay",offered,https://www.mahkotamedical.com/,Respiratory Medicine,2.1873396,102.251583
604,MAHSA Specialist Hospital,SEL,Selangor,Ordinary Member,Private Hospital,MSQH,"English, Malay",offered,https://www.mahsahospital.com/,Anaesthesiology,2.9531267,101.5760698
605,MAHSA Specialist Hospital,SEL,Selangor,Ordinary Member,Private Hospital,MSQH,"English, Malay",offered,https://www.mahsahospital.com/,Bariatric Surgery,2.9531267,101.5760698
606,MAHSA Specialist Hospital,SEL,Selangor,Ordinary Member,Private Hospital,MSQH,"English, Malay",offered,https://www.mahsahospital.com/,Internal Medicine (Dermatology),2.9531267,101.5760698
607,MAHSA Specialist Hospital,SEL,Selangor,Ordinary Member,Private Hospital,MSQH,"English, Malay",offered,https://www.mahsahospital.com/,General Surgery,2.9531267,101.5760698
608,MAHSA Specialist Hospital,SEL,Selangor,Ordinary Member,Private Hospital,MSQH,"English, Malay",offered,https://www.mahsahospital.com/,Internal Medicine,2.9531267,101.5760698
609,MAHSA Specialist Hospital,SEL,Selangor,Ordinary Member,Private Hospital,MSQH,"English, Malay",offered,https://www.mahsahospital.com/,Obstetric and Gynaecology (O&G),2.9531267,101.5760698
610,MAHSA Specialist Hospital,SEL,Selangor,Ordinary Member,Private Hospital,MSQH,"English, Malay",offered,https://www.mahsahospital.com/,Ophthalmology,2.9531267,101.5760698
611,MAHSA Specialist Hospital,SEL,Selangor,Ordinary Member,Private Hospital,MSQH,"English, Malay",offered,https://www.mahsahospital.com/,Orthopaedic Surgery,2.9531267,101.5760698
612,MAHSA Specialist Hospital,SEL,Selangor,Ordinary Member,Private Hospital,MSQH,"English, Malay",offered,https://www.mahsahospital.com/,Otorhinolaryngology (ENT),2.9531267,101.5760698
613,MAHSA Specialist Hospital,SEL,Selangor,Ordinary Member,Private Hospital,MSQH,"English, Malay",offered,https://www.mahsahospital.com/,Paediatric Medicine,2.9531267,101.5760698
614,MAHSA Specialist Hospital,SEL,Selangor,Ordinary Member,Private Hospital,MSQH,"English, Malay",offered,https://www.mahsahospital.com/,Radiology,2.9531267,101.5760698
615,MAHSA Specialist Hospital,SEL,Selangor,Ordinary Member,Private Hospital,MSQH,"English, Malay",offered,https://www.mahsahospital.com/,Pathology,2.9531267,101.5760698
616,MAHSA Specialist Hospital,SEL,Selangor,Ordinary Member,Private Hospital,MSQH,"English, Malay",offered,https://www.mahsahospital.com/,Vascular Surgery,2.9531267,101.5760698
617,MAHSA Specialist Hospital,SEL,Selangor,Ordinary Member,Private Hospital,MSQH,"English, Malay",offered,https://www.mahsahospital.com/,Urology,2.9531267,101.5760698
618,MAHSA Specialist Hospital,SEL,Selangor,Ordinary Member,Private Hospital,MSQH,"English, Malay",offered,https://www.mahsahospital.com/,Oral & Maxillofacial,2.9531267,101.5760698
619,MSU Medical Centre,SEL,Selangor,Ordinary Member,Private Hospital,MSQH,"English, Malay",https://www.msumedicalcentre.com/health-tourism/international-patient-centre,https://www.msumedicalcentre.com/,Cardiology,3.0767498,101.5530674
620,MSU Medical Centre,SEL,Selangor,Ordinary Member,Private Hospital,MSQH,"English, Malay",https://www.msumedicalcentre.com/health-tourism/international-patient-centre,https://www.msumedicalcentre.com/,Colorectal,3.0767498,101.5530674
621,MSU Medical Centre,SEL,Selangor,Ordinary Member,Private Hospital,MSQH,"English, Malay",https://www.msumedicalcentre.com/health-tourism/international-patient-centre,https://www.msumedicalcentre.com/,Dentistry,3.0767498,101.5530674
622,MSU Medical Centre,SEL,Selangor,Ordinary Member,Private Hospital,MSQH,"English, Malay",https://www.msumedicalcentre.com/health-tourism/international-patient-centre,https://www.msumedicalcentre.com/,"Ear, Nose and Throat (ENT)",3.0767498,101.5530674
623,MSU Medical Centre,SEL,Selangor,Ordinary Member,Private Hospital,MSQH,"English, Malay",https://www.msumedicalcentre.com/health-tourism/international-patient-centre,https://www.msumedicalcentre.com/,General Surgery,3.0767498,101.5530674
624,MSU Medical Centre,SEL,Selangor,Ordinary Member,Private Hospital,MSQH,"English, Malay",https://www.msumedicalcentre.com/health-tourism/international-patient-centre,https://www.msumedicalcentre.com/,Internal Medicine,3.0767498,101.5530674
625,MSU Medical Centre,SEL,Selangor,Ordinary Member,Private Hospital,MSQH,"English, Malay",https://www.msumedicalcentre.com/health-tourism/international-patient-centre,https://www.msumedicalcentre.com/,Nephrology,3.0767498,101.5530674
626,MSU Medical Centre,SEL,Selangor,Ordinary Member,Private Hospital,MSQH,"English, Malay",https://www.msumedicalcentre.com/health-tourism/international-patient-centre,https://www.msumedicalcentre.com/,Neurosurgery,3.0767498,101.5530674
627,MSU Medical Centre,SEL,Selangor,Ordinary Member,Private Hospital,MSQH,"English, Malay",https://www.msumedicalcentre.com/health-tourism/international-patient-centre,https://www.msumedicalcentre.com/,Obstetrics & Gynaecology,3.0767498,101.5530674
628,MSU Medical Centre,SEL,Selangor,Ordinary Member,Private Hospital,MSQH,"English, Malay",https://www.msumedicalcentre.com/health-tourism/international-patient-centre,https://www.msumedicalcentre.com/,Ophthalmology,3.0767498,101.5530674
629,MSU Medical Centre,SEL,Selangor,Ordinary Member,Private Hospital,MSQH,"English, Malay",https://www.msumedicalcentre.com/health-tourism/international-patient-centre,https://www.msumedicalcentre.com/,Orthopaedics,3.0767498,101.5530674
630,MSU Medical Centre,SEL,Selangor,Ordinary Member,Private Hospital,MSQH,"English, Malay",https://www.msumedicalcentre.com/health-tourism/international-patient-centre,https://www.msumedicalcentre.com/,Paediatrics,3.0767498,101.5530674
631,MSU Medical Centre,SEL,Selangor,Ordinary Member,Private Hospital,MSQH,"English, Malay",https://www.msumedicalcentre.com/health-tourism/international-patient-centre,https://www.msumedicalcentre.com/,Psychiatry,3.0767498,101.5530674
632,MSU Medical Centre,SEL,Selangor,Ordinary Member,Private Hospital,MSQH,"English, Malay",https://www.msumedicalcentre.com/health-tourism/international-patient-centre,https://www.msumedicalcentre.com/,Plastic and Reconstructive,3.0767498,101.5530674
633,MSU Medical Centre,SEL,Selangor,Ordinary Member,Private Hospital,MSQH,"English, Malay",https://www.msumedicalcentre.com/health-tourism/international-patient-centre,https://www.msumedicalcentre.com/,Anaesthesiology,3.0767498,101.5530674
634,MSU Medical Centre,SEL,Selangor,Ordinary Member,Private Hospital,MSQH,"English, Malay",https://www.msumedicalcentre.com/health-tourism/international-patient-centre,https://www.msumedicalcentre.com/,Radiology,3.0767498,101.5530674
635,MSU Medical Centre,SEL,Selangor,Ordinary Member,Private Hospital,MSQH,"English, Malay",https://www.msumedicalcentre.com/health-tourism/international-patient-centre,https://www.msumedicalcentre.com/,Urology,3.0767498,101.5530674
636,Normah Medical Specialist Centre,SW,Sarawak,Ordinary Member,Private Hospital,"JCI, MSQH","English, Malay",https://www.normah.com.my/index.php/our-hospital/patients-visitor,http://www.normah.com.my/,Cardiology,1.5778812,110.3292735
637,Normah Medical Specialist Centre,SW,Sarawak,Ordinary Member,Private Hospital,"JCI, MSQH","English, Malay",https://www.normah.com.my/index.php/our-hospital/patients-visitor,http://www.normah.com.my/,Nephrology,1.5778812,110.3292735
638,Normah Medical Specialist Centre,SW,Sarawak,Ordinary Member,Private Hospital,"JCI, MSQH","English, Malay",https://www.normah.com.my/index.php/our-hospital/patients-visitor,http://www.normah.com.my/,Paediatrics,1.5778812,110.3292735
639,Normah Medical Specialist Centre,SW,Sarawak,Ordinary Member,Private Hospital,"JCI, MSQH","English, Malay",https://www.normah.com.my/index.php/our-hospital/patients-visitor,http://www.normah.com.my/,Ophthalmology,1.5778812,110.3292735
640,Normah Medical Specialist Centre,SW,Sarawak,Ordinary Member,Private Hospital,"JCI, MSQH","English, Malay",https://www.normah.com.my/index.php/our-hospital/patients-visitor,http://www.normah.com.my/,Orthopaedic Surgery,1.5778812,110.3292735
641,Normah Medical Specialist Centre,SW,Sarawak,Ordinary Member,Private Hospital,"JCI, MSQH","English, Malay",https://www.normah.com.my/index.php/our-hospital/patients-visitor,http://www.normah.com.my/,General Surgery,1.5778812,110.3292735
642,Normah Medical Specialist Centre,SW,Sarawak,Ordinary Member,Private Hospital,"JCI, MSQH","English, Malay",https://www.normah.com.my/index.php/our-hospital/patients-visitor,http://www.normah.com.my/,Obstetrics & Gynaecology,1.5778812,110.3292735
643,Normah Medical Specialist Centre,SW,Sarawak,Ordinary Member,Private Hospital,"JCI, MSQH","English, Malay",https://www.normah.com.my/index.php/our-hospital/patients-visitor,http://www.normah.com.my/,Otorhinolaryngologic Surgery,1.5778812,110.3292735
644,Normah Medical Specialist Centre,SW,Sarawak,Ordinary Member,Private Hospital,"JCI, MSQH","English, Malay",https://www.normah.com.my/index.php/our-hospital/patients-visitor,http://www.normah.com.my/,Urologic Surgery,1.5778812,110.3292735
645,Sunway Medical Centre Velocity,WP,Wilayah Persekutuan,Ordinary Member,Private Hospital,MSQH,"English, Malay",https://www.sunwaymedicalvelocity.com.my/en/international-patient-centre/,https://www.sunwaymedicalvelocity.com.my/en/,Anaesthesiology,3.1280154,101.7224083
646,Sunway Medical Centre Velocity,WP,Wilayah Persekutuan,Ordinary Member,Private Hospital,MSQH,"English, Malay",https://www.sunwaymedicalvelocity.com.my/en/international-patient-centre/,https://www.sunwaymedicalvelocity.com.my/en/,Arthroplasty,3.1280154,101.7224083
647,Sunway Medical Centre Velocity,WP,Wilayah Persekutuan,Ordinary Member,Private Hospital,MSQH,"English, Malay",https://www.sunwaymedicalvelocity.com.my/en/international-patient-centre/,https://www.sunwaymedicalvelocity.com.my/en/,Arthroscopy,3.1280154,101.7224083
648,Sunway Medical Centre Velocity,WP,Wilayah Persekutuan,Ordinary Member,Private Hospital,MSQH,"English, Malay",https://www.sunwaymedicalvelocity.com.my/en/international-patient-centre/,https://www.sunwaymedicalvelocity.com.my/en/,Bariatric Surgery,3.1280154,101.7224083
649,Sunway Medical Centre Velocity,WP,Wilayah Persekutuan,Ordinary Member,Private Hospital,MSQH,"English, Malay",https://www.sunwaymedicalvelocity.com.my/en/international-patient-centre/,https://www.sunwaymedicalvelocity.com.my/en/,Behavioural Health,3.1280154,101.7224083
650,Sunway Medical Centre Velocity,WP,Wilayah Persekutuan,Ordinary Member,Private Hospital,MSQH,"English, Malay",https://www.sunwaymedicalvelocity.com.my/en/international-patient-centre/,https://www.sunwaymedicalvelocity.com.my/en/,Breast & Endocrine Surgery,3.1280154,101.7224083
651,Sunway Medical Centre Velocity,WP,Wilayah Persekutuan,Ordinary Member,Private Hospital,MSQH,"English, Malay",https://www.sunwaymedicalvelocity.com.my/en/international-patient-centre/,https://www.sunwaymedicalvelocity.com.my/en/,Cardiology,3.1280154,101.7224083
652,Sunway Medical Centre Velocity,WP,Wilayah Persekutuan,Ordinary Member,Private Hospital,MSQH,"English, Malay",https://www.sunwaymedicalvelocity.com.my/en/international-patient-centre/,https://www.sunwaymedicalvelocity.com.my/en/,Cardiothoracic Surgery,3.1280154,101.7224083
653,Sunway Medical Centre Velocity,WP,Wilayah Persekutuan,Ordinary Member,Private Hospital,MSQH,"English, Malay",https://www.sunwaymedicalvelocity.com.my/en/international-patient-centre/,https://www.sunwaymedicalvelocity.com.my/en/,Clinical Haematology,3.1280154,101.7224083
654,Sunway Medical Centre Velocity,WP,Wilayah Persekutuan,Ordinary Member,Private Hospital,MSQH,"English, Malay",https://www.sunwaymedicalvelocity.com.my/en/international-patient-centre/,https://www.sunwaymedicalvelocity.com.my/en/,Clinical Oncology,3.1280154,101.7224083
655,Sunway Medical Centre Velocity,WP,Wilayah Persekutuan,Ordinary Member,Private Hospital,MSQH,"English, Malay",https://www.sunwaymedicalvelocity.com.my/en/international-patient-centre/,https://www.sunwaymedicalvelocity.com.my/en/,Clinical Psychologist,3.1280154,101.7224083
656,Sunway Medical Centre Velocity,WP,Wilayah Persekutuan,Ordinary Member,Private Hospital,MSQH,"English, Malay",https://www.sunwaymedicalvelocity.com.my/en/international-patient-centre/,https://www.sunwaymedicalvelocity.com.my/en/,Colorectal Surgery,3.1280154,101.7224083
657,Sunway Medical Centre Velocity,WP,Wilayah Persekutuan,Ordinary Member,Private Hospital,MSQH,"English, Malay",https://www.sunwaymedicalvelocity.com.my/en/international-patient-centre/,https://www.sunwaymedicalvelocity.com.my/en/,Dermatology,3.1280154,101.7224083
658,Sunway Medical Centre Velocity,WP,Wilayah Persekutuan,Ordinary Member,Private Hospital,MSQH,"English, Malay",https://www.sunwaymedicalvelocity.com.my/en/international-patient-centre/,https://www.sunwaymedicalvelocity.com.my/en/,"Ear, Nose & Throat, Head and Neck Surgery",3.1280154,101.7224083
659,Sunway Medical Centre Velocity,WP,Wilayah Persekutuan,Ordinary Member,Private Hospital,MSQH,"English, Malay",https://www.sunwaymedicalvelocity.com.my/en/international-patient-centre/,https://www.sunwaymedicalvelocity.com.my/en/,Electrophysiology,3.1280154,101.7224083
660,Sunway Medical Centre Velocity,WP,Wilayah Persekutuan,Ordinary Member,Private Hospital,MSQH,"English, Malay",https://www.sunwaymedicalvelocity.com.my/en/international-patient-centre/,https://www.sunwaymedicalvelocity.com.my/en/,Emergency Medicine,3.1280154,101.7224083
661,Sunway Medical Centre Velocity,WP,Wilayah Persekutuan,Ordinary Member,Private Hospital,MSQH,"English, Malay",https://www.sunwaymedicalvelocity.com.my/en/international-patient-centre/,https://www.sunwaymedicalvelocity.com.my/en/,Endocrinology & Diabetes,3.1280154,101.7224083
662,Sunway Medical Centre Velocity,WP,Wilayah Persekutuan,Ordinary Member,Private Hospital,MSQH,"English, Malay",https://www.sunwaymedicalvelocity.com.my/en/international-patient-centre/,https://www.sunwaymedicalvelocity.com.my/en/,Fertility Medicine,3.1280154,101.7224083
663,Sunway Medical Centre Velocity,WP,Wilayah Persekutuan,Ordinary Member,Private Hospital,MSQH,"English, Malay",https://www.sunwaymedicalvelocity.com.my/en/international-patient-centre/,https://www.sunwaymedicalvelocity.com.my/en/,Foot & Ankle Orthopaedic Surgery,3.1280154,101.7224083
664,Sunway Medical Centre Velocity,WP,Wilayah Persekutuan,Ordinary Member,Private Hospital,MSQH,"English, Malay",https://www.sunwaymedicalvelocity.com.my/en/international-patient-centre/,https://www.sunwaymedicalvelocity.com.my/en/,Gastroenterology & Hepatology,3.1280154,101.7224083
665,Sunway Medical Centre Velocity,WP,Wilayah Persekutuan,Ordinary Member,Private Hospital,MSQH,"English, Malay",https://www.sunwaymedicalvelocity.com.my/en/international-patient-centre/,https://www.sunwaymedicalvelocity.com.my/en/,General Surgery,3.1280154,101.7224083
666,Sunway Medical Centre Velocity,WP,Wilayah Persekutuan,Ordinary Member,Private Hospital,MSQH,"English, Malay",https://www.sunwaymedicalvelocity.com.my/en/international-patient-centre/,https://www.sunwaymedicalvelocity.com.my/en/,Gynae-Oncology,3.1280154,101.7224083
667,Sunway Medical Centre Velocity,WP,Wilayah Persekutuan,Ordinary Member,Private Hospital,MSQH,"English, Malay",https://www.sunwaymedicalvelocity.com.my/en/international-patient-centre/,https://www.sunwaymedicalvelocity.com.my/en/,Hand & Microsurgery,3.1280154,101.7224083
668,Sunway Medical Centre Velocity,WP,Wilayah Persekutuan,Ordinary Member,Private Hospital,MSQH,"English, Malay",https://www.sunwaymedicalvelocity.com.my/en/international-patient-centre/,https://www.sunwaymedicalvelocity.com.my/en/,Hepatobiliary - Pancreatic Surgery,3.1280154,101.7224083
669,Sunway Medical Centre Velocity,WP,Wilayah Persekutuan,Ordinary Member,Private Hospital,MSQH,"English, Malay",https://www.sunwaymedicalvelocity.com.my/en/international-patient-centre/,https://www.sunwaymedicalvelocity.com.my/en/,Infectious Diseases,3.1280154,101.7224083
670,Sunway Medical Centre Velocity,WP,Wilayah Persekutuan,Ordinary Member,Private Hospital,MSQH,"English, Malay",https://www.sunwaymedicalvelocity.com.my/en/international-patient-centre/,https://www.sunwaymedicalvelocity.com.my/en/,Internal Medicine,3.1280154,101.7224083
671,Sunway Medical Centre Velocity,WP,Wilayah Persekutuan,Ordinary Member,Private Hospital,MSQH,"English, Malay",https://www.sunwaymedicalvelocity.com.my/en/international-patient-centre/,https://www.sunwaymedicalvelocity.com.my/en/,Interventional Radiology,3.1280154,101.7224083
672,Sunway Medical Centre Velocity,WP,Wilayah Persekutuan,Ordinary Member,Private Hospital,MSQH,"English, Malay",https://www.sunwaymedicalvelocity.com.my/en/international-patient-centre/,https://www.sunwaymedicalvelocity.com.my/en/,Maternal Fetal Medicine,3.1280154,101.7224083
673,Sunway Medical Centre Velocity,WP,Wilayah Persekutuan,Ordinary Member,Private Hospital,MSQH,"English, Malay",https://www.sunwaymedicalvelocity.com.my/en/international-patient-centre/,https://www.sunwaymedicalvelocity.com.my/en/,Neonatology,3.1280154,101.7224083
674,Sunway Medical Centre Velocity,WP,Wilayah Persekutuan,Ordinary Member,Private Hospital,MSQH,"English, Malay",https://www.sunwaymedicalvelocity.com.my/en/international-patient-centre/,https://www.sunwaymedicalvelocity.com.my/en/,Nephrology,3.1280154,101.7224083
675,Sunway Medical Centre Velocity,WP,Wilayah Persekutuan,Ordinary Member,Private Hospital,MSQH,"English, Malay",https://www.sunwaymedicalvelocity.com.my/en/international-patient-centre/,https://www.sunwaymedicalvelocity.com.my/en/,Neuro-Ophthalmology,3.1280154,101.7224083
676,Sunway Medical Centre Velocity,WP,Wilayah Persekutuan,Ordinary Member,Private Hospital,MSQH,"English, Malay",https://www.sunwaymedicalvelocity.com.my/en/international-patient-centre/,https://www.sunwaymedicalvelocity.com.my/en/,Neuro-Urology,3.1280154,101.7224083
677,Sunway Medical Centre Velocity,WP,Wilayah Persekutuan,Ordinary Member,Private Hospital,MSQH,"English, Malay",https://www.sunwaymedicalvelocity.com.my/en/international-patient-centre/,https://www.sunwaymedicalvelocity.com.my/en/,Neurology,3.1280154,101.7224083
678,Sunway Medical Centre Velocity,WP,Wilayah Persekutuan,Ordinary Member,Private Hospital,MSQH,"English, Malay",https://www.sunwaymedicalvelocity.com.my/en/international-patient-centre/,https://www.sunwaymedicalvelocity.com.my/en/,Neurosurgery,3.1280154,101.7224083
679,Sunway Medical Centre Velocity,WP,Wilayah Persekutuan,Ordinary Member,Private Hospital,MSQH,"English, Malay",https://www.sunwaymedicalvelocity.com.my/en/international-patient-centre/,https://www.sunwaymedicalvelocity.com.my/en/,Obstetrics & Gynaecology (O&G),3.1280154,101.7224083
680,Sunway Medical Centre Velocity,WP,Wilayah Persekutuan,Ordinary Member,Private Hospital,MSQH,"English, Malay",https://www.sunwaymedicalvelocity.com.my/en/international-patient-centre/,https://www.sunwaymedicalvelocity.com.my/en/,Oculoplasty,3.1280154,101.7224083
681,Sunway Medical Centre Velocity,WP,Wilayah Persekutuan,Ordinary Member,Private Hospital,MSQH,"English, Malay",https://www.sunwaymedicalvelocity.com.my/en/international-patient-centre/,https://www.sunwaymedicalvelocity.com.my/en/,Ophthalmology,3.1280154,101.7224083
682,Sunway Medical Centre Velocity,WP,Wilayah Persekutuan,Ordinary Member,Private Hospital,MSQH,"English, Malay",https://www.sunwaymedicalvelocity.com.my/en/international-patient-centre/,https://www.sunwaymedicalvelocity.com.my/en/,Oral & Maxillofacial Surgery,3.1280154,101.7224083
683,Sunway Medical Centre Velocity,WP,Wilayah Persekutuan,Ordinary Member,Private Hospital,MSQH,"English, Malay",https://www.sunwaymedicalvelocity.com.my/en/international-patient-centre/,https://www.sunwaymedicalvelocity.com.my/en/,Orthopaedic & Trauma Surgery,3.1280154,101.7224083
684,Sunway Medical Centre Velocity,WP,Wilayah Persekutuan,Ordinary Member,Private Hospital,MSQH,"English, Malay",https://www.sunwaymedicalvelocity.com.my/en/international-patient-centre/,https://www.sunwaymedicalvelocity.com.my/en/,Orthopaedic Oncology,3.1280154,101.7224083
685,Sunway Medical Centre Velocity,WP,Wilayah Persekutuan,Ordinary Member,Private Hospital,MSQH,"English, Malay",https://www.sunwaymedicalvelocity.com.my/en/international-patient-centre/,https://www.sunwaymedicalvelocity.com.my/en/,Paediatric Cardiology,3.1280154,101.7224083
686,Sunway Medical Centre Velocity,WP,Wilayah Persekutuan,Ordinary Member,Private Hospital,MSQH,"English, Malay",https://www.sunwaymedicalvelocity.com.my/en/international-patient-centre/,https://www.sunwaymedicalvelocity.com.my/en/,Paediatric Endocrinology,3.1280154,101.7224083
687,Sunway Medical Centre Velocity,WP,Wilayah Persekutuan,Ordinary Member,Private Hospital,MSQH,"English, Malay",https://www.sunwaymedicalvelocity.com.my/en/international-patient-centre/,https://www.sunwaymedicalvelocity.com.my/en/,Paediatric Gastroenterology & Hepatology,3.1280154,101.7224083
688,Sunway Medical Centre Velocity,WP,Wilayah Persekutuan,Ordinary Member,Private Hospital,MSQH,"English, Malay",https://www.sunwaymedicalvelocity.com.my/en/international-patient-centre/,https://www.sunwaymedicalvelocity.com.my/en/,Paediatric Neurology,3.1280154,101.7224083
689,Sunway Medical Centre Velocity,WP,Wilayah Persekutuan,Ordinary Member,Private Hospital,MSQH,"English, Malay",https://www.sunwaymedicalvelocity.com.my/en/international-patient-centre/,https://www.sunwaymedicalvelocity.com.my/en/,Paediatric Ophthalmology and Strabismus Surgery,3.1280154,101.7224083
690,Sunway Medical Centre Velocity,WP,Wilayah Persekutuan,Ordinary Member,Private Hospital,MSQH,"English, Malay",https://www.sunwaymedicalvelocity.com.my/en/international-patient-centre/,https://www.sunwaymedicalvelocity.com.my/en/,Paediatric Orthopaedic Surgery,3.1280154,101.7224083
691,Sunway Medical Centre Velocity,WP,Wilayah Persekutuan,Ordinary Member,Private Hospital,MSQH,"English, Malay",https://www.sunwaymedicalvelocity.com.my/en/international-patient-centre/,https://www.sunwaymedicalvelocity.com.my/en/,Paediatric Surgery,3.1280154,101.7224083
692,Sunway Medical Centre Velocity,WP,Wilayah Persekutuan,Ordinary Member,Private Hospital,MSQH,"English, Malay",https://www.sunwaymedicalvelocity.com.my/en/international-patient-centre/,https://www.sunwaymedicalvelocity.com.my/en/,Paediatrics,3.1280154,101.7224083
693,Sunway Medical Centre Velocity,WP,Wilayah Persekutuan,Ordinary Member,Private Hospital,MSQH,"English, Malay",https://www.sunwaymedicalvelocity.com.my/en/international-patient-centre/,https://www.sunwaymedicalvelocity.com.my/en/,Pain Medicine,3.1280154,101.7224083
694,Sunway Medical Centre Velocity,WP,Wilayah Persekutuan,Ordinary Member,Private Hospital,MSQH,"English, Malay",https://www.sunwaymedicalvelocity.com.my/en/international-patient-centre/,https://www.sunwaymedicalvelocity.com.my/en/,Pathology,3.1280154,101.7224083
695,Sunway Medical Centre Velocity,WP,Wilayah Persekutuan,Ordinary Member,Private Hospital,MSQH,"English, Malay",https://www.sunwaymedicalvelocity.com.my/en/international-patient-centre/,https://www.sunwaymedicalvelocity.com.my/en/,Plastic & Reconstructive Surgery,3.1280154,101.7224083
696,Sunway Medical Centre Velocity,WP,Wilayah Persekutuan,Ordinary Member,Private Hospital,MSQH,"English, Malay",https://www.sunwaymedicalvelocity.com.my/en/international-patient-centre/,https://www.sunwaymedicalvelocity.com.my/en/,Psychiatry,3.1280154,101.7224083
697,Sunway Medical Centre Velocity,WP,Wilayah Persekutuan,Ordinary Member,Private Hospital,MSQH,"English, Malay",https://www.sunwaymedicalvelocity.com.my/en/international-patient-centre/,https://www.sunwaymedicalvelocity.com.my/en/,Radiology,3.1280154,101.7224083
698,Sunway Medical Centre Velocity,WP,Wilayah Persekutuan,Ordinary Member,Private Hospital,MSQH,"English, Malay",https://www.sunwaymedicalvelocity.com.my/en/international-patient-centre/,https://www.sunwaymedicalvelocity.com.my/en/,Reconstructive Urology,3.1280154,101.7224083
699,Sunway Medical Centre Velocity,WP,Wilayah Persekutuan,Ordinary Member,Private Hospital,MSQH,"English, Malay",https://www.sunwaymedicalvelocity.com.my/en/international-patient-centre/,https://www.sunwaymedicalvelocity.com.my/en/,Rehabilitation Medicine,3.1280154,101.7224083
700,Sunway Medical Centre Velocity,WP,Wilayah Persekutuan,Ordinary Member,Private Hospital,MSQH,"English, Malay",https://www.sunwaymedicalvelocity.com.my/en/international-patient-centre/,https://www.sunwaymedicalvelocity.com.my/en/,Respiratory Medicine,3.1280154,101.7224083
701,Sunway Medical Centre Velocity,WP,Wilayah Persekutuan,Ordinary Member,Private Hospital,MSQH,"English, Malay",https://www.sunwaymedicalvelocity.com.my/en/international-patient-centre/,https://www.sunwaymedicalvelocity.com.my/en/,Retina and Uveitis,3.1280154,101.7224083
702,Sunway Medical Centre Velocity,WP,Wilayah Persekutuan,Ordinary Member,Private Hospital,MSQH,"English, Malay",https://www.sunwaymedicalvelocity.com.my/en/international-patient-centre/,https://www.sunwaymedicalvelocity.com.my/en/,Rheumatology,3.1280154,101.7224083
703,Sunway Medical Centre Velocity,WP,Wilayah Persekutuan,Ordinary Member,Private Hospital,MSQH,"English, Malay",https://www.sunwaymedicalvelocity.com.my/en/international-patient-centre/,https://www.sunwaymedicalvelocity.com.my/en/,Robotic Surgery,3.1280154,101.7224083
704,Sunway Medical Centre Velocity,WP,Wilayah Persekutuan,Ordinary Member,Private Hospital,MSQH,"English, Malay",https://www.sunwaymedicalvelocity.com.my/en/international-patient-centre/,https://www.sunwaymedicalvelocity.com.my/en/,Spine Surgery,3.1280154,101.7224083
705,Sunway Medical Centre Velocity,WP,Wilayah Persekutuan,Ordinary Member,Private Hospital,MSQH,"English, Malay",https://www.sunwaymedicalvelocity.com.my/en/international-patient-centre/,https://www.sunwaymedicalvelocity.com.my/en/,Sports Medicine,3.1280154,101.7224083
706,Sunway Medical Centre Velocity,WP,Wilayah Persekutuan,Ordinary Member,Private Hospital,MSQH,"English, Malay",https://www.sunwaymedicalvelocity.com.my/en/international-patient-centre/,https://www.sunwaymedicalvelocity.com.my/en/,Sports Surgery,3.1280154,101.7224083
707,Sunway Medical Centre Velocity,WP,Wilayah Persekutuan,Ordinary Member,Private Hospital,MSQH,"English, Malay",https://www.sunwaymedicalvelocity.com.my/en/international-patient-centre/,https://www.sunwaymedicalvelocity.com.my/en/,Upper Gastrointestinal,3.1280154,101.7224083
708,Sunway Medical Centre Velocity,WP,Wilayah Persekutuan,Ordinary Member,Private Hospital,MSQH,"English, Malay",https://www.sunwaymedicalvelocity.com.my/en/international-patient-centre/,https://www.sunwaymedicalvelocity.com.my/en/,Upper Gastrointestinal & Obesity Surgery,3.1280154,101.7224083
709,Sunway Medical Centre Velocity,WP,Wilayah Persekutuan,Ordinary Member,Private Hospital,MSQH,"English, Malay",https://www.sunwaymedicalvelocity.com.my/en/international-patient-centre/,https://www.sunwaymedicalvelocity.com.my/en/,Urogynaecology,3.1280154,101.7224083
710,Sunway Medical Centre Velocity,WP,Wilayah Persekutuan,Ordinary Member,Private Hospital,MSQH,"English, Malay",https://www.sunwaymedicalvelocity.com.my/en/international-patient-centre/,https://www.sunwaymedicalvelocity.com.my/en/,Urology,3.1280154,101.7224083
711,Sunway Medical Centre Velocity,WP,Wilayah Persekutuan,Ordinary Member,Private Hospital,MSQH,"English, Malay",https://www.sunwaymedicalvelocity.com.my/en/international-patient-centre/,https://www.sunwaymedicalvelocity.com.my/en/,Vitreoretinal Surgery,3.1280154,101.7224083
712,Sunway Medical Centre Ipoh,PR,Perak,Ordinary Member,Private Hospital,,"English, Malay",https://www.sunwaymedicalipoh.com.my/en/patient-care/international-patient-centre/,https://www.sunwaymedicalipoh.com.my/,Anaesthesiology & Critical Care,4.6316601,101.1543453
713,Sunway Medical Centre Ipoh,PR,Perak,Ordinary Member,Private Hospital,,"English, Malay",https://www.sunwaymedicalipoh.com.my/en/patient-care/international-patient-centre/,https://www.sunwaymedicalipoh.com.my/,Arthroscopic & Sport Surgery,4.6316601,101.1543453
714,Sunway Medical Centre Ipoh,PR,Perak,Ordinary Member,Private Hospital,,"English, Malay",https://www.sunwaymedicalipoh.com.my/en/patient-care/international-patient-centre/,https://www.sunwaymedicalipoh.com.my/,Bariatric Surgery,4.6316601,101.1543453
715,Sunway Medical Centre Ipoh,PR,Perak,Ordinary Member,Private Hospital,,"English, Malay",https://www.sunwaymedicalipoh.com.my/en/patient-care/international-patient-centre/,https://www.sunwaymedicalipoh.com.my/,Breast & Oncoplastic,4.6316601,101.1543453
716,Sunway Medical Centre Ipoh,PR,Perak,Ordinary Member,Private Hospital,,"English, Malay",https://www.sunwaymedicalipoh.com.my/en/patient-care/international-patient-centre/,https://www.sunwaymedicalipoh.com.my/,Cardiology & Electrophysiology,4.6316601,101.1543453
717,Sunway Medical Centre Ipoh,PR,Perak,Ordinary Member,Private Hospital,,"English, Malay",https://www.sunwaymedicalipoh.com.my/en/patient-care/international-patient-centre/,https://www.sunwaymedicalipoh.com.my/,Cardiothoracic Surgery,4.6316601,101.1543453
718,Sunway Medical Centre Ipoh,PR,Perak,Ordinary Member,Private Hospital,,"English, Malay",https://www.sunwaymedicalipoh.com.my/en/patient-care/international-patient-centre/,https://www.sunwaymedicalipoh.com.my/,Clinical Haematology,4.6316601,101.1543453
719,Sunway Medical Centre Ipoh,PR,Perak,Ordinary Member,Private Hospital,,"English, Malay",https://www.sunwaymedicalipoh.com.my/en/patient-care/international-patient-centre/,https://www.sunwaymedicalipoh.com.my/,Colorectal Surgery,4.6316601,101.1543453
720,Sunway Medical Centre Ipoh,PR,Perak,Ordinary Member,Private Hospital,,"English, Malay",https://www.sunwaymedicalipoh.com.my/en/patient-care/international-patient-centre/,https://www.sunwaymedicalipoh.com.my/,Dermatology,4.6316601,101.1543453
721,Sunway Medical Centre Ipoh,PR,Perak,Ordinary Member,Private Hospital,,"English, Malay",https://www.sunwaymedicalipoh.com.my/en/patient-care/international-patient-centre/,https://www.sunwaymedicalipoh.com.my/,"Ear, Nose, Throat, Head & Neck Surgery",4.6316601,101.1543453
722,Sunway Medical Centre Ipoh,PR,Perak,Ordinary Member,Private Hospital,,"English, Malay",https://www.sunwaymedicalipoh.com.my/en/patient-care/international-patient-centre/,https://www.sunwaymedicalipoh.com.my/,Electrophysiology,4.6316601,101.1543453
723,Sunway Medical Centre Ipoh,PR,Perak,Ordinary Member,Private Hospital,,"English, Malay",https://www.sunwaymedicalipoh.com.my/en/patient-care/international-patient-centre/,https://www.sunwaymedicalipoh.com.my/,Emergency Medicine,4.6316601,101.1543453
724,Sunway Medical Centre Ipoh,PR,Perak,Ordinary Member,Private Hospital,,"English, Malay",https://www.sunwaymedicalipoh.com.my/en/patient-care/international-patient-centre/,https://www.sunwaymedicalipoh.com.my/,Endocrinology,4.6316601,101.1543453
725,Sunway Medical Centre Ipoh,PR,Perak,Ordinary Member,Private Hospital,,"English, Malay",https://www.sunwaymedicalipoh.com.my/en/patient-care/international-patient-centre/,https://www.sunwaymedicalipoh.com.my/,Foot & Ankle,4.6316601,101.1543453
726,Sunway Medical Centre Ipoh,PR,Perak,Ordinary Member,Private Hospital,,"English, Malay",https://www.sunwaymedicalipoh.com.my/en/patient-care/international-patient-centre/,https://www.sunwaymedicalipoh.com.my/,Gastroenterology & Hepatology,4.6316601,101.1543453
727,Sunway Medical Centre Ipoh,PR,Perak,Ordinary Member,Private Hospital,,"English, Malay",https://www.sunwaymedicalipoh.com.my/en/patient-care/international-patient-centre/,https://www.sunwaymedicalipoh.com.my/,General Surgery,4.6316601,101.1543453
728,Sunway Medical Centre Ipoh,PR,Perak,Ordinary Member,Private Hospital,,"English, Malay",https://www.sunwaymedicalipoh.com.my/en/patient-care/international-patient-centre/,https://www.sunwaymedicalipoh.com.my/,General & Colorectal Surgery,4.6316601,101.1543453
729,Sunway Medical Centre Ipoh,PR,Perak,Ordinary Member,Private Hospital,,"English, Malay",https://www.sunwaymedicalipoh.com.my/en/patient-care/international-patient-centre/,https://www.sunwaymedicalipoh.com.my/,"General, Oesophago-gastric & Bariatric Surgery",4.6316601,101.1543453
730,Sunway Medical Centre Ipoh,PR,Perak,Ordinary Member,Private Hospital,,"English, Malay",https://www.sunwaymedicalipoh.com.my/en/patient-care/international-patient-centre/,https://www.sunwaymedicalipoh.com.my/,Geriatric Medicine,4.6316601,101.1543453
731,Sunway Medical Centre Ipoh,PR,Perak,Ordinary Member,Private Hospital,,"English, Malay",https://www.sunwaymedicalipoh.com.my/en/patient-care/international-patient-centre/,https://www.sunwaymedicalipoh.com.my/,Gynae Oncology,4.6316601,101.1543453
732,Sunway Medical Centre Ipoh,PR,Perak,Ordinary Member,Private Hospital,,"English, Malay",https://www.sunwaymedicalipoh.com.my/en/patient-care/international-patient-centre/,https://www.sunwaymedicalipoh.com.my/,Hepatobiliary - Pancreatic Surgery,4.6316601,101.1543453
733,Sunway Medical Centre Ipoh,PR,Perak,Ordinary Member,Private Hospital,,"English, Malay",https://www.sunwaymedicalipoh.com.my/en/patient-care/international-patient-centre/,https://www.sunwaymedicalipoh.com.my/,Infectious Diseases,4.6316601,101.1543453
734,Sunway Medical Centre Ipoh,PR,Perak,Ordinary Member,Private Hospital,,"English, Malay",https://www.sunwaymedicalipoh.com.my/en/patient-care/international-patient-centre/,https://www.sunwaymedicalipoh.com.my/,Internal Medicine,4.6316601,101.1543453
735,Sunway Medical Centre Ipoh,PR,Perak,Ordinary Member,Private Hospital,,"English, Malay",https://www.sunwaymedicalipoh.com.my/en/patient-care/international-patient-centre/,https://www.sunwaymedicalipoh.com.my/,Interventional Cardiology,4.6316601,101.1543453
736,Sunway Medical Centre Ipoh,PR,Perak,Ordinary Member,Private Hospital,,"English, Malay",https://www.sunwaymedicalipoh.com.my/en/patient-care/international-patient-centre/,https://www.sunwaymedicalipoh.com.my/,Interventional Neuroradiology,4.6316601,101.1543453
737,Sunway Medical Centre Ipoh,PR,Perak,Ordinary Member,Private Hospital,,"English, Malay",https://www.sunwaymedicalipoh.com.my/en/patient-care/international-patient-centre/,https://www.sunwaymedicalipoh.com.my/,Intensive Care (Anaesthesiology),4.6316601,101.1543453
738,Sunway Medical Centre Ipoh,PR,Perak,Ordinary Member,Private Hospital,,"English, Malay",https://www.sunwaymedicalipoh.com.my/en/patient-care/international-patient-centre/,https://www.sunwaymedicalipoh.com.my/,Maternal Fetal Medicine,4.6316601,101.1543453
739,Sunway Medical Centre Ipoh,PR,Perak,Ordinary Member,Private Hospital,,"English, Malay",https://www.sunwaymedicalipoh.com.my/en/patient-care/international-patient-centre/,https://www.sunwaymedicalipoh.com.my/,Nephrology,4.6316601,101.1543453
740,Sunway Medical Centre Ipoh,PR,Perak,Ordinary Member,Private Hospital,,"English, Malay",https://www.sunwaymedicalipoh.com.my/en/patient-care/international-patient-centre/,https://www.sunwaymedicalipoh.com.my/,Neurology,4.6316601,101.1543453
741,Sunway Medical Centre Ipoh,PR,Perak,Ordinary Member,Private Hospital,,"English, Malay",https://www.sunwaymedicalipoh.com.my/en/patient-care/international-patient-centre/,https://www.sunwaymedicalipoh.com.my/,Neonatology,4.6316601,101.1543453
742,Sunway Medical Centre Ipoh,PR,Perak,Ordinary Member,Private Hospital,,"English, Malay",https://www.sunwaymedicalipoh.com.my/en/patient-care/international-patient-centre/,https://www.sunwaymedicalipoh.com.my/,Neurosurgery,4.6316601,101.1543453
743,Sunway Medical Centre Ipoh,PR,Perak,Ordinary Member,Private Hospital,,"English, Malay",https://www.sunwaymedicalipoh.com.my/en/patient-care/international-patient-centre/,https://www.sunwaymedicalipoh.com.my/,Nuclear Medicine,4.6316601,101.1543453
744,Sunway Medical Centre Ipoh,PR,Perak,Ordinary Member,Private Hospital,,"English, Malay",https://www.sunwaymedicalipoh.com.my/en/patient-care/international-patient-centre/,https://www.sunwaymedicalipoh.com.my/,Obstetric & Gynaecology,4.6316601,101.1543453
745,Sunway Medical Centre Ipoh,PR,Perak,Ordinary Member,Private Hospital,,"English, Malay",https://www.sunwaymedicalipoh.com.my/en/patient-care/international-patient-centre/,https://www.sunwaymedicalipoh.com.my/,Oncology,4.6316601,101.1543453
746,Sunway Medical Centre Ipoh,PR,Perak,Ordinary Member,Private Hospital,,"English, Malay",https://www.sunwaymedicalipoh.com.my/en/patient-care/international-patient-centre/,https://www.sunwaymedicalipoh.com.my/,Ophthalmology,4.6316601,101.1543453
747,Sunway Medical Centre Ipoh,PR,Perak,Ordinary Member,Private Hospital,,"English, Malay",https://www.sunwaymedicalipoh.com.my/en/patient-care/international-patient-centre/,https://www.sunwaymedicalipoh.com.my/,Orthopaedic,4.6316601,101.1543453
748,Sunway Medical Centre Ipoh,PR,Perak,Ordinary Member,Private Hospital,,"English, Malay",https://www.sunwaymedicalipoh.com.my/en/patient-care/international-patient-centre/,https://www.sunwaymedicalipoh.com.my/,"Paediatrics (Endocrine, Cardio & Dermatology)",4.6316601,101.1543453
749,Sunway Medical Centre Ipoh,PR,Perak,Ordinary Member,Private Hospital,,"English, Malay",https://www.sunwaymedicalipoh.com.my/en/patient-care/international-patient-centre/,https://www.sunwaymedicalipoh.com.my/,Pediatric Surgery,4.6316601,101.1543453
750,Sunway Medical Centre Ipoh,PR,Perak,Ordinary Member,Private Hospital,,"English, Malay",https://www.sunwaymedicalipoh.com.my/en/patient-care/international-patient-centre/,https://www.sunwaymedicalipoh.com.my/,Plastic & Reconstructive Surgery,4.6316601,101.1543453
751,Sunway Medical Centre Ipoh,PR,Perak,Ordinary Member,Private Hospital,,"English, Malay",https://www.sunwaymedicalipoh.com.my/en/patient-care/international-patient-centre/,https://www.sunwaymedicalipoh.com.my/,Psychiatry,4.6316601,101.1543453
752,Sunway Medical Centre Ipoh,PR,Perak,Ordinary Member,Private Hospital,,"English, Malay",https://www.sunwaymedicalipoh.com.my/en/patient-care/international-patient-centre/,https://www.sunwaymedicalipoh.com.my/,Radiology,4.6316601,101.1543453
753,Sunway Medical Centre Ipoh,PR,Perak,Ordinary Member,Private Hospital,,"English, Malay",https://www.sunwaymedicalipoh.com.my/en/patient-care/international-patient-centre/,https://www.sunwaymedicalipoh.com.my/,Respiratory Medicine,4.6316601,101.1543453
754,Sunway Medical Centre Ipoh,PR,Perak,Ordinary Member,Private Hospital,,"English, Malay",https://www.sunwaymedicalipoh.com.my/en/patient-care/international-patient-centre/,https://www.sunwaymedicalipoh.com.my/,Rheumatology,4.6316601,101.1543453
755,Sunway Medical Centre Ipoh,PR,Perak,Ordinary Member,Private Hospital,,"English, Malay",https://www.sunwaymedicalipoh.com.my/en/patient-care/international-patient-centre/,https://www.sunwaymedicalipoh.com.my/,Spine Surgery,4.6316601,101.1543453
756,Sunway Medical Centre Ipoh,PR,Perak,Ordinary Member,Private Hospital,,"English, Malay",https://www.sunwaymedicalipoh.com.my/en/patient-care/international-patient-centre/,https://www.sunwaymedicalipoh.com.my/,Upper GI Surgery,4.6316601,101.1543453
757,Sunway Medical Centre Ipoh,PR,Perak,Ordinary Member,Private Hospital,,"English, Malay",https://www.sunwaymedicalipoh.com.my/en/patient-care/international-patient-centre/,https://www.sunwaymedicalipoh.com.my/,Urology,4.6316601,101.1543453
758,Sunway Medical Centre Ipoh,PR,Perak,Ordinary Member,Private Hospital,,"English, Malay",https://www.sunwaymedicalipoh.com.my/en/patient-care/international-patient-centre/,https://www.sunwaymedicalipoh.com.my/,Urogynecology,4.6316601,101.1543453
759,Sunway Medical Centre Damansara,SEL,Selangor,Ordinary Member,Private Hospital,,"English, Malay",,https://www.sunwaymedicaldamansara.com.my/en/,Cardiology,3.1499502,101.5959789
760,Sunway Medical Centre Damansara,SEL,Selangor,Ordinary Member,Private Hospital,,"English, Malay",,https://www.sunwaymedicaldamansara.com.my/en/,Cardiothoracic Surgery,3.1499502,101.5959789
761,Sunway Medical Centre Damansara,SEL,Selangor,Ordinary Member,Private Hospital,,"English, Malay",,https://www.sunwaymedicaldamansara.com.my/en/,Pulmonology,3.1499502,101.5959789
762,Sunway Medical Centre Damansara,SEL,Selangor,Ordinary Member,Private Hospital,,"English, Malay",,https://www.sunwaymedicaldamansara.com.my/en/,Orthopaedic & Trauma Surgery,3.1499502,101.5959789
763,Sunway Medical Centre Damansara,SEL,Selangor,Ordinary Member,Private Hospital,,"English, Malay",,https://www.sunwaymedicaldamansara.com.my/en/,Neurology,3.1499502,101.5959789
764,Sunway Medical Centre Damansara,SEL,Selangor,Ordinary Member,Private Hospital,,"English, Malay",,https://www.sunwaymedicaldamansara.com.my/en/,Neurosurgery,3.1499502,101.5959789
765,Sunway Medical Centre Damansara,SEL,Selangor,Ordinary Member,Private Hospital,,"English, Malay",,https://www.sunwaymedicaldamansara.com.my/en/,Gastroenterology & Hepatology,3.1499502,101.5959789
766,Sunway Medical Centre Damansara,SEL,Selangor,Ordinary Member,Private Hospital,,"English, Malay",,https://www.sunwaymedicaldamansara.com.my/en/,General Surgery,3.1499502,101.5959789
767,Sunway Medical Centre Damansara,SEL,Selangor,Ordinary Member,Private Hospital,,"English, Malay",,https://www.sunwaymedicaldamansara.com.my/en/,Clinical Oncology,3.1499502,101.5959789
768,Sunway Medical Centre Damansara,SEL,Selangor,Ordinary Member,Private Hospital,,"English, Malay",,https://www.sunwaymedicaldamansara.com.my/en/,Breast & Endocrine,3.1499502,101.5959789
769,Sunway Medical Centre Damansara,SEL,Selangor,Ordinary Member,Private Hospital,,"English, Malay",,https://www.sunwaymedicaldamansara.com.my/en/,"Ear, Nose, Throat, Head & Neck Surgery",3.1499502,101.5959789
770,Sunway Medical Centre Damansara,SEL,Selangor,Ordinary Member,Private Hospital,,"English, Malay",,https://www.sunwaymedicaldamansara.com.my/en/,Plastic & Reconstructive Surgery,3.1499502,101.5959789
771,Sunway Medical Centre Damansara,SEL,Selangor,Ordinary Member,Private Hospital,,"English, Malay",,https://www.sunwaymedicaldamansara.com.my/en/,Dermatology,3.1499502,101.5959789
772,Sunway Medical Centre Damansara,SEL,Selangor,Ordinary Member,Private Hospital,,"English, Malay",,https://www.sunwaymedicaldamansara.com.my/en/,Anaesthesiology & Critical Care,3.1499502,101.5959789
773,Sunway Medical Centre Damansara,SEL,Selangor,Ordinary Member,Private Hospital,,"English, Malay",,https://www.sunwaymedicaldamansara.com.my/en/,Emergency Medicine,3.1499502,101.5959789
774,Sunway Medical Centre Damansara,SEL,Selangor,Ordinary Member,Private Hospital,,"English, Malay",,https://www.sunwaymedicaldamansara.com.my/en/,Endocrinology,3.1499502,101.5959789
775,Sunway Medical Centre Damansara,SEL,Selangor,Ordinary Member,Private Hospital,,"English, Malay",,https://www.sunwaymedicaldamansara.com.my/en/,Paediatrics,3.1499502,101.5959789
776,Sunway Medical Centre Damansara,SEL,Selangor,Ordinary Member,Private Hospital,,"English, Malay",,https://www.sunwaymedicaldamansara.com.my/en/,Geriatric Medicine,3.1499502,101.5959789
777,Sunway Medical Centre Damansara,SEL,Selangor,Ordinary Member,Private Hospital,,"English, Malay",,https://www.sunwaymedicaldamansara.com.my/en/,Internal Medicine,3.1499502,101.5959789
778,Sunway Medical Centre Damansara,SEL,Selangor,Ordinary Member,Private Hospital,,"English, Malay",,https://www.sunwaymedicaldamansara.com.my/en/,Nephrology,3.1499502,101.5959789
779,Sunway Medical Centre Damansara,SEL,Selangor,Ordinary Member,Private Hospital,,"English, Malay",,https://www.sunwaymedicaldamansara.com.my/en/,Obstetrics & Gynaecology,3.1499502,101.5959789
780,Sunway Medical Centre Damansara,SEL,Selangor,Ordinary Member,Private Hospital,,"English, Malay",,https://www.sunwaymedicaldamansara.com.my/en/,Ophthalmology,3.1499502,101.5959789
781,Sunway Medical Centre Damansara,SEL,Selangor,Ordinary Member,Private Hospital,,"English, Malay",,https://www.sunwaymedicaldamansara.com.my/en/,Oral & Maxillofacial Surgery,3.1499502,101.5959789
782,Sunway Medical Centre Damansara,SEL,Selangor,Ordinary Member,Private Hospital,,"English, Malay",,https://www.sunwaymedicaldamansara.com.my/en/,Paediatric Surgery,3.1499502,101.5959789
783,Sunway Medical Centre Damansara,SEL,Selangor,Ordinary Member,Private Hospital,,"English, Malay",,https://www.sunwaymedicaldamansara.com.my/en/,Palliative Medicine,3.1499502,101.5959789
784,Sunway Medical Centre Damansara,SEL,Selangor,Ordinary Member,Private Hospital,,"English, Malay",,https://www.sunwaymedicaldamansara.com.my/en/,Psychiatry,3.1499502,101.5959789
785,Sunway Medical Centre Damansara,SEL,Selangor,Ordinary Member,Private Hospital,,"English, Malay",,https://www.sunwaymedicaldamansara.com.my/en/,Pathology,3.1499502,101.5959789
786,Sunway Medical Centre Damansara,SEL,Selangor,Ordinary Member,Private Hospital,,"English, Malay",,https://www.sunwaymedicaldamansara.com.my/en/,Radiology,3.1499502,101.5959789
787,Sunway Medical Centre Damansara,SEL,Selangor,Ordinary Member,Private Hospital,,"English, Malay",,https://www.sunwaymedicaldamansara.com.my/en/,Rehabilitation Medicine,3.1499502,101.5959789
788,Sunway Medical Centre Damansara,SEL,Selangor,Ordinary Member,Private Hospital,,"English, Malay",,https://www.sunwaymedicaldamansara.com.my/en/,Respiratory Medicine,3.1499502,101.5959789
789,Sunway Medical Centre Damansara,SEL,Selangor,Ordinary Member,Private Hospital,,"English, Malay",,https://www.sunwaymedicaldamansara.com.my/en/,Rheumatology,3.1499502,101.5959789
790,Sunway Medical Centre Damansara,SEL,Selangor,Ordinary Member,Private Hospital,,"English, Malay",,https://www.sunwaymedicaldamansara.com.my/en/,Sports Medicine,3.1499502,101.5959789
791,Sunway Medical Centre Damansara,SEL,Selangor,Ordinary Member,Private Hospital,,"English, Malay",,https://www.sunwaymedicaldamansara.com.my/en/,Urogynaecology,3.1499502,101.5959789
792,Sunway Medical Centre Damansara,SEL,Selangor,Ordinary Member,Private Hospital,,"English, Malay",,https://www.sunwaymedicaldamansara.com.my/en/,Urology,3.1499502,101.5959789
793,Sunway Medical Centre Damansara,SEL,Selangor,Ordinary Member,Private Hospital,,"English, Malay",,https://www.sunwaymedicaldamansara.com.my/en/,Vascular Surgery,3.1499502,101.5959789
794,Sunway Medical Centre,SEL,Selangor,Elite Membership,Private Hospital,"JCI, MSQH","English, Malay, Mandarin",https://www.sunwaymedicalinternational.com/en?utm_source=referral&utm_medium=organic&utm_campaign=smc,https://www.sunwaymedical.com/,Anaesthesiology & Critical Care,3.0658578,101.609476
795,Sunway Medical Centre,SEL,Selangor,Elite Membership,Private Hospital,"JCI, MSQH","English, Malay, Mandarin",https://www.sunwaymedicalinternational.com/en?utm_source=referral&utm_medium=organic&utm_campaign=smc,https://www.sunwaymedical.com/,Breast & Endocrine Surgery,3.0658578,101.609476
796,Sunway Medical Centre,SEL,Selangor,Elite Membership,Private Hospital,"JCI, MSQH","English, Malay, Mandarin",https://www.sunwaymedicalinternational.com/en?utm_source=referral&utm_medium=organic&utm_campaign=smc,https://www.sunwaymedical.com/,Cardiology,3.0658578,101.609476
797,Sunway Medical Centre,SEL,Selangor,Elite Membership,Private Hospital,"JCI, MSQH","English, Malay, Mandarin",https://www.sunwaymedicalinternational.com/en?utm_source=referral&utm_medium=organic&utm_campaign=smc,https://www.sunwaymedical.com/,Cardiothoracic Surgery,3.0658578,101.609476
798,Sunway Medical Centre,SEL,Selangor,Elite Membership,Private Hospital,"JCI, MSQH","English, Malay, Mandarin",https://www.sunwaymedicalinternational.com/en?utm_source=referral&utm_medium=organic&utm_campaign=smc,https://www.sunwaymedical.com/,Clinical Oncology,3.0658578,101.609476
799,Sunway Medical Centre,SEL,Selangor,Elite Membership,Private Hospital,"JCI, MSQH","English, Malay, Mandarin",https://www.sunwaymedicalinternational.com/en?utm_source=referral&utm_medium=organic&utm_campaign=smc,https://www.sunwaymedical.com/,Colorectal Surgery,3.0658578,101.609476
800,Sunway Medical Centre,SEL,Selangor,Elite Membership,Private Hospital,"JCI, MSQH","English, Malay, Mandarin",https://www.sunwaymedicalinternational.com/en?utm_source=referral&utm_medium=organic&utm_campaign=smc,https://www.sunwaymedical.com/,Dentistry,3.0658578,101.609476
801,Sunway Medical Centre,SEL,Selangor,Elite Membership,Private Hospital,"JCI, MSQH","English, Malay, Mandarin",https://www.sunwaymedicalinternational.com/en?utm_source=referral&utm_medium=organic&utm_campaign=smc,https://www.sunwaymedical.com/,Dermatology,3.0658578,101.609476
802,Sunway Medical Centre,SEL,Selangor,Elite Membership,Private Hospital,"JCI, MSQH","English, Malay, Mandarin",https://www.sunwaymedicalinternational.com/en?utm_source=referral&utm_medium=organic&utm_campaign=smc,https://www.sunwaymedical.com/,"Ear, Nose & Throat, Head & Neck Surgery",3.0658578,101.609476
803,Sunway Medical Centre,SEL,Selangor,Elite Membership,Private Hospital,"JCI, MSQH","English, Malay, Mandarin",https://www.sunwaymedicalinternational.com/en?utm_source=referral&utm_medium=organic&utm_campaign=smc,https://www.sunwaymedical.com/,Emergency Medicine,3.0658578,101.609476
804,Sunway Medical Centre,SEL,Selangor,Elite Membership,Private Hospital,"JCI, MSQH","English, Malay, Mandarin",https://www.sunwaymedicalinternational.com/en?utm_source=referral&utm_medium=organic&utm_campaign=smc,https://www.sunwaymedical.com/,Endocrinology & Diabetes,3.0658578,101.609476
805,Sunway Medical Centre,SEL,Selangor,Elite Membership,Private Hospital,"JCI, MSQH","English, Malay, Mandarin",https://www.sunwaymedicalinternational.com/en?utm_source=referral&utm_medium=organic&utm_campaign=smc,https://www.sunwaymedical.com/,Fertility,3.0658578,101.609476
806,Sunway Medical Centre,SEL,Selangor,Elite Membership,Private Hospital,"JCI, MSQH","English, Malay, Mandarin",https://www.sunwaymedicalinternational.com/en?utm_source=referral&utm_medium=organic&utm_campaign=smc,https://www.sunwaymedical.com/,Foot & Ankle Orthopaedics,3.0658578,101.609476
807,Sunway Medical Centre,SEL,Selangor,Elite Membership,Private Hospital,"JCI, MSQH","English, Malay, Mandarin",https://www.sunwaymedicalinternational.com/en?utm_source=referral&utm_medium=organic&utm_campaign=smc,https://www.sunwaymedical.com/,Gastroenterology & Hepatology,3.0658578,101.609476
808,Sunway Medical Centre,SEL,Selangor,Elite Membership,Private Hospital,"JCI, MSQH","English, Malay, Mandarin",https://www.sunwaymedicalinternational.com/en?utm_source=referral&utm_medium=organic&utm_campaign=smc,https://www.sunwaymedical.com/,General Surgery,3.0658578,101.609476
809,Sunway Medical Centre,SEL,Selangor,Elite Membership,Private Hospital,"JCI, MSQH","English, Malay, Mandarin",https://www.sunwaymedicalinternational.com/en?utm_source=referral&utm_medium=organic&utm_campaign=smc,https://www.sunwaymedical.com/,Genetic Counselling,3.0658578,101.609476
810,Sunway Medical Centre,SEL,Selangor,Elite Membership,Private Hospital,"JCI, MSQH","English, Malay, Mandarin",https://www.sunwaymedicalinternational.com/en?utm_source=referral&utm_medium=organic&utm_campaign=smc,https://www.sunwaymedical.com/,Geriatric Medicine,3.0658578,101.609476
811,Sunway Medical Centre,SEL,Selangor,Elite Membership,Private Hospital,"JCI, MSQH","English, Malay, Mandarin",https://www.sunwaymedicalinternational.com/en?utm_source=referral&utm_medium=organic&utm_campaign=smc,https://www.sunwaymedical.com/,Haematology,3.0658578,101.609476
812,Sunway Medical Centre,SEL,Selangor,Elite Membership,Private Hospital,"JCI, MSQH","English, Malay, Mandarin",https://www.sunwaymedicalinternational.com/en?utm_source=referral&utm_medium=organic&utm_campaign=smc,https://www.sunwaymedical.com/,Hand & Microsurgery,3.0658578,101.609476
813,Sunway Medical Centre,SEL,Selangor,Elite Membership,Private Hospital,"JCI, MSQH","English, Malay, Mandarin",https://www.sunwaymedicalinternational.com/en?utm_source=referral&utm_medium=organic&utm_campaign=smc,https://www.sunwaymedical.com/,Hepatobiliary & Pancreatic Surgery,3.0658578,101.609476
814,Sunway Medical Centre,SEL,Selangor,Elite Membership,Private Hospital,"JCI, MSQH","English, Malay, Mandarin",https://www.sunwaymedicalinternational.com/en?utm_source=referral&utm_medium=organic&utm_campaign=smc,https://www.sunwaymedical.com/,Infectious Diseases,3.0658578,101.609476
815,Sunway Medical Centre,SEL,Selangor,Elite Membership,Private Hospital,"JCI, MSQH","English, Malay, Mandarin",https://www.sunwaymedicalinternational.com/en?utm_source=referral&utm_medium=organic&utm_campaign=smc,https://www.sunwaymedical.com/,Intensive Care,3.0658578,101.609476
816,Sunway Medical Centre,SEL,Selangor,Elite Membership,Private Hospital,"JCI, MSQH","English, Malay, Mandarin",https://www.sunwaymedicalinternational.com/en?utm_source=referral&utm_medium=organic&utm_campaign=smc,https://www.sunwaymedical.com/,Internal Medicine,3.0658578,101.609476
817,Sunway Medical Centre,SEL,Selangor,Elite Membership,Private Hospital,"JCI, MSQH","English, Malay, Mandarin",https://www.sunwaymedicalinternational.com/en?utm_source=referral&utm_medium=organic&utm_campaign=smc,https://www.sunwaymedical.com/,Medical Oncology,3.0658578,101.609476
818,Sunway Medical Centre,SEL,Selangor,Elite Membership,Private Hospital,"JCI, MSQH","English, Malay, Mandarin",https://www.sunwaymedicalinternational.com/en?utm_source=referral&utm_medium=organic&utm_campaign=smc,https://www.sunwaymedical.com/,Neonatology,3.0658578,101.609476
819,Sunway Medical Centre,SEL,Selangor,Elite Membership,Private Hospital,"JCI, MSQH","English, Malay, Mandarin",https://www.sunwaymedicalinternational.com/en?utm_source=referral&utm_medium=organic&utm_campaign=smc,https://www.sunwaymedical.com/,Nephrology,3.0658578,101.609476
820,Sunway Medical Centre,SEL,Selangor,Elite Membership,Private Hospital,"JCI, MSQH","English, Malay, Mandarin",https://www.sunwaymedicalinternational.com/en?utm_source=referral&utm_medium=organic&utm_campaign=smc,https://www.sunwaymedical.com/,Neurology,3.0658578,101.609476
821,Sunway Medical Centre,SEL,Selangor,Elite Membership,Private Hospital,"JCI, MSQH","English, Malay, Mandarin",https://www.sunwaymedicalinternational.com/en?utm_source=referral&utm_medium=organic&utm_campaign=smc,https://www.sunwaymedical.com/,Neurosurgery,3.0658578,101.609476
822,Sunway Medical Centre,SEL,Selangor,Elite Membership,Private Hospital,"JCI, MSQH","English, Malay, Mandarin",https://www.sunwaymedicalinternational.com/en?utm_source=referral&utm_medium=organic&utm_campaign=smc,https://www.sunwaymedical.com/,Nuclear Medicine,3.0658578,101.609476
823,Sunway Medical Centre,SEL,Selangor,Elite Membership,Private Hospital,"JCI, MSQH","English, Malay, Mandarin",https://www.sunwaymedicalinternational.com/en?utm_source=referral&utm_medium=organic&utm_campaign=smc,https://www.sunwaymedical.com/,Obstetrics & Gynaecology,3.0658578,101.609476
824,Sunway Medical Centre,SEL,Selangor,Elite Membership,Private Hospital,"JCI, MSQH","English, Malay, Mandarin",https://www.sunwaymedicalinternational.com/en?utm_source=referral&utm_medium=organic&utm_campaign=smc,https://www.sunwaymedical.com/,Oncology,3.0658578,101.609476
825,Sunway Medical Centre,SEL,Selangor,Elite Membership,Private Hospital,"JCI, MSQH","English, Malay, Mandarin",https://www.sunwaymedicalinternational.com/en?utm_source=referral&utm_medium=organic&utm_campaign=smc,https://www.sunwaymedical.com/,Ophthalmology,3.0658578,101.609476
826,Sunway Medical Centre,SEL,Selangor,Elite Membership,Private Hospital,"JCI, MSQH","English, Malay, Mandarin",https://www.sunwaymedicalinternational.com/en?utm_source=referral&utm_medium=organic&utm_campaign=smc,https://www.sunwaymedical.com/,Oral & Maxillofacial Surgery,3.0658578,101.609476
827,Sunway Medical Centre,SEL,Selangor,Elite Membership,Private Hospital,"JCI, MSQH","English, Malay, Mandarin",https://www.sunwaymedicalinternational.com/en?utm_source=referral&utm_medium=organic&utm_campaign=smc,https://www.sunwaymedical.com/,Orthopaedic & Trauma Surgery,3.0658578,101.609476
828,Sunway Medical Centre,SEL,Selangor,Elite Membership,Private Hospital,"JCI, MSQH","English, Malay, Mandarin",https://www.sunwaymedicalinternational.com/en?utm_source=referral&utm_medium=organic&utm_campaign=smc,https://www.sunwaymedical.com/,Paediatric Cardiology,3.0658578,101.609476
829,Sunway Medical Centre,SEL,Selangor,Elite Membership,Private Hospital,"JCI, MSQH","English, Malay, Mandarin",https://www.sunwaymedicalinternational.com/en?utm_source=referral&utm_medium=organic&utm_campaign=smc,https://www.sunwaymedical.com/,Paediatric Dentistry,3.0658578,101.609476
830,Sunway Medical Centre,SEL,Selangor,Elite Membership,Private Hospital,"JCI, MSQH","English, Malay, Mandarin",https://www.sunwaymedicalinternational.com/en?utm_source=referral&utm_medium=organic&utm_campaign=smc,https://www.sunwaymedical.com/,Paediatric Endocrinology,3.0658578,101.609476
831,Sunway Medical Centre,SEL,Selangor,Elite Membership,Private Hospital,"JCI, MSQH","English, Malay, Mandarin",https://www.sunwaymedicalinternational.com/en?utm_source=referral&utm_medium=organic&utm_campaign=smc,https://www.sunwaymedical.com/,Paediatric Gastroenterology & Hepatology,3.0658578,101.609476
832,Sunway Medical Centre,SEL,Selangor,Elite Membership,Private Hospital,"JCI, MSQH","English, Malay, Mandarin",https://www.sunwaymedicalinternational.com/en?utm_source=referral&utm_medium=organic&utm_campaign=smc,https://www.sunwaymedical.com/,Paediatric Haematology & Oncology,3.0658578,101.609476
833,Sunway Medical Centre,SEL,Selangor,Elite Membership,Private Hospital,"JCI, MSQH","English, Malay, Mandarin",https://www.sunwaymedicalinternational.com/en?utm_source=referral&utm_medium=organic&utm_campaign=smc,https://www.sunwaymedical.com/,Paediatric Neurology,3.0658578,101.609476
834,Sunway Medical Centre,SEL,Selangor,Elite Membership,Private Hospital,"JCI, MSQH","English, Malay, Mandarin",https://www.sunwaymedicalinternational.com/en?utm_source=referral&utm_medium=organic&utm_campaign=smc,https://www.sunwaymedical.com/,Paediatric Rheumatology,3.0658578,101.609476
835,Sunway Medical Centre,SEL,Selangor,Elite Membership,Private Hospital,"JCI, MSQH","English, Malay, Mandarin",https://www.sunwaymedicalinternational.com/en?utm_source=referral&utm_medium=organic&utm_campaign=smc,https://www.sunwaymedical.com/,Paediatric Surgery,3.0658578,101.609476
836,Sunway Medical Centre,SEL,Selangor,Elite Membership,Private Hospital,"JCI, MSQH","English, Malay, Mandarin",https://www.sunwaymedicalinternational.com/en?utm_source=referral&utm_medium=organic&utm_campaign=smc,https://www.sunwaymedical.com/,Paediatrics,3.0658578,101.609476
837,Sunway Medical Centre,SEL,Selangor,Elite Membership,Private Hospital,"JCI, MSQH","English, Malay, Mandarin",https://www.sunwaymedicalinternational.com/en?utm_source=referral&utm_medium=organic&utm_campaign=smc,https://www.sunwaymedical.com/,Palliative Medicine,3.0658578,101.609476
838,Sunway Medical Centre,SEL,Selangor,Elite Membership,Private Hospital,"JCI, MSQH","English, Malay, Mandarin",https://www.sunwaymedicalinternational.com/en?utm_source=referral&utm_medium=organic&utm_campaign=smc,https://www.sunwaymedical.com/,Pathology,3.0658578,101.609476
839,Sunway Medical Centre,SEL,Selangor,Elite Membership,Private Hospital,"JCI, MSQH","English, Malay, Mandarin",https://www.sunwaymedicalinternational.com/en?utm_source=referral&utm_medium=organic&utm_campaign=smc,https://www.sunwaymedical.com/,Plastic & Reconstructive Surgery,3.0658578,101.609476
840,Sunway Medical Centre,SEL,Selangor,Elite Membership,Private Hospital,"JCI, MSQH","English, Malay, Mandarin",https://www.sunwaymedicalinternational.com/en?utm_source=referral&utm_medium=organic&utm_campaign=smc,https://www.sunwaymedical.com/,Psychiatry,3.0658578,101.609476
841,Sunway Medical Centre,SEL,Selangor,Elite Membership,Private Hospital,"JCI, MSQH","English, Malay, Mandarin",https://www.sunwaymedicalinternational.com/en?utm_source=referral&utm_medium=organic&utm_campaign=smc,https://www.sunwaymedical.com/,Radiation Oncology,3.0658578,101.609476
842,Sunway Medical Centre,SEL,Selangor,Elite Membership,Private Hospital,"JCI, MSQH","English, Malay, Mandarin",https://www.sunwaymedicalinternational.com/en?utm_source=referral&utm_medium=organic&utm_campaign=smc,https://www.sunwaymedical.com/,Radiology,3.0658578,101.609476
843,Sunway Medical Centre,SEL,Selangor,Elite Membership,Private Hospital,"JCI, MSQH","English, Malay, Mandarin",https://www.sunwaymedicalinternational.com/en?utm_source=referral&utm_medium=organic&utm_campaign=smc,https://www.sunwaymedical.com/,Rehabilitation Medicine,3.0658578,101.609476
844,Sunway Medical Centre,SEL,Selangor,Elite Membership,Private Hospital,"JCI, MSQH","English, Malay, Mandarin",https://www.sunwaymedicalinternational.com/en?utm_source=referral&utm_medium=organic&utm_campaign=smc,https://www.sunwaymedical.com/,Respiratory Medicine,3.0658578,101.609476
845,Sunway Medical Centre,SEL,Selangor,Elite Membership,Private Hospital,"JCI, MSQH","English, Malay, Mandarin",https://www.sunwaymedicalinternational.com/en?utm_source=referral&utm_medium=organic&utm_campaign=smc,https://www.sunwaymedical.com/,Rheumatology,3.0658578,101.609476
846,Sunway Medical Centre,SEL,Selangor,Elite Membership,Private Hospital,"JCI, MSQH","English, Malay, Mandarin",https://www.sunwaymedicalinternational.com/en?utm_source=referral&utm_medium=organic&utm_campaign=smc,https://www.sunwaymedical.com/,Robotic Surgery,3.0658578,101.609476
847,Sunway Medical Centre,SEL,Selangor,Elite Membership,Private Hospital,"JCI, MSQH","English, Malay, Mandarin",https://www.sunwaymedicalinternational.com/en?utm_source=referral&utm_medium=organic&utm_campaign=smc,https://www.sunwaymedical.com/,Spine Surgery,3.0658578,101.609476
848,Sunway Medical Centre,SEL,Selangor,Elite Membership,Private Hospital,"JCI, MSQH","English, Malay, Mandarin",https://www.sunwaymedicalinternational.com/en?utm_source=referral&utm_medium=organic&utm_campaign=smc,https://www.sunwaymedical.com/,Upper Gastrointestinal Surgery,3.0658578,101.609476
849,Sunway Medical Centre,SEL,Selangor,Elite Membership,Private Hospital,"JCI, MSQH","English, Malay, Mandarin",https://www.sunwaymedicalinternational.com/en?utm_source=referral&utm_medium=organic&utm_campaign=smc,https://www.sunwaymedical.com/,Urology,3.0658578,101.609476
850,Sunway Medical Centre,SEL,Selangor,Elite Membership,Private Hospital,"JCI, MSQH","English, Malay, Mandarin",https://www.sunwaymedicalinternational.com/en?utm_source=referral&utm_medium=organic&utm_campaign=smc,https://www.sunwaymedical.com/,Vascular Surgery,3.0658578,101.609476
851,Subang Jaya Medical Centre,SEL,Selangor,Elite Membership,Private Hospital,"JCI, MSQH","English, Malay, Mandarin",https://subangjayamedicalcentre.com/patient-care/international-patient-care,https://subangjayamedicalcentre.com/,Anaesthesiology,3.0796503,101.5940275
852,Subang Jaya Medical Centre,SEL,Selangor,Elite Membership,Private Hospital,"JCI, MSQH","English, Malay, Mandarin",https://subangjayamedicalcentre.com/patient-care/international-patient-care,https://subangjayamedicalcentre.com/,Brain Health (Neuroscience),3.0796503,101.5940275
853,Subang Jaya Medical Centre,SEL,Selangor,Elite Membership,Private Hospital,"JCI, MSQH","English, Malay, Mandarin",https://subangjayamedicalcentre.com/patient-care/international-patient-care,https://subangjayamedicalcentre.com/,Breast Care,3.0796503,101.5940275
854,Subang Jaya Medical Centre,SEL,Selangor,Elite Membership,Private Hospital,"JCI, MSQH","English, Malay, Mandarin",https://subangjayamedicalcentre.com/patient-care/international-patient-care,https://subangjayamedicalcentre.com/,Cardiology,3.0796503,101.5940275
855,Subang Jaya Medical Centre,SEL,Selangor,Elite Membership,Private Hospital,"JCI, MSQH","English, Malay, Mandarin",https://subangjayamedicalcentre.com/patient-care/international-patient-care,https://subangjayamedicalcentre.com/,Cardiothoracic Surgery,3.0796503,101.5940275
856,Subang Jaya Medical Centre,SEL,Selangor,Elite Membership,Private Hospital,"JCI, MSQH","English, Malay, Mandarin",https://subangjayamedicalcentre.com/patient-care/international-patient-care,https://subangjayamedicalcentre.com/,Child and Adolescent Psychiatry,3.0796503,101.5940275
857,Subang Jaya Medical Centre,SEL,Selangor,Elite Membership,Private Hospital,"JCI, MSQH","English, Malay, Mandarin",https://subangjayamedicalcentre.com/patient-care/international-patient-care,https://subangjayamedicalcentre.com/,Colorectal Surgery,3.0796503,101.5940275
858,Subang Jaya Medical Centre,SEL,Selangor,Elite Membership,Private Hospital,"JCI, MSQH","English, Malay, Mandarin",https://subangjayamedicalcentre.com/patient-care/international-patient-care,https://subangjayamedicalcentre.com/,Dermatology,3.0796503,101.5940275
859,Subang Jaya Medical Centre,SEL,Selangor,Elite Membership,Private Hospital,"JCI, MSQH","English, Malay, Mandarin",https://subangjayamedicalcentre.com/patient-care/international-patient-care,https://subangjayamedicalcentre.com/,Endocrinology,3.0796503,101.5940275
860,Subang Jaya Medical Centre,SEL,Selangor,Elite Membership,Private Hospital,"JCI, MSQH","English, Malay, Mandarin",https://subangjayamedicalcentre.com/patient-care/international-patient-care,https://subangjayamedicalcentre.com/,Gastroenterology and Hepatology,3.0796503,101.5940275
861,Subang Jaya Medical Centre,SEL,Selangor,Elite Membership,Private Hospital,"JCI, MSQH","English, Malay, Mandarin",https://subangjayamedicalcentre.com/patient-care/international-patient-care,https://subangjayamedicalcentre.com/,General Surgery,3.0796503,101.5940275
862,Subang Jaya Medical Centre,SEL,Selangor,Elite Membership,Private Hospital,"JCI, MSQH","English, Malay, Mandarin",https://subangjayamedicalcentre.com/patient-care/international-patient-care,https://subangjayamedicalcentre.com/,Genetic Counselling,3.0796503,101.5940275
863,Subang Jaya Medical Centre,SEL,Selangor,Elite Membership,Private Hospital,"JCI, MSQH","English, Malay, Mandarin",https://subangjayamedicalcentre.com/patient-care/international-patient-care,https://subangjayamedicalcentre.com/,Geriatrics,3.0796503,101.5940275
864,Subang Jaya Medical Centre,SEL,Selangor,Elite Membership,Private Hospital,"JCI, MSQH","English, Malay, Mandarin",https://subangjayamedicalcentre.com/patient-care/international-patient-care,https://subangjayamedicalcentre.com/,Gynaecology,3.0796503,101.5940275
865,Subang Jaya Medical Centre,SEL,Selangor,Elite Membership,Private Hospital,"JCI, MSQH","English, Malay, Mandarin",https://subangjayamedicalcentre.com/patient-care/international-patient-care,https://subangjayamedicalcentre.com/,Gynaecology (Oncology),3.0796503,101.5940275
866,Subang Jaya Medical Centre,SEL,Selangor,Elite Membership,Private Hospital,"JCI, MSQH","English, Malay, Mandarin",https://subangjayamedicalcentre.com/patient-care/international-patient-care,https://subangjayamedicalcentre.com/,Gynaecology (Reproductive Medicine),3.0796503,101.5940275
867,Subang Jaya Medical Centre,SEL,Selangor,Elite Membership,Private Hospital,"JCI, MSQH","English, Malay, Mandarin",https://subangjayamedicalcentre.com/patient-care/international-patient-care,https://subangjayamedicalcentre.com/,Haematology,3.0796503,101.5940275
868,Subang Jaya Medical Centre,SEL,Selangor,Elite Membership,Private Hospital,"JCI, MSQH","English, Malay, Mandarin",https://subangjayamedicalcentre.com/patient-care/international-patient-care,https://subangjayamedicalcentre.com/,Hand and Microsurgery,3.0796503,101.5940275
869,Subang Jaya Medical Centre,SEL,Selangor,Elite Membership,Private Hospital,"JCI, MSQH","English, Malay, Mandarin",https://subangjayamedicalcentre.com/patient-care/international-patient-care,https://subangjayamedicalcentre.com/,Hepatobiliary Surgery,3.0796503,101.5940275
870,Subang Jaya Medical Centre,SEL,Selangor,Elite Membership,Private Hospital,"JCI, MSQH","English, Malay, Mandarin",https://subangjayamedicalcentre.com/patient-care/international-patient-care,https://subangjayamedicalcentre.com/,Infectious Diseases,3.0796503,101.5940275
871,Subang Jaya Medical Centre,SEL,Selangor,Elite Membership,Private Hospital,"JCI, MSQH","English, Malay, Mandarin",https://subangjayamedicalcentre.com/patient-care/international-patient-care,https://subangjayamedicalcentre.com/,Internal Medicine,3.0796503,101.5940275
872,Subang Jaya Medical Centre,SEL,Selangor,Elite Membership,Private Hospital,"JCI, MSQH","English, Malay, Mandarin",https://subangjayamedicalcentre.com/patient-care/international-patient-care,https://subangjayamedicalcentre.com/,Nephrology,3.0796503,101.5940275
873,Subang Jaya Medical Centre,SEL,Selangor,Elite Membership,Private Hospital,"JCI, MSQH","English, Malay, Mandarin",https://subangjayamedicalcentre.com/patient-care/international-patient-care,https://subangjayamedicalcentre.com/,Neurology,3.0796503,101.5940275
874,Subang Jaya Medical Centre,SEL,Selangor,Elite Membership,Private Hospital,"JCI, MSQH","English, Malay, Mandarin",https://subangjayamedicalcentre.com/patient-care/international-patient-care,https://subangjayamedicalcentre.com/,Neurosurgery,3.0796503,101.5940275
875,Subang Jaya Medical Centre,SEL,Selangor,Elite Membership,Private Hospital,"JCI, MSQH","English, Malay, Mandarin",https://subangjayamedicalcentre.com/patient-care/international-patient-care,https://subangjayamedicalcentre.com/,Nuclear Medicine,3.0796503,101.5940275
876,Subang Jaya Medical Centre,SEL,Selangor,Elite Membership,Private Hospital,"JCI, MSQH","English, Malay, Mandarin",https://subangjayamedicalcentre.com/patient-care/international-patient-care,https://subangjayamedicalcentre.com/,Obstetrics and Gynaecology,3.0796503,101.5940275
877,Subang Jaya Medical Centre,SEL,Selangor,Elite Membership,Private Hospital,"JCI, MSQH","English, Malay, Mandarin",https://subangjayamedicalcentre.com/patient-care/international-patient-care,https://subangjayamedicalcentre.com/,Oncology,3.0796503,101.5940275
878,Subang Jaya Medical Centre,SEL,Selangor,Elite Membership,Private Hospital,"JCI, MSQH","English, Malay, Mandarin",https://subangjayamedicalcentre.com/patient-care/international-patient-care,https://subangjayamedicalcentre.com/,Ophthalmology,3.0796503,101.5940275
879,Subang Jaya Medical Centre,SEL,Selangor,Elite Membership,Private Hospital,"JCI, MSQH","English, Malay, Mandarin",https://subangjayamedicalcentre.com/patient-care/international-patient-care,https://subangjayamedicalcentre.com/,Oral and Maxillofacial Surgery,3.0796503,101.5940275
880,Subang Jaya Medical Centre,SEL,Selangor,Elite Membership,Private Hospital,"JCI, MSQH","English, Malay, Mandarin",https://subangjayamedicalcentre.com/patient-care/international-patient-care,https://subangjayamedicalcentre.com/,Orthopaedic Surgery,3.0796503,101.5940275
881,Subang Jaya Medical Centre,SEL,Selangor,Elite Membership,Private Hospital,"JCI, MSQH","English, Malay, Mandarin",https://subangjayamedicalcentre.com/patient-care/international-patient-care,https://subangjayamedicalcentre.com/,"Otorhinolaryngology-ENT, Head & Neck Surgery",3.0796503,101.5940275
882,Subang Jaya Medical Centre,SEL,Selangor,Elite Membership,Private Hospital,"JCI, MSQH","English, Malay, Mandarin",https://subangjayamedicalcentre.com/patient-care/international-patient-care,https://subangjayamedicalcentre.com/,Paediatric Cardiology,3.0796503,101.5940275
883,Subang Jaya Medical Centre,SEL,Selangor,Elite Membership,Private Hospital,"JCI, MSQH","English, Malay, Mandarin",https://subangjayamedicalcentre.com/patient-care/international-patient-care,https://subangjayamedicalcentre.com/,Paediatric Dermatology,3.0796503,101.5940275
884,Subang Jaya Medical Centre,SEL,Selangor,Elite Membership,Private Hospital,"JCI, MSQH","English, Malay, Mandarin",https://subangjayamedicalcentre.com/patient-care/international-patient-care,https://subangjayamedicalcentre.com/,Paediatric Endocrinology,3.0796503,101.5940275
885,Subang Jaya Medical Centre,SEL,Selangor,Elite Membership,Private Hospital,"JCI, MSQH","English, Malay, Mandarin",https://subangjayamedicalcentre.com/patient-care/international-patient-care,https://subangjayamedicalcentre.com/,Paediatric Genetics and Metabolism,3.0796503,101.5940275
886,Subang Jaya Medical Centre,SEL,Selangor,Elite Membership,Private Hospital,"JCI, MSQH","English, Malay, Mandarin",https://subangjayamedicalcentre.com/patient-care/international-patient-care,https://subangjayamedicalcentre.com/,Paediatric Haematology - Oncology,3.0796503,101.5940275
887,Subang Jaya Medical Centre,SEL,Selangor,Elite Membership,Private Hospital,"JCI, MSQH","English, Malay, Mandarin",https://subangjayamedicalcentre.com/patient-care/international-patient-care,https://subangjayamedicalcentre.com/,Paediatric Neonatology,3.0796503,101.5940275
888,Subang Jaya Medical Centre,SEL,Selangor,Elite Membership,Private Hospital,"JCI, MSQH","English, Malay, Mandarin",https://subangjayamedicalcentre.com/patient-care/international-patient-care,https://subangjayamedicalcentre.com/,Paediatric Neurology,3.0796503,101.5940275
889,Subang Jaya Medical Centre,SEL,Selangor,Elite Membership,Private Hospital,"JCI, MSQH","English, Malay, Mandarin",https://subangjayamedicalcentre.com/patient-care/international-patient-care,https://subangjayamedicalcentre.com/,Paediatric Neurosurgery,3.0796503,101.5940275
890,Subang Jaya Medical Centre,SEL,Selangor,Elite Membership,Private Hospital,"JCI, MSQH","English, Malay, Mandarin",https://subangjayamedicalcentre.com/patient-care/international-patient-care,https://subangjayamedicalcentre.com/,Paediatric Orthopaedics,3.0796503,101.5940275
891,Subang Jaya Medical Centre,SEL,Selangor,Elite Membership,Private Hospital,"JCI, MSQH","English, Malay, Mandarin",https://subangjayamedicalcentre.com/patient-care/international-patient-care,https://subangjayamedicalcentre.com/,Paediatric Surgery,3.0796503,101.5940275
892,Subang Jaya Medical Centre,SEL,Selangor,Elite Membership,Private Hospital,"JCI, MSQH","English, Malay, Mandarin",https://subangjayamedicalcentre.com/patient-care/international-patient-care,https://subangjayamedicalcentre.com/,Paediatrics,3.0796503,101.5940275
893,Subang Jaya Medical Centre,SEL,Selangor,Elite Membership,Private Hospital,"JCI, MSQH","English, Malay, Mandarin",https://subangjayamedicalcentre.com/patient-care/international-patient-care,https://subangjayamedicalcentre.com/,"Paediatrics ENT, Head & Neck",3.0796503,101.5940275
894,Subang Jaya Medical Centre,SEL,Selangor,Elite Membership,Private Hospital,"JCI, MSQH","English, Malay, Mandarin",https://subangjayamedicalcentre.com/patient-care/international-patient-care,https://subangjayamedicalcentre.com/,Paediatrics Ophthalmology & Strabismus Surgery,3.0796503,101.5940275
895,Subang Jaya Medical Centre,SEL,Selangor,Elite Membership,Private Hospital,"JCI, MSQH","English, Malay, Mandarin",https://subangjayamedicalcentre.com/patient-care/international-patient-care,https://subangjayamedicalcentre.com/,Palliative Medicine,3.0796503,101.5940275
896,Subang Jaya Medical Centre,SEL,Selangor,Elite Membership,Private Hospital,"JCI, MSQH","English, Malay, Mandarin",https://subangjayamedicalcentre.com/patient-care/international-patient-care,https://subangjayamedicalcentre.com/,Pathology,3.0796503,101.5940275
897,Subang Jaya Medical Centre,SEL,Selangor,Elite Membership,Private Hospital,"JCI, MSQH","English, Malay, Mandarin",https://subangjayamedicalcentre.com/patient-care/international-patient-care,https://subangjayamedicalcentre.com/,Plastic and Reconstructive Surgery,3.0796503,101.5940275
898,Subang Jaya Medical Centre,SEL,Selangor,Elite Membership,Private Hospital,"JCI, MSQH","English, Malay, Mandarin",https://subangjayamedicalcentre.com/patient-care/international-patient-care,https://subangjayamedicalcentre.com/,Psychiatry,3.0796503,101.5940275
899,Subang Jaya Medical Centre,SEL,Selangor,Elite Membership,Private Hospital,"JCI, MSQH","English, Malay, Mandarin",https://subangjayamedicalcentre.com/patient-care/international-patient-care,https://subangjayamedicalcentre.com/,Psychology,3.0796503,101.5940275
900,Subang Jaya Medical Centre,SEL,Selangor,Elite Membership,Private Hospital,"JCI, MSQH","English, Malay, Mandarin",https://subangjayamedicalcentre.com/patient-care/international-patient-care,https://subangjayamedicalcentre.com/,Radiology,3.0796503,101.5940275
901,Subang Jaya Medical Centre,SEL,Selangor,Elite Membership,Private Hospital,"JCI, MSQH","English, Malay, Mandarin",https://subangjayamedicalcentre.com/patient-care/international-patient-care,https://subangjayamedicalcentre.com/,Radiology & Interventional Radiology,3.0796503,101.5940275
902,Subang Jaya Medical Centre,SEL,Selangor,Elite Membership,Private Hospital,"JCI, MSQH","English, Malay, Mandarin",https://subangjayamedicalcentre.com/patient-care/international-patient-care,https://subangjayamedicalcentre.com/,Rehabilitation Medicine,3.0796503,101.5940275
903,Subang Jaya Medical Centre,SEL,Selangor,Elite Membership,Private Hospital,"JCI, MSQH","English, Malay, Mandarin",https://subangjayamedicalcentre.com/patient-care/international-patient-care,https://subangjayamedicalcentre.com/,Respiratory Medicine,3.0796503,101.5940275
904,Subang Jaya Medical Centre,SEL,Selangor,Elite Membership,Private Hospital,"JCI, MSQH","English, Malay, Mandarin",https://subangjayamedicalcentre.com/patient-care/international-patient-care,https://subangjayamedicalcentre.com/,Rheumatology,3.0796503,101.5940275
905,Subang Jaya Medical Centre,SEL,Selangor,Elite Membership,Private Hospital,"JCI, MSQH","English, Malay, Mandarin",https://subangjayamedicalcentre.com/patient-care/international-patient-care,https://subangjayamedicalcentre.com/,Robotics Surgery,3.0796503,101.5940275
906,Subang Jaya Medical Centre,SEL,Selangor,Elite Membership,Private Hospital,"JCI, MSQH","English, Malay, Mandarin",https://subangjayamedicalcentre.com/patient-care/international-patient-care,https://subangjayamedicalcentre.com/,Spine Surgery,3.0796503,101.5940275
907,Subang Jaya Medical Centre,SEL,Selangor,Elite Membership,Private Hospital,"JCI, MSQH","English, Malay, Mandarin",https://subangjayamedicalcentre.com/patient-care/international-patient-care,https://subangjayamedicalcentre.com/,Urogynaecology,3.0796503,101.5940275
908,Subang Jaya Medical Centre,SEL,Selangor,Elite Membership,Private Hospital,"JCI, MSQH","English, Malay, Mandarin",https://subangjayamedicalcentre.com/patient-care/international-patient-care,https://subangjayamedicalcentre.com/,Urology,3.0796503,101.5940275
909,Subang Jaya Medical Centre,SEL,Selangor,Elite Membership,Private Hospital,"JCI, MSQH","English, Malay, Mandarin",https://subangjayamedicalcentre.com/patient-care/international-patient-care,https://subangjayamedicalcentre.com/,Vascular Surgery,3.0796503,101.5940275
910,Sri Kota Specialist Medical Centre,SEL,Selangor,Ordinary Member,Private Hospital,MSQH,"English, Malay",offered,https://srikotamedical.com/,Advance Trauma,3.0402437,101.445625
911,Sri Kota Specialist Medical Centre,SEL,Selangor,Ordinary Member,Private Hospital,MSQH,"English, Malay",offered,https://srikotamedical.com/,Anaethesiology,3.0402437,101.445625
912,Sri Kota Specialist Medical Centre,SEL,Selangor,Ordinary Member,Private Hospital,MSQH,"English, Malay",offered,https://srikotamedical.com/,Cardiology,3.0402437,101.445625
913,Sri Kota Specialist Medical Centre,SEL,Selangor,Ordinary Member,Private Hospital,MSQH,"English, Malay",offered,https://srikotamedical.com/,Cardiothoracic Surgery,3.0402437,101.445625
914,Sri Kota Specialist Medical Centre,SEL,Selangor,Ordinary Member,Private Hospital,MSQH,"English, Malay",offered,https://srikotamedical.com/,Clinical Oncology (Cancer),3.0402437,101.445625
915,Sri Kota Specialist Medical Centre,SEL,Selangor,Ordinary Member,Private Hospital,MSQH,"English, Malay",offered,https://srikotamedical.com/,Dermatology,3.0402437,101.445625
916,Sri Kota Specialist Medical Centre,SEL,Selangor,Ordinary Member,Private Hospital,MSQH,"English, Malay",offered,https://srikotamedical.com/,"Diagnostic Imaging (X-ray, CT, MRI & Mammogram)",3.0402437,101.445625
917,Sri Kota Specialist Medical Centre,SEL,Selangor,Ordinary Member,Private Hospital,MSQH,"English, Malay",offered,https://srikotamedical.com/,E.N.T./Head & Neck Surgery,3.0402437,101.445625
918,Sri Kota Specialist Medical Centre,SEL,Selangor,Ordinary Member,Private Hospital,MSQH,"English, Malay",offered,https://srikotamedical.com/,Emergency Medicine,3.0402437,101.445625
919,Sri Kota Specialist Medical Centre,SEL,Selangor,Ordinary Member,Private Hospital,MSQH,"English, Malay",offered,https://srikotamedical.com/,Endocrinology,3.0402437,101.445625
920,Sri Kota Specialist Medical Centre,SEL,Selangor,Ordinary Member,Private Hospital,MSQH,"English, Malay",offered,https://srikotamedical.com/,Fertility / Reproductive Medicine,3.0402437,101.445625
921,Sri Kota Specialist Medical Centre,SEL,Selangor,Ordinary Member,Private Hospital,MSQH,"English, Malay",offered,https://srikotamedical.com/,Foot & Ankle Surgery,3.0402437,101.445625
922,Sri Kota Specialist Medical Centre,SEL,Selangor,Ordinary Member,Private Hospital,MSQH,"English, Malay",offered,https://srikotamedical.com/,Gastroenterology & Hepatology,3.0402437,101.445625
923,Sri Kota Specialist Medical Centre,SEL,Selangor,Ordinary Member,Private Hospital,MSQH,"English, Malay",offered,https://srikotamedical.com/,General & Colo-rectal Surgery,3.0402437,101.445625
924,Sri Kota Specialist Medical Centre,SEL,Selangor,Ordinary Member,Private Hospital,MSQH,"English, Malay",offered,https://srikotamedical.com/,General Surgery,3.0402437,101.445625
925,Sri Kota Specialist Medical Centre,SEL,Selangor,Ordinary Member,Private Hospital,MSQH,"English, Malay",offered,https://srikotamedical.com/,Geriatrics Medicine,3.0402437,101.445625
926,Sri Kota Specialist Medical Centre,SEL,Selangor,Ordinary Member,Private Hospital,MSQH,"English, Malay",offered,https://srikotamedical.com/,Haematology,3.0402437,101.445625
927,Sri Kota Specialist Medical Centre,SEL,Selangor,Ordinary Member,Private Hospital,MSQH,"English, Malay",offered,https://srikotamedical.com/,"Hand, Upper Limb & Microsurgery",3.0402437,101.445625
928,Sri Kota Specialist Medical Centre,SEL,Selangor,Ordinary Member,Private Hospital,MSQH,"English, Malay",offered,https://srikotamedical.com/,Internal Medicine,3.0402437,101.445625
929,Sri Kota Specialist Medical Centre,SEL,Selangor,Ordinary Member,Private Hospital,MSQH,"English, Malay",offered,https://srikotamedical.com/,Interventional Radiology,3.0402437,101.445625
930,Sri Kota Specialist Medical Centre,SEL,Selangor,Ordinary Member,Private Hospital,MSQH,"English, Malay",offered,https://srikotamedical.com/,Medical Microbiology,3.0402437,101.445625
931,Sri Kota Specialist Medical Centre,SEL,Selangor,Ordinary Member,Private Hospital,MSQH,"English, Malay",offered,https://srikotamedical.com/,Medical Officer,3.0402437,101.445625
932,Sri Kota Specialist Medical Centre,SEL,Selangor,Ordinary Member,Private Hospital,MSQH,"English, Malay",offered,https://srikotamedical.com/,Nephrology,3.0402437,101.445625
933,Sri Kota Specialist Medical Centre,SEL,Selangor,Ordinary Member,Private Hospital,MSQH,"English, Malay",offered,https://srikotamedical.com/,Neuro Surgery,3.0402437,101.445625
934,Sri Kota Specialist Medical Centre,SEL,Selangor,Ordinary Member,Private Hospital,MSQH,"English, Malay",offered,https://srikotamedical.com/,Neurology,3.0402437,101.445625
935,Sri Kota Specialist Medical Centre,SEL,Selangor,Ordinary Member,Private Hospital,MSQH,"English, Malay",offered,https://srikotamedical.com/,Neuroradiology,3.0402437,101.445625
936,Sri Kota Specialist Medical Centre,SEL,Selangor,Ordinary Member,Private Hospital,MSQH,"English, Malay",offered,https://srikotamedical.com/,Obstetrics & Gynaecology,3.0402437,101.445625
937,Sri Kota Specialist Medical Centre,SEL,Selangor,Ordinary Member,Private Hospital,MSQH,"English, Malay",offered,https://srikotamedical.com/,Ophthalmology,3.0402437,101.445625
938,Sri Kota Specialist Medical Centre,SEL,Selangor,Ordinary Member,Private Hospital,MSQH,"English, Malay",offered,https://srikotamedical.com/,Oral & Maxillofacial Surgery,3.0402437,101.445625
939,Sri Kota Specialist Medical Centre,SEL,Selangor,Ordinary Member,Private Hospital,MSQH,"English, Malay",offered,https://srikotamedical.com/,Orthopaedic,3.0402437,101.445625
940,Sri Kota Specialist Medical Centre,SEL,Selangor,Ordinary Member,Private Hospital,MSQH,"English, Malay",offered,https://srikotamedical.com/,Paediatrics,3.0402437,101.445625
941,Sri Kota Specialist Medical Centre,SEL,Selangor,Ordinary Member,Private Hospital,MSQH,"English, Malay",offered,https://srikotamedical.com/,Palliative Care,3.0402437,101.445625
942,Sri Kota Specialist Medical Centre,SEL,Selangor,Ordinary Member,Private Hospital,MSQH,"English, Malay",offered,https://srikotamedical.com/,Pathology,3.0402437,101.445625
943,Sri Kota Specialist Medical Centre,SEL,Selangor,Ordinary Member,Private Hospital,MSQH,"English, Malay",offered,https://srikotamedical.com/,Plastic Surgery,3.0402437,101.445625
944,Sri Kota Specialist Medical Centre,SEL,Selangor,Ordinary Member,Private Hospital,MSQH,"English, Malay",offered,https://srikotamedical.com/,Psychiatry (Mental Health),3.0402437,101.445625
945,Sri Kota Specialist Medical Centre,SEL,Selangor,Ordinary Member,Private Hospital,MSQH,"English, Malay",offered,https://srikotamedical.com/,Radiology,3.0402437,101.445625
946,Sri Kota Specialist Medical Centre,SEL,Selangor,Ordinary Member,Private Hospital,MSQH,"English, Malay",offered,https://srikotamedical.com/,Respiratory Medicine,3.0402437,101.445625
947,Sri Kota Specialist Medical Centre,SEL,Selangor,Ordinary Member,Private Hospital,MSQH,"English, Malay",offered,https://srikotamedical.com/,Rheumatology,3.0402437,101.445625
948,Sri Kota Specialist Medical Centre,SEL,Selangor,Ordinary Member,Private Hospital,MSQH,"English, Malay",offered,https://srikotamedical.com/,Spine & Trauma,3.0402437,101.445625
949,Sri Kota Specialist Medical Centre,SEL,Selangor,Ordinary Member,Private Hospital,MSQH,"English, Malay",offered,https://srikotamedical.com/,Sports Medicine,3.0402437,101.445625
950,Sri Kota Specialist Medical Centre,SEL,Selangor,Ordinary Member,Private Hospital,MSQH,"English, Malay",offered,https://srikotamedical.com/,Transfusion Medicine,3.0402437,101.445625
951,Sri Kota Specialist Medical Centre,SEL,Selangor,Ordinary Member,Private Hospital,MSQH,"English, Malay",offered,https://srikotamedical.com/,Trauma & Sports Surgery,3.0402437,101.445625
952,Sri Kota Specialist Medical Centre,SEL,Selangor,Ordinary Member,Private Hospital,MSQH,"English, Malay",offered,https://srikotamedical.com/,Urology,3.0402437,101.445625
953,Sri Kota Specialist Medical Centre,SEL,Selangor,Ordinary Member,Private Hospital,MSQH,"English, Malay",offered,https://srikotamedical.com/,Vascular Surgery,3.0402437,101.445625
954,Regency Specialist Hospital,JH,Johor,Elite Membership,Private Hospital,MSQH,"English, Malay",https://www.regencyspecialist.com/services/international-patients,https://www.regencyspecialist.com/,Anaesthesiology & Critical Care,1.4980652,103.8726088
955,Regency Specialist Hospital,JH,Johor,Elite Membership,Private Hospital,MSQH,"English, Malay",https://www.regencyspecialist.com/services/international-patients,https://www.regencyspecialist.com/,Cardiology,1.4980652,103.8726088
956,Regency Specialist Hospital,JH,Johor,Elite Membership,Private Hospital,MSQH,"English, Malay",https://www.regencyspecialist.com/services/international-patients,https://www.regencyspecialist.com/,Cardiothoracic Surgery,1.4980652,103.8726088
957,Regency Specialist Hospital,JH,Johor,Elite Membership,Private Hospital,MSQH,"English, Malay",https://www.regencyspecialist.com/services/international-patients,https://www.regencyspecialist.com/,"Ear, Nose & Throat (ENT), Head & Neck Surgery",1.4980652,103.8726088
958,Regency Specialist Hospital,JH,Johor,Elite Membership,Private Hospital,MSQH,"English, Malay",https://www.regencyspecialist.com/services/international-patients,https://www.regencyspecialist.com/,Emergency Medicine,1.4980652,103.8726088
959,Regency Specialist Hospital,JH,Johor,Elite Membership,Private Hospital,MSQH,"English, Malay",https://www.regencyspecialist.com/services/international-patients,https://www.regencyspecialist.com/,Gastroenterology & Hepatology,1.4980652,103.8726088
960,Regency Specialist Hospital,JH,Johor,Elite Membership,Private Hospital,MSQH,"English, Malay",https://www.regencyspecialist.com/services/international-patients,https://www.regencyspecialist.com/,General Surgery,1.4980652,103.8726088
961,Regency Specialist Hospital,JH,Johor,Elite Membership,Private Hospital,MSQH,"English, Malay",https://www.regencyspecialist.com/services/international-patients,https://www.regencyspecialist.com/,Gynaecological - Oncology,1.4980652,103.8726088
962,Regency Specialist Hospital,JH,Johor,Elite Membership,Private Hospital,MSQH,"English, Malay",https://www.regencyspecialist.com/services/international-patients,https://www.regencyspecialist.com/,Internal Medicine,1.4980652,103.8726088
963,Regency Specialist Hospital,JH,Johor,Elite Membership,Private Hospital,MSQH,"English, Malay",https://www.regencyspecialist.com/services/international-patients,https://www.regencyspecialist.com/,Medical Oncology,1.4980652,103.8726088
964,Regency Specialist Hospital,JH,Johor,Elite Membership,Private Hospital,MSQH,"English, Malay",https://www.regencyspecialist.com/services/international-patients,https://www.regencyspecialist.com/,Nephrology,1.4980652,103.8726088
965,Regency Specialist Hospital,JH,Johor,Elite Membership,Private Hospital,MSQH,"English, Malay",https://www.regencyspecialist.com/services/international-patients,https://www.regencyspecialist.com/,Neurology,1.4980652,103.8726088
966,Regency Specialist Hospital,JH,Johor,Elite Membership,Private Hospital,MSQH,"English, Malay",https://www.regencyspecialist.com/services/international-patients,https://www.regencyspecialist.com/,Neurosurgery,1.4980652,103.8726088
967,Regency Specialist Hospital,JH,Johor,Elite Membership,Private Hospital,MSQH,"English, Malay",https://www.regencyspecialist.com/services/international-patients,https://www.regencyspecialist.com/,Obstetrics & Gynaecology,1.4980652,103.8726088
968,Regency Specialist Hospital,JH,Johor,Elite Membership,Private Hospital,MSQH,"English, Malay",https://www.regencyspecialist.com/services/international-patients,https://www.regencyspecialist.com/,Ophthalmology,1.4980652,103.8726088
969,Regency Specialist Hospital,JH,Johor,Elite Membership,Private Hospital,MSQH,"English, Malay",https://www.regencyspecialist.com/services/international-patients,https://www.regencyspecialist.com/,Orthopaedic & Trauma Surgery,1.4980652,103.8726088
970,Regency Specialist Hospital,JH,Johor,Elite Membership,Private Hospital,MSQH,"English, Malay",https://www.regencyspecialist.com/services/international-patients,https://www.regencyspecialist.com/,Paediatrics & Neonatology,1.4980652,103.8726088
971,Regency Specialist Hospital,JH,Johor,Elite Membership,Private Hospital,MSQH,"English, Malay",https://www.regencyspecialist.com/services/international-patients,https://www.regencyspecialist.com/,Psychiatry,1.4980652,103.8726088
972,Regency Specialist Hospital,JH,Johor,Elite Membership,Private Hospital,MSQH,"English, Malay",https://www.regencyspecialist.com/services/international-patients,https://www.regencyspecialist.com/,Radiology and Interventional Radiology,1.4980652,103.8726088
973,Regency Specialist Hospital,JH,Johor,Elite Membership,Private Hospital,MSQH,"English, Malay",https://www.regencyspecialist.com/services/international-patients,https://www.regencyspecialist.com/,Respiratory Medicine,1.4980652,103.8726088
974,Regency Specialist Hospital,JH,Johor,Elite Membership,Private Hospital,MSQH,"English, Malay",https://www.regencyspecialist.com/services/international-patients,https://www.regencyspecialist.com/,Rheumatology,1.4980652,103.8726088
975,Regency Specialist Hospital,JH,Johor,Elite Membership,Private Hospital,MSQH,"English, Malay",https://www.regencyspecialist.com/services/international-patients,https://www.regencyspecialist.com/,Upper Gastrointestinal & Bariatric Surgery,1.4980652,103.8726088
976,Regency Specialist Hospital,JH,Johor,Elite Membership,Private Hospital,MSQH,"English, Malay",https://www.regencyspecialist.com/services/international-patients,https://www.regencyspecialist.com/,Urology,1.4980652,103.8726088
977,Putra Specialist Hospital (Melaka),MK,Melaka,Ordinary Member,Private Hospital,MSQH,"English, Malay",https://putrahospitalmelaka.com/international-patient-guide/,https://putrahospitalmelaka.com/,Anaesthesiology & Intensive Care,2.2018659,102.2526332
978,Putra Specialist Hospital (Melaka),MK,Melaka,Ordinary Member,Private Hospital,MSQH,"English, Malay",https://putrahospitalmelaka.com/international-patient-guide/,https://putrahospitalmelaka.com/,Cardiothoracic Surgery,2.2018659,102.2526332
979,Putra Specialist Hospital (Melaka),MK,Melaka,Ordinary Member,Private Hospital,MSQH,"English, Malay",https://putrahospitalmelaka.com/international-patient-guide/,https://putrahospitalmelaka.com/,Dental,2.2018659,102.2526332
980,Putra Specialist Hospital (Melaka),MK,Melaka,Ordinary Member,Private Hospital,MSQH,"English, Malay",https://putrahospitalmelaka.com/international-patient-guide/,https://putrahospitalmelaka.com/,Emergency Physician,2.2018659,102.2526332
981,Putra Specialist Hospital (Melaka),MK,Melaka,Ordinary Member,Private Hospital,MSQH,"English, Malay",https://putrahospitalmelaka.com/international-patient-guide/,https://putrahospitalmelaka.com/,Emergency Services,2.2018659,102.2526332
982,Putra Specialist Hospital (Melaka),MK,Melaka,Ordinary Member,Private Hospital,MSQH,"English, Malay",https://putrahospitalmelaka.com/international-patient-guide/,https://putrahospitalmelaka.com/,"ENT (Ear, Nose, Throat), Head & Neck Surgery",2.2018659,102.2526332
983,Putra Specialist Hospital (Melaka),MK,Melaka,Ordinary Member,Private Hospital,MSQH,"English, Malay",https://putrahospitalmelaka.com/international-patient-guide/,https://putrahospitalmelaka.com/,General Surgery,2.2018659,102.2526332
984,Putra Specialist Hospital (Melaka),MK,Melaka,Ordinary Member,Private Hospital,MSQH,"English, Malay",https://putrahospitalmelaka.com/international-patient-guide/,https://putrahospitalmelaka.com/,Internal Medicine,2.2018659,102.2526332
985,Putra Specialist Hospital (Melaka),MK,Melaka,Ordinary Member,Private Hospital,MSQH,"English, Malay",https://putrahospitalmelaka.com/international-patient-guide/,https://putrahospitalmelaka.com/,Internal Medicine & Cardiology,2.2018659,102.2526332
986,Putra Specialist Hospital (Melaka),MK,Melaka,Ordinary Member,Private Hospital,MSQH,"English, Malay",https://putrahospitalmelaka.com/international-patient-guide/,https://putrahospitalmelaka.com/,Internal Medicine & Gastroenterology,2.2018659,102.2526332
987,Putra Specialist Hospital (Melaka),MK,Melaka,Ordinary Member,Private Hospital,MSQH,"English, Malay",https://putrahospitalmelaka.com/international-patient-guide/,https://putrahospitalmelaka.com/,Internal Medicine & Nephrology,2.2018659,102.2526332
988,Putra Specialist Hospital (Melaka),MK,Melaka,Ordinary Member,Private Hospital,MSQH,"English, Malay",https://putrahospitalmelaka.com/international-patient-guide/,https://putrahospitalmelaka.com/,Internal Medicine & Neurology,2.2018659,102.2526332
989,Putra Specialist Hospital (Melaka),MK,Melaka,Ordinary Member,Private Hospital,MSQH,"English, Malay",https://putrahospitalmelaka.com/international-patient-guide/,https://putrahospitalmelaka.com/,Neurosurgery,2.2018659,102.2526332
990,Putra Specialist Hospital (Melaka),MK,Melaka,Ordinary Member,Private Hospital,MSQH,"English, Malay",https://putrahospitalmelaka.com/international-patient-guide/,https://putrahospitalmelaka.com/,Obstetrics & Gynaecology,2.2018659,102.2526332
991,Putra Specialist Hospital (Melaka),MK,Melaka,Ordinary Member,Private Hospital,MSQH,"English, Malay",https://putrahospitalmelaka.com/international-patient-guide/,https://putrahospitalmelaka.com/,Oncology,2.2018659,102.2526332
992,Putra Specialist Hospital (Melaka),MK,Melaka,Ordinary Member,Private Hospital,MSQH,"English, Malay",https://putrahospitalmelaka.com/international-patient-guide/,https://putrahospitalmelaka.com/,Ophthalmology,2.2018659,102.2526332
993,Putra Specialist Hospital (Melaka),MK,Melaka,Ordinary Member,Private Hospital,MSQH,"English, Malay",https://putrahospitalmelaka.com/international-patient-guide/,https://putrahospitalmelaka.com/,Oral & Maxillofacial,2.2018659,102.2526332
994,Putra Specialist Hospital (Melaka),MK,Melaka,Ordinary Member,Private Hospital,MSQH,"English, Malay",https://putrahospitalmelaka.com/international-patient-guide/,https://putrahospitalmelaka.com/,Orthopedic & Trauma,2.2018659,102.2526332
995,Putra Specialist Hospital (Melaka),MK,Melaka,Ordinary Member,Private Hospital,MSQH,"English, Malay",https://putrahospitalmelaka.com/international-patient-guide/,https://putrahospitalmelaka.com/,Paediatrics,2.2018659,102.2526332
996,Putra Specialist Hospital (Melaka),MK,Melaka,Ordinary Member,Private Hospital,MSQH,"English, Malay",https://putrahospitalmelaka.com/international-patient-guide/,https://putrahospitalmelaka.com/,Physician,2.2018659,102.2526332
997,Putra Specialist Hospital (Melaka),MK,Melaka,Ordinary Member,Private Hospital,MSQH,"English, Malay",https://putrahospitalmelaka.com/international-patient-guide/,https://putrahospitalmelaka.com/,Psychiatry,2.2018659,102.2526332
998,Putra Specialist Hospital (Melaka),MK,Melaka,Ordinary Member,Private Hospital,MSQH,"English, Malay",https://putrahospitalmelaka.com/international-patient-guide/,https://putrahospitalmelaka.com/,Radiology,2.2018659,102.2526332
999,Putra Specialist Hospital (Melaka),MK,Melaka,Ordinary Member,Private Hospital,MSQH,"English, Malay",https://putrahospitalmelaka.com/international-patient-guide/,https://putrahospitalmelaka.com/,Sport Medicine,2.2018659,102.2526332
1000,Putra Specialist Hospital (Melaka),MK,Melaka,Ordinary Member,Private Hospital,MSQH,"English, Malay",https://putrahospitalmelaka.com/international-patient-guide/,https://putrahospitalmelaka.com/,Urology,2.2018659,102.2526332
1001,Puteri Specialist Hospital,JH,Johor,Ordinary Member,Private Hospital,MSQH,"English, Malay",offered,https://kpjhealth.com.my/puteri,Emergency Medicine,1.4906273,103.7420823
1002,Puteri Specialist Hospital,JH,Johor,Ordinary Member,Private Hospital,MSQH,"English, Malay",offered,https://kpjhealth.com.my/puteri,General Surgery,1.4906273,103.7420823
1003,Puteri Specialist Hospital,JH,Johor,Ordinary Member,Private Hospital,MSQH,"English, Malay",offered,https://kpjhealth.com.my/puteri,Orthopaedic and Trauma Surgery,1.4906273,103.7420823
1004,Puteri Specialist Hospital,JH,Johor,Ordinary Member,Private Hospital,MSQH,"English, Malay",offered,https://kpjhealth.com.my/puteri,Thoracic Surgery,1.4906273,103.7420823
1005,Puteri Specialist Hospital,JH,Johor,Ordinary Member,Private Hospital,MSQH,"English, Malay",offered,https://kpjhealth.com.my/puteri,Urology,1.4906273,103.7420823
1006,Puteri Specialist Hospital,JH,Johor,Ordinary Member,Private Hospital,MSQH,"English, Malay",offered,https://kpjhealth.com.my/puteri,Obstetrics and Gynaecology,1.4906273,103.7420823
1007,Puteri Specialist Hospital,JH,Johor,Ordinary Member,Private Hospital,MSQH,"English, Malay",offered,https://kpjhealth.com.my/puteri,Paediatrics,1.4906273,103.7420823
1008,Puteri Specialist Hospital,JH,Johor,Ordinary Member,Private Hospital,MSQH,"English, Malay",offered,https://kpjhealth.com.my/puteri,Neonatology,1.4906273,103.7420823
1009,Puteri Specialist Hospital,JH,Johor,Ordinary Member,Private Hospital,MSQH,"English, Malay",offered,https://kpjhealth.com.my/puteri,Nephrology,1.4906273,103.7420823
1010,Puteri Specialist Hospital,JH,Johor,Ordinary Member,Private Hospital,MSQH,"English, Malay",offered,https://kpjhealth.com.my/puteri,Neurology,1.4906273,103.7420823
1011,Puteri Specialist Hospital,JH,Johor,Ordinary Member,Private Hospital,MSQH,"English, Malay",offered,https://kpjhealth.com.my/puteri,Cardiology,1.4906273,103.7420823
1012,Puteri Specialist Hospital,JH,Johor,Ordinary Member,Private Hospital,MSQH,"English, Malay",offered,https://kpjhealth.com.my/puteri,Physiotherapy,1.4906273,103.7420823
1013,Puteri Specialist Hospital,JH,Johor,Ordinary Member,Private Hospital,MSQH,"English, Malay",offered,https://kpjhealth.com.my/puteri,Audiology,1.4906273,103.7420823
1014,Puteri Specialist Hospital,JH,Johor,Ordinary Member,Private Hospital,MSQH,"English, Malay",offered,https://kpjhealth.com.my/puteri,Rehabilitation,1.4906273,103.7420823
1015,Puteri Specialist Hospital,JH,Johor,Ordinary Member,Private Hospital,MSQH,"English, Malay",offered,https://kpjhealth.com.my/puteri,Diagnostic Imaging,1.4906273,103.7420823
1016,Puteri Specialist Hospital,JH,Johor,Ordinary Member,Private Hospital,MSQH,"English, Malay",offered,https://kpjhealth.com.my/puteri,Ophthalmology,1.4906273,103.7420823
1017,Puteri Specialist Hospital,JH,Johor,Ordinary Member,Private Hospital,MSQH,"English, Malay",offered,https://kpjhealth.com.my/puteri,Gastroenterology & Hepatology,1.4906273,103.7420823
1018,Puteri Specialist Hospital,JH,Johor,Ordinary Member,Private Hospital,MSQH,"English, Malay",offered,https://kpjhealth.com.my/puteri,General Medicine,1.4906273,103.7420823
1019,Puteri Specialist Hospital,JH,Johor,Ordinary Member,Private Hospital,MSQH,"English, Malay",offered,https://kpjhealth.com.my/puteri,"Ear, Nose & Throat / Otorhinolaryngology",1.4906273,103.7420823
1020,Puteri Specialist Hospital,JH,Johor,Ordinary Member,Private Hospital,MSQH,"English, Malay",offered,https://kpjhealth.com.my/puteri,Dermatology & Allergy,1.4906273,103.7420823
1021,Puteri Specialist Hospital,JH,Johor,Ordinary Member,Private Hospital,MSQH,"English, Malay",offered,https://kpjhealth.com.my/puteri,Plastic & Reconstructive Surgery,1.4906273,103.7420823
1022,Puteri Specialist Hospital,JH,Johor,Ordinary Member,Private Hospital,MSQH,"English, Malay",offered,https://kpjhealth.com.my/puteri,Stroke Care Centre,1.4906273,103.7420823
1023,Pantai Hospital Penang,PN,Penang,Ordinary Member,Private Hospital,MSQH,"English, Malay",https://www.ihhmalaysia-international.com/pantai/penang,https://www.pantai.com.my/penang,Orthopaedic Surgery,5.3212537,100.2822125
1024,Pantai Hospital Penang,PN,Penang,Ordinary Member,Private Hospital,MSQH,"English, Malay",https://www.ihhmalaysia-international.com/pantai/penang,https://www.pantai.com.my/penang,Neurology and Neurosurgery,5.3212537,100.2822125
1025,Pantai Hospital Penang,PN,Penang,Ordinary Member,Private Hospital,MSQH,"English, Malay",https://www.ihhmalaysia-international.com/pantai/penang,https://www.pantai.com.my/penang,Oncology,5.3212537,100.2822125
1026,Pantai Hospital Penang,PN,Penang,Ordinary Member,Private Hospital,MSQH,"English, Malay",https://www.ihhmalaysia-international.com/pantai/penang,https://www.pantai.com.my/penang,Paediatric,5.3212537,100.2822125
1027,Pantai Hospital Penang,PN,Penang,Ordinary Member,Private Hospital,MSQH,"English, Malay",https://www.ihhmalaysia-international.com/pantai/penang,https://www.pantai.com.my/penang,Gastroenterology,5.3212537,100.2822125
1028,Pantai Hospital Penang,PN,Penang,Ordinary Member,Private Hospital,MSQH,"English, Malay",https://www.ihhmalaysia-international.com/pantai/penang,https://www.pantai.com.my/penang,ENT,5.3212537,100.2822125
1029,Pantai Hospital Penang,PN,Penang,Ordinary Member,Private Hospital,MSQH,"English, Malay",https://www.ihhmalaysia-international.com/pantai/penang,https://www.pantai.com.my/penang,Ophthalmology,5.3212537,100.2822125
1030,Pantai Hospital Penang,PN,Penang,Ordinary Member,Private Hospital,MSQH,"English, Malay",https://www.ihhmalaysia-international.com/pantai/penang,https://www.pantai.com.my/penang,General Surgery,5.3212537,100.2822125
1031,Pantai Hospital Penang,PN,Penang,Ordinary Member,Private Hospital,MSQH,"English, Malay",https://www.ihhmalaysia-international.com/pantai/penang,https://www.pantai.com.my/penang,Cardiology,5.3212537,100.2822125
1032,Pantai Hospital Penang,PN,Penang,Ordinary Member,Private Hospital,MSQH,"English, Malay",https://www.ihhmalaysia-international.com/pantai/penang,https://www.pantai.com.my/penang,Cardiothoracic Surgery,5.3212537,100.2822125
1033,Pantai Hospital Penang,PN,Penang,Ordinary Member,Private Hospital,MSQH,"English, Malay",https://www.ihhmalaysia-international.com/pantai/penang,https://www.pantai.com.my/penang,Obstetrics and Gynaecology,5.3212537,100.2822125
1034,Pantai Hospital Penang,PN,Penang,Ordinary Member,Private Hospital,MSQH,"English, Malay",https://www.ihhmalaysia-international.com/pantai/penang,https://www.pantai.com.my/penang,Renal Medicine,5.3212537,100.2822125
1035,Pantai Hospital Penang,PN,Penang,Ordinary Member,Private Hospital,MSQH,"English, Malay",https://www.ihhmalaysia-international.com/pantai/penang,https://www.pantai.com.my/penang,Urology,5.3212537,100.2822125
1036,Pantai Hospital Penang,PN,Penang,Ordinary Member,Private Hospital,MSQH,"English, Malay",https://www.ihhmalaysia-international.com/pantai/penang,https://www.pantai.com.my/penang,Dentistry,5.3212537,100.2822125
1037,Pantai Hospital Penang,PN,Penang,Ordinary Member,Private Hospital,MSQH,"English, Malay",https://www.ihhmalaysia-international.com/pantai/penang,https://www.pantai.com.my/penang,Interventional Radiology,5.3212537,100.2822125
1038,Pantai Hospital Penang,PN,Penang,Ordinary Member,Private Hospital,MSQH,"English, Malay",https://www.ihhmalaysia-international.com/pantai/penang,https://www.pantai.com.my/penang,Stroke Centre,5.3212537,100.2822125
1039,Pantai Hospital Melaka,MK,Melaka,Ordinary Member,Private Hospital,MSQH,"English, Malay",https://www.ihhmalaysia-international.com/pantai/melaka,https://www.pantai.com.my/melaka,Cardiology,2.2373565,102.2872978
1040,Pantai Hospital Melaka,MK,Melaka,Ordinary Member,Private Hospital,MSQH,"English, Malay",https://www.ihhmalaysia-international.com/pantai/melaka,https://www.pantai.com.my/melaka,Cardiothoracic Surgery,2.2373565,102.2872978
1041,Pantai Hospital Melaka,MK,Melaka,Ordinary Member,Private Hospital,MSQH,"English, Malay",https://www.ihhmalaysia-international.com/pantai/melaka,https://www.pantai.com.my/melaka,Oncology,2.2373565,102.2872978
1042,Pantai Hospital Melaka,MK,Melaka,Ordinary Member,Private Hospital,MSQH,"English, Malay",https://www.ihhmalaysia-international.com/pantai/melaka,https://www.pantai.com.my/melaka,Ophthalmology,2.2373565,102.2872978
1043,Pantai Hospital Melaka,MK,Melaka,Ordinary Member,Private Hospital,MSQH,"English, Malay",https://www.ihhmalaysia-international.com/pantai/melaka,https://www.pantai.com.my/melaka,Orthopaedics,2.2373565,102.2872978
1044,Pantai Hospital Melaka,MK,Melaka,Ordinary Member,Private Hospital,MSQH,"English, Malay",https://www.ihhmalaysia-international.com/pantai/melaka,https://www.pantai.com.my/melaka,ENT,2.2373565,102.2872978
1045,Pantai Hospital Melaka,MK,Melaka,Ordinary Member,Private Hospital,MSQH,"English, Malay",https://www.ihhmalaysia-international.com/pantai/melaka,https://www.pantai.com.my/melaka,Neurology & Neurosurgery,2.2373565,102.2872978
1046,Pantai Hospital Melaka,MK,Melaka,Ordinary Member,Private Hospital,MSQH,"English, Malay",https://www.ihhmalaysia-international.com/pantai/melaka,https://www.pantai.com.my/melaka,Obstetrics & Gynaecology,2.2373565,102.2872978
1047,Pantai Hospital Melaka,MK,Melaka,Ordinary Member,Private Hospital,MSQH,"English, Malay",https://www.ihhmalaysia-international.com/pantai/melaka,https://www.pantai.com.my/melaka,Paediatrics,2.2373565,102.2872978
1048,Pantai Hospital Melaka,MK,Melaka,Ordinary Member,Private Hospital,MSQH,"English, Malay",https://www.ihhmalaysia-international.com/pantai/melaka,https://www.pantai.com.my/melaka,Geriatric Medicine,2.2373565,102.2872978
1049,Pantai Hospital Melaka,MK,Melaka,Ordinary Member,Private Hospital,MSQH,"English, Malay",https://www.ihhmalaysia-international.com/pantai/melaka,https://www.pantai.com.my/melaka,General Surgery,2.2373565,102.2872978
1050,Pantai Hospital Melaka,MK,Melaka,Ordinary Member,Private Hospital,MSQH,"English, Malay",https://www.ihhmalaysia-international.com/pantai/melaka,https://www.pantai.com.my/melaka,Renal Medicine,2.2373565,102.2872978
1051,Pantai Hospital Melaka,MK,Melaka,Ordinary Member,Private Hospital,MSQH,"English, Malay",https://www.ihhmalaysia-international.com/pantai/melaka,https://www.pantai.com.my/melaka,Urology,2.2373565,102.2872978
1052,Pantai Hospital Melaka,MK,Melaka,Ordinary Member,Private Hospital,MSQH,"English, Malay",https://www.ihhmalaysia-international.com/pantai/melaka,https://www.pantai.com.my/melaka,Dermatology,2.2373565,102.2872978
1053,Pantai Hospital Melaka,MK,Melaka,Ordinary Member,Private Hospital,MSQH,"English, Malay",https://www.ihhmalaysia-international.com/pantai/melaka,https://www.pantai.com.my/melaka,Psychiatry,2.2373565,102.2872978
1054,Pantai Hospital Melaka,MK,Melaka,Ordinary Member,Private Hospital,MSQH,"English, Malay",https://www.ihhmalaysia-international.com/pantai/melaka,https://www.pantai.com.my/melaka,Respiratory Medicine,2.2373565,102.2872978
1055,Pantai Hospital Melaka,MK,Melaka,Ordinary Member,Private Hospital,MSQH,"English, Malay",https://www.ihhmalaysia-international.com/pantai/melaka,https://www.pantai.com.my/melaka,Dentistry,2.2373565,102.2872978
1056,Pantai Hospital Cheras,WP,Wilayah Persekutuan,Ordinary Member,Private Hospital,MSQH,"English, Malay",,https://www.pantai.com.my/cheras,Orthopaedic Surgery and Sports Medicine,3.1026212,101.7409056
1057,Pantai Hospital Cheras,WP,Wilayah Persekutuan,Ordinary Member,Private Hospital,MSQH,"English, Malay",,https://www.pantai.com.my/cheras,Neurology and Neurosurgery,3.1026212,101.7409056
1058,Pantai Hospital Cheras,WP,Wilayah Persekutuan,Ordinary Member,Private Hospital,MSQH,"English, Malay",,https://www.pantai.com.my/cheras,Endocrinology,3.1026212,101.7409056
1059,Pantai Hospital Cheras,WP,Wilayah Persekutuan,Ordinary Member,Private Hospital,MSQH,"English, Malay",,https://www.pantai.com.my/cheras,Gastroenterology and Hepatology,3.1026212,101.7409056
1060,Pantai Hospital Cheras,WP,Wilayah Persekutuan,Ordinary Member,Private Hospital,MSQH,"English, Malay",,https://www.pantai.com.my/cheras,ENT,3.1026212,101.7409056
1061,Pantai Hospital Cheras,WP,Wilayah Persekutuan,Ordinary Member,Private Hospital,MSQH,"English, Malay",,https://www.pantai.com.my/cheras,Ophthalmology,3.1026212,101.7409056
1062,Pantai Hospital Cheras,WP,Wilayah Persekutuan,Ordinary Member,Private Hospital,MSQH,"English, Malay",,https://www.pantai.com.my/cheras,General Surgery,3.1026212,101.7409056
1063,Pantai Hospital Cheras,WP,Wilayah Persekutuan,Ordinary Member,Private Hospital,MSQH,"English, Malay",,https://www.pantai.com.my/cheras,Cardiac and Vascular Surgery,3.1026212,101.7409056
1064,Pantai Hospital Cheras,WP,Wilayah Persekutuan,Ordinary Member,Private Hospital,MSQH,"English, Malay",,https://www.pantai.com.my/cheras,Maternity Care,3.1026212,101.7409056
1065,Pantai Hospital Cheras,WP,Wilayah Persekutuan,Ordinary Member,Private Hospital,MSQH,"English, Malay",,https://www.pantai.com.my/cheras,Obstetrics and Gynaecology,3.1026212,101.7409056
1066,Pantai Hospital Cheras,WP,Wilayah Persekutuan,Ordinary Member,Private Hospital,MSQH,"English, Malay",,https://www.pantai.com.my/cheras,Paediatrics,3.1026212,101.7409056
1067,Pantai Hospital Cheras,WP,Wilayah Persekutuan,Ordinary Member,Private Hospital,MSQH,"English, Malay",,https://www.pantai.com.my/cheras,Renal Medicine,3.1026212,101.7409056
1068,Pantai Hospital Cheras,WP,Wilayah Persekutuan,Ordinary Member,Private Hospital,MSQH,"English, Malay",,https://www.pantai.com.my/cheras,Pulmonology and Respiratory Medicine,3.1026212,101.7409056
1069,Pantai Hospital Cheras,WP,Wilayah Persekutuan,Ordinary Member,Private Hospital,MSQH,"English, Malay",,https://www.pantai.com.my/cheras,Urology,3.1026212,101.7409056
1070,Oriental Melaka Straits Medical Centre,MK,Melaka,Ordinary Member,Private Hospital,MSQH,"English, Malay",https://orientalmedical.com.my/international-patients/,https://www.orientalmedical.com.my,Anaesthesiology & Critical Care,2.207952,102.2139537
1071,Oriental Melaka Straits Medical Centre,MK,Melaka,Ordinary Member,Private Hospital,MSQH,"English, Malay",https://orientalmedical.com.my/international-patients/,https://www.orientalmedical.com.my,Anatomical Pathology,2.207952,102.2139537
1072,Oriental Melaka Straits Medical Centre,MK,Melaka,Ordinary Member,Private Hospital,MSQH,"English, Malay",https://orientalmedical.com.my/international-patients/,https://www.orientalmedical.com.my,Cardiology,2.207952,102.2139537
1073,Oriental Melaka Straits Medical Centre,MK,Melaka,Ordinary Member,Private Hospital,MSQH,"English, Malay",https://orientalmedical.com.my/international-patients/,https://www.orientalmedical.com.my,Cardiothoracic Surgery,2.207952,102.2139537
1074,Oriental Melaka Straits Medical Centre,MK,Melaka,Ordinary Member,Private Hospital,MSQH,"English, Malay",https://orientalmedical.com.my/international-patients/,https://www.orientalmedical.com.my,Colorectal Surgery,2.207952,102.2139537
1075,Oriental Melaka Straits Medical Centre,MK,Melaka,Ordinary Member,Private Hospital,MSQH,"English, Malay",https://orientalmedical.com.my/international-patients/,https://www.orientalmedical.com.my,Dental,2.207952,102.2139537
1076,Oriental Melaka Straits Medical Centre,MK,Melaka,Ordinary Member,Private Hospital,MSQH,"English, Malay",https://orientalmedical.com.my/international-patients/,https://www.orientalmedical.com.my,Dermatology,2.207952,102.2139537
1077,Oriental Melaka Straits Medical Centre,MK,Melaka,Ordinary Member,Private Hospital,MSQH,"English, Malay",https://orientalmedical.com.my/international-patients/,https://www.orientalmedical.com.my,"Ear, Nose, Throat (ENT), Head & Neck Surgery",2.207952,102.2139537
1078,Oriental Melaka Straits Medical Centre,MK,Melaka,Ordinary Member,Private Hospital,MSQH,"English, Malay",https://orientalmedical.com.my/international-patients/,https://www.orientalmedical.com.my,Emergency Medicine,2.207952,102.2139537
1079,Oriental Melaka Straits Medical Centre,MK,Melaka,Ordinary Member,Private Hospital,MSQH,"English, Malay",https://orientalmedical.com.my/international-patients/,https://www.orientalmedical.com.my,Gastroenterology & Hepatology,2.207952,102.2139537
1080,Oriental Melaka Straits Medical Centre,MK,Melaka,Ordinary Member,Private Hospital,MSQH,"English, Malay",https://orientalmedical.com.my/international-patients/,https://www.orientalmedical.com.my,General Surgery,2.207952,102.2139537
1081,Oriental Melaka Straits Medical Centre,MK,Melaka,Ordinary Member,Private Hospital,MSQH,"English, Malay",https://orientalmedical.com.my/international-patients/,https://www.orientalmedical.com.my,Geriatric Medicine,2.207952,102.2139537
1082,Oriental Melaka Straits Medical Centre,MK,Melaka,Ordinary Member,Private Hospital,MSQH,"English, Malay",https://orientalmedical.com.my/international-patients/,https://www.orientalmedical.com.my,Internal Medicine,2.207952,102.2139537
1083,Oriental Melaka Straits Medical Centre,MK,Melaka,Ordinary Member,Private Hospital,MSQH,"English, Malay",https://orientalmedical.com.my/international-patients/,https://www.orientalmedical.com.my,Nephrology,2.207952,102.2139537
1084,Oriental Melaka Straits Medical Centre,MK,Melaka,Ordinary Member,Private Hospital,MSQH,"English, Malay",https://orientalmedical.com.my/international-patients/,https://www.orientalmedical.com.my,Neurosurgery,2.207952,102.2139537
1085,Oriental Melaka Straits Medical Centre,MK,Melaka,Ordinary Member,Private Hospital,MSQH,"English, Malay",https://orientalmedical.com.my/international-patients/,https://www.orientalmedical.com.my,Obstetrics & Gynaecology,2.207952,102.2139537
1086,Oriental Melaka Straits Medical Centre,MK,Melaka,Ordinary Member,Private Hospital,MSQH,"English, Malay",https://orientalmedical.com.my/international-patients/,https://www.orientalmedical.com.my,Ophthalmology,2.207952,102.2139537
1087,Oriental Melaka Straits Medical Centre,MK,Melaka,Ordinary Member,Private Hospital,MSQH,"English, Malay",https://orientalmedical.com.my/international-patients/,https://www.orientalmedical.com.my,Orthopaedic Surgery,2.207952,102.2139537
1088,Oriental Melaka Straits Medical Centre,MK,Melaka,Ordinary Member,Private Hospital,MSQH,"English, Malay",https://orientalmedical.com.my/international-patients/,https://www.orientalmedical.com.my,Paediatrics,2.207952,102.2139537
1089,Oriental Melaka Straits Medical Centre,MK,Melaka,Ordinary Member,Private Hospital,MSQH,"English, Malay",https://orientalmedical.com.my/international-patients/,https://www.orientalmedical.com.my,Psychiatry,2.207952,102.2139537
1090,Oriental Melaka Straits Medical Centre,MK,Melaka,Ordinary Member,Private Hospital,MSQH,"English, Malay",https://orientalmedical.com.my/international-patients/,https://www.orientalmedical.com.my,Radiology,2.207952,102.2139537
1091,Oriental Melaka Straits Medical Centre,MK,Melaka,Ordinary Member,Private Hospital,MSQH,"English, Malay",https://orientalmedical.com.my/international-patients/,https://www.orientalmedical.com.my,Respiratory Medicine,2.207952,102.2139537
